hook_id,disposition,file_path,symbol_or_class,monitor_type,metric_names,measured_boundary,dimensions,sampling_cardinality_policy,overhead_guard,privacy_rule,optimizing_python_strategy_coverage
hook-0001,production hook,MistHelper.py,_dispatch_main_mode,operation_span,"perf.wall_ns,perf.process_cpu_ns,perf.calls_total,perf.errors_total,work.items_total",Measure the complete named operation from entry through cleanup. Correlate nested costs with cProfile.,"file,symbol,operation,status,workload_size,state",Off by default. Enable for a named operation. Sample at most 1 in 100 successful calls. Keep all failures.,Use perf_counter_ns and process_time_ns only. Buffer events. Do not time each internal function.,"Do not record tokens, credentials, request or response bodies, SQL text, file paths, MAC addresses, IP addresses, organization identifiers, site identifiers, device identifiers, or user text. Use allowlisted labels, coarse buckets, and one-way run-local correlation identifiers.",1 algorithms/repeated work; 2 I/O/sequential batching; 7 measured Python loops
hook-0002,production hook,MistHelper.py,_establish_mist_session,http_transport,"http.wall_ns,http.process_cpu_ns,http.requests_total,http.retries_total,http.pages_total,http.request_bytes,http.response_bytes,http.items_total,http.status_total","Measure the transport call, each retry, each page, and response decoding as separate nonoverlapping stages.","file,symbol,endpoint_template,method,status_class,retry_reason,page_bucket,workload_size,state",Count every request. Sample timing for at most 1 in 20 successes. Keep all retries and failures. Never label raw URLs or identifiers.,Use monotonic nanosecond clocks. Reuse transport metadata. Do not serialize payloads to measure their size.,"Do not record tokens, credentials, request or response bodies, SQL text, file paths, MAC addresses, IP addresses, organization identifiers, site identifiers, device identifiers, or user text. Use allowlisted labels, coarse buckets, and one-way run-local correlation identifiers.",2 I/O/sequential batching; 5 serialization/validation; 6 bounded caching
hook-0003,aggregate boundary only,mist-ops-platform/src/api/deps.py,get_db_session,cProfile correlation,"profile.call_count,profile.primitive_call_count,profile.total_time_ns,profile.cumulative_time_ns",Run an opt-in cProfile session around the parent workload. Correlate this exact symbol with the AST inventory.,"file,symbol,class,workload_name,workload_size,state,python_version",Do not emit a production event. Profile one bounded benchmark run for each workload cell.,Do not add a local timer. Use a separate unprofiled run for acceptance timing.,"Do not record tokens, credentials, request or response bodies, SQL text, file paths, MAC addresses, IP addresses, organization identifiers, site identifiers, device identifiers, or user text. Use allowlisted labels, coarse buckets, and one-way run-local correlation identifiers.",1 algorithms/repeated work; 2 I/O/sequential batching; 5 serialization/validation; 7 measured Python loops
hook-0004,production hook,mist-ops-platform/src/api/main.py,lifespan,startup_import,"startup.wall_ns,startup.process_cpu_ns,startup.import_self_ns,startup.import_cumulative_ns,startup.modules_total,startup.first_use_wall_ns",Measure a fresh process to useful readiness. Collect import attribution with Python -X importtime in a separate run.,"file,symbol,entrypoint,phase,cold_or_warm,platform,python_version",Run only in a benchmark or bounded startup diagnostic. Collect at least three independent process starts.,Do not run importtime in normal service operation. Measure deferred first use separately.,"Do not record tokens, credentials, request or response bodies, SQL text, file paths, MAC addresses, IP addresses, organization identifiers, site identifiers, device identifiers, or user text. Use allowlisted labels, coarse buckets, and one-way run-local correlation identifiers.",4 allocations/copying; 5 serialization/validation; 9 startup/imports; 10 native acceleration
hook-0005,aggregate boundary only,mist-ops-platform/src/api/middleware/auth.py,CurrentUser,cProfile correlation,"profile.call_count,profile.primitive_call_count,profile.total_time_ns,profile.cumulative_time_ns",Run an opt-in cProfile session around the parent workload. Correlate this exact symbol with the AST inventory.,"file,symbol,class,workload_name,workload_size,state,python_version",Do not emit a production event. Profile one bounded benchmark run for each workload cell.,Do not add a local timer. Use a separate unprofiled run for acceptance timing.,"Do not record tokens, credentials, request or response bodies, SQL text, file paths, MAC addresses, IP addresses, organization identifiers, site identifiers, device identifiers, or user text. Use allowlisted labels, coarse buckets, and one-way run-local correlation identifiers.",1 algorithms/repeated work; 2 I/O/sequential batching; 5 serialization/validation; 7 measured Python loops
hook-0006,production hook,mist-ops-platform/src/api/middleware/logging.py,StructuredLoggingMiddleware.dispatch,operation_span,"perf.wall_ns,perf.process_cpu_ns,perf.calls_total,perf.errors_total,work.items_total",Measure the complete named operation from entry through cleanup. Correlate nested costs with cProfile.,"file,symbol,operation,status,workload_size,state",Off by default. Enable for a named operation. Sample at most 1 in 100 successful calls. Keep all failures.,Use perf_counter_ns and process_time_ns only. Buffer events. Do not time each internal function.,"Do not record tokens, credentials, request or response bodies, SQL text, file paths, MAC addresses, IP addresses, organization identifiers, site identifiers, device identifiers, or user text. Use allowlisted labels, coarse buckets, and one-way run-local correlation identifiers.",1 algorithms/repeated work; 2 I/O/sequential batching; 7 measured Python loops
hook-0007,aggregate boundary only,mist-ops-platform/src/api/middleware/rate_limit.py,OrgRateLimiter,cProfile correlation,"profile.call_count,profile.primitive_call_count,profile.total_time_ns,profile.cumulative_time_ns",Run an opt-in cProfile session around the parent workload. Correlate this exact symbol with the AST inventory.,"file,symbol,class,workload_name,workload_size,state,python_version",Do not emit a production event. Profile one bounded benchmark run for each workload cell.,Do not add a local timer. Use a separate unprofiled run for acceptance timing.,"Do not record tokens, credentials, request or response bodies, SQL text, file paths, MAC addresses, IP addresses, organization identifiers, site identifiers, device identifiers, or user text. Use allowlisted labels, coarse buckets, and one-way run-local correlation identifiers.",1 algorithms/repeated work; 2 I/O/sequential batching; 5 serialization/validation; 7 measured Python loops
hook-0008,aggregate boundary only,mist-ops-platform/src/api/routes/audit.py,list_audit_records,cProfile correlation,"profile.call_count,profile.primitive_call_count,profile.total_time_ns,profile.cumulative_time_ns",Run an opt-in cProfile session around the parent workload. Correlate this exact symbol with the AST inventory.,"file,symbol,class,workload_name,workload_size,state,python_version",Do not emit a production event. Profile one bounded benchmark run for each workload cell.,Do not add a local timer. Use a separate unprofiled run for acceptance timing.,"Do not record tokens, credentials, request or response bodies, SQL text, file paths, MAC addresses, IP addresses, organization identifiers, site identifiers, device identifiers, or user text. Use allowlisted labels, coarse buckets, and one-way run-local correlation identifiers.",1 algorithms/repeated work; 2 I/O/sequential batching; 5 serialization/validation; 7 measured Python loops
hook-0009,aggregate boundary only,mist-ops-platform/src/api/routes/config.py,list_revisions,cProfile correlation,"profile.call_count,profile.primitive_call_count,profile.total_time_ns,profile.cumulative_time_ns",Run an opt-in cProfile session around the parent workload. Correlate this exact symbol with the AST inventory.,"file,symbol,class,workload_name,workload_size,state,python_version",Do not emit a production event. Profile one bounded benchmark run for each workload cell.,Do not add a local timer. Use a separate unprofiled run for acceptance timing.,"Do not record tokens, credentials, request or response bodies, SQL text, file paths, MAC addresses, IP addresses, organization identifiers, site identifiers, device identifiers, or user text. Use allowlisted labels, coarse buckets, and one-way run-local correlation identifiers.",1 algorithms/repeated work; 2 I/O/sequential batching; 5 serialization/validation; 7 measured Python loops
hook-0010,aggregate boundary only,mist-ops-platform/src/api/routes/deploy.py,list_jobs,cProfile correlation,"profile.call_count,profile.primitive_call_count,profile.total_time_ns,profile.cumulative_time_ns",Run an opt-in cProfile session around the parent workload. Correlate this exact symbol with the AST inventory.,"file,symbol,class,workload_name,workload_size,state,python_version",Do not emit a production event. Profile one bounded benchmark run for each workload cell.,Do not add a local timer. Use a separate unprofiled run for acceptance timing.,"Do not record tokens, credentials, request or response bodies, SQL text, file paths, MAC addresses, IP addresses, organization identifiers, site identifiers, device identifiers, or user text. Use allowlisted labels, coarse buckets, and one-way run-local correlation identifiers.",1 algorithms/repeated work; 2 I/O/sequential batching; 5 serialization/validation; 7 measured Python loops
hook-0011,aggregate boundary only,mist-ops-platform/src/api/routes/health.py,healthz,cProfile correlation,"profile.call_count,profile.primitive_call_count,profile.total_time_ns,profile.cumulative_time_ns",Run an opt-in cProfile session around the parent workload. Correlate this exact symbol with the AST inventory.,"file,symbol,class,workload_name,workload_size,state,python_version",Do not emit a production event. Profile one bounded benchmark run for each workload cell.,Do not add a local timer. Use a separate unprofiled run for acceptance timing.,"Do not record tokens, credentials, request or response bodies, SQL text, file paths, MAC addresses, IP addresses, organization identifiers, site identifiers, device identifiers, or user text. Use allowlisted labels, coarse buckets, and one-way run-local correlation identifiers.",1 algorithms/repeated work; 2 I/O/sequential batching; 5 serialization/validation; 7 measured Python loops
hook-0012,aggregate boundary only,mist-ops-platform/src/api/routes/sync.py,get_sync_status,cProfile correlation,"profile.call_count,profile.primitive_call_count,profile.total_time_ns,profile.cumulative_time_ns",Run an opt-in cProfile session around the parent workload. Correlate this exact symbol with the AST inventory.,"file,symbol,class,workload_name,workload_size,state,python_version",Do not emit a production event. Profile one bounded benchmark run for each workload cell.,Do not add a local timer. Use a separate unprofiled run for acceptance timing.,"Do not record tokens, credentials, request or response bodies, SQL text, file paths, MAC addresses, IP addresses, organization identifiers, site identifiers, device identifiers, or user text. Use allowlisted labels, coarse buckets, and one-way run-local correlation identifiers.",1 algorithms/repeated work; 2 I/O/sequential batching; 5 serialization/validation; 7 measured Python loops
hook-0013,aggregate boundary only,mist-ops-platform/src/api/routes/webhooks.py,receive_mist_webhook,cProfile correlation,"profile.call_count,profile.primitive_call_count,profile.total_time_ns,profile.cumulative_time_ns",Run an opt-in cProfile session around the parent workload. Correlate this exact symbol with the AST inventory.,"file,symbol,class,workload_name,workload_size,state,python_version",Do not emit a production event. Profile one bounded benchmark run for each workload cell.,Do not add a local timer. Use a separate unprofiled run for acceptance timing.,"Do not record tokens, credentials, request or response bodies, SQL text, file paths, MAC addresses, IP addresses, organization identifiers, site identifiers, device identifiers, or user text. Use allowlisted labels, coarse buckets, and one-way run-local correlation identifiers.",1 algorithms/repeated work; 2 I/O/sequential batching; 5 serialization/validation; 7 measured Python loops
hook-0014,aggregate boundary only,mist-ops-platform/src/api/schemas/audit.py,AuditRecordResponse,cProfile correlation,"profile.call_count,profile.primitive_call_count,profile.total_time_ns,profile.cumulative_time_ns",Run an opt-in cProfile session around the parent workload. Correlate this exact symbol with the AST inventory.,"file,symbol,class,workload_name,workload_size,state,python_version",Do not emit a production event. Profile one bounded benchmark run for each workload cell.,Do not add a local timer. Use a separate unprofiled run for acceptance timing.,"Do not record tokens, credentials, request or response bodies, SQL text, file paths, MAC addresses, IP addresses, organization identifiers, site identifiers, device identifiers, or user text. Use allowlisted labels, coarse buckets, and one-way run-local correlation identifiers.",1 algorithms/repeated work; 3 data structures; 4 allocations/copying; 5 serialization/validation; 7 measured Python loops
hook-0015,aggregate boundary only,mist-ops-platform/src/api/schemas/common.py,ErrorDetail,cProfile correlation,"profile.call_count,profile.primitive_call_count,profile.total_time_ns,profile.cumulative_time_ns",Run an opt-in cProfile session around the parent workload. Correlate this exact symbol with the AST inventory.,"file,symbol,class,workload_name,workload_size,state,python_version",Do not emit a production event. Profile one bounded benchmark run for each workload cell.,Do not add a local timer. Use a separate unprofiled run for acceptance timing.,"Do not record tokens, credentials, request or response bodies, SQL text, file paths, MAC addresses, IP addresses, organization identifiers, site identifiers, device identifiers, or user text. Use allowlisted labels, coarse buckets, and one-way run-local correlation identifiers.",1 algorithms/repeated work; 3 data structures; 4 allocations/copying; 5 serialization/validation; 7 measured Python loops
hook-0016,aggregate boundary only,mist-ops-platform/src/api/schemas/config.py,RevisionResponse,cProfile correlation,"profile.call_count,profile.primitive_call_count,profile.total_time_ns,profile.cumulative_time_ns",Run an opt-in cProfile session around the parent workload. Correlate this exact symbol with the AST inventory.,"file,symbol,class,workload_name,workload_size,state,python_version",Do not emit a production event. Profile one bounded benchmark run for each workload cell.,Do not add a local timer. Use a separate unprofiled run for acceptance timing.,"Do not record tokens, credentials, request or response bodies, SQL text, file paths, MAC addresses, IP addresses, organization identifiers, site identifiers, device identifiers, or user text. Use allowlisted labels, coarse buckets, and one-way run-local correlation identifiers.",1 algorithms/repeated work; 3 data structures; 4 allocations/copying; 5 serialization/validation; 7 measured Python loops
hook-0017,aggregate boundary only,mist-ops-platform/src/api/schemas/deploy.py,TargetEntity,cProfile correlation,"profile.call_count,profile.primitive_call_count,profile.total_time_ns,profile.cumulative_time_ns",Run an opt-in cProfile session around the parent workload. Correlate this exact symbol with the AST inventory.,"file,symbol,class,workload_name,workload_size,state,python_version",Do not emit a production event. Profile one bounded benchmark run for each workload cell.,Do not add a local timer. Use a separate unprofiled run for acceptance timing.,"Do not record tokens, credentials, request or response bodies, SQL text, file paths, MAC addresses, IP addresses, organization identifiers, site identifiers, device identifiers, or user text. Use allowlisted labels, coarse buckets, and one-way run-local correlation identifiers.",1 algorithms/repeated work; 3 data structures; 4 allocations/copying; 5 serialization/validation; 7 measured Python loops
hook-0018,aggregate boundary only,mist-ops-platform/src/api/schemas/sync.py,SiteResponse,cProfile correlation,"profile.call_count,profile.primitive_call_count,profile.total_time_ns,profile.cumulative_time_ns",Run an opt-in cProfile session around the parent workload. Correlate this exact symbol with the AST inventory.,"file,symbol,class,workload_name,workload_size,state,python_version",Do not emit a production event. Profile one bounded benchmark run for each workload cell.,Do not add a local timer. Use a separate unprofiled run for acceptance timing.,"Do not record tokens, credentials, request or response bodies, SQL text, file paths, MAC addresses, IP addresses, organization identifiers, site identifiers, device identifiers, or user text. Use allowlisted labels, coarse buckets, and one-way run-local correlation identifiers.",1 algorithms/repeated work; 3 data structures; 4 allocations/copying; 5 serialization/validation; 7 measured Python loops
hook-0019,aggregate boundary only,mist-ops-platform/src/shared/config/constants.py,JobStatus,cProfile correlation,"profile.call_count,profile.primitive_call_count,profile.total_time_ns,profile.cumulative_time_ns",Run an opt-in cProfile session around the parent workload. Correlate this exact symbol with the AST inventory.,"file,symbol,class,workload_name,workload_size,state,python_version",Do not emit a production event. Profile one bounded benchmark run for each workload cell.,Do not add a local timer. Use a separate unprofiled run for acceptance timing.,"Do not record tokens, credentials, request or response bodies, SQL text, file paths, MAC addresses, IP addresses, organization identifiers, site identifiers, device identifiers, or user text. Use allowlisted labels, coarse buckets, and one-way run-local correlation identifiers.",1 algorithms/repeated work; 3 data structures; 4 allocations/copying; 6 bounded caching; 8 object layout/GC
hook-0020,aggregate boundary only,mist-ops-platform/src/shared/config/settings.py,AppSettings,cProfile correlation,"profile.call_count,profile.primitive_call_count,profile.total_time_ns,profile.cumulative_time_ns",Run an opt-in cProfile session around the parent workload. Correlate this exact symbol with the AST inventory.,"file,symbol,class,workload_name,workload_size,state,python_version",Do not emit a production event. Profile one bounded benchmark run for each workload cell.,Do not add a local timer. Use a separate unprofiled run for acceptance timing.,"Do not record tokens, credentials, request or response bodies, SQL text, file paths, MAC addresses, IP addresses, organization identifiers, site identifiers, device identifiers, or user text. Use allowlisted labels, coarse buckets, and one-way run-local correlation identifiers.",1 algorithms/repeated work; 3 data structures; 4 allocations/copying; 6 bounded caching; 8 object layout/GC
hook-0021,production hook,mist-ops-platform/src/shared/db.py,build_engine,database_events,"db.query_wall_ns,db.queries_total,db.rows_total,db.transactions_total,db.pool_wait_ns,db.errors_total","Register SQLAlchemy engine events around cursor execution, transactions, and pool checkout.","file,symbol,statement_kind,status,pool_name,workload_size,state",Count each query. Sample durations by normalized statement kind. Keep all slow and failed queries. Never retain SQL values.,Store start stamps in the execution context. Do not parse full SQL in the request path.,"Do not record tokens, credentials, request or response bodies, SQL text, file paths, MAC addresses, IP addresses, organization identifiers, site identifiers, device identifiers, or user text. Use allowlisted labels, coarse buckets, and one-way run-local correlation identifiers.",1 algorithms/repeated work; 2 I/O/sequential batching; 6 bounded caching
hook-0022,production hook,mist-ops-platform/src/shared/db.py,get_session,database,"db.wall_ns,db.process_cpu_ns,db.operations_total,db.rows_total,db.statement_bytes,db.errors_total,db.retries_total",Measure the logical database operation. Use backend or SQLAlchemy events for each physical query and transaction.,"file,symbol,backend,operation,statement_kind,status,row_bucket,workload_size,state","Count every query. Sample duration at most 1 in 20 successful queries. Keep all slow, retried, and failed queries. Never label statement text.",Use event hooks and cursor row counts. Do not format SQL or copy result rows for telemetry.,"Do not record tokens, credentials, request or response bodies, SQL text, file paths, MAC addresses, IP addresses, organization identifiers, site identifiers, device identifiers, or user text. Use allowlisted labels, coarse buckets, and one-way run-local correlation identifiers.",1 algorithms/repeated work; 2 I/O/sequential batching; 3 data structures; 6 bounded caching
hook-0023,aggregate boundary only,mist-ops-platform/src/shared/mist/endpoints.py,ApiResult,cProfile correlation,"profile.call_count,profile.primitive_call_count,profile.total_time_ns,profile.cumulative_time_ns",Run an opt-in cProfile session around the parent workload. Correlate this exact symbol with the AST inventory.,"file,symbol,class,workload_name,workload_size,state,python_version",Do not emit a production event. Profile one bounded benchmark run for each workload cell.,Do not add a local timer. Use a separate unprofiled run for acceptance timing.,"Do not record tokens, credentials, request or response bodies, SQL text, file paths, MAC addresses, IP addresses, organization identifiers, site identifiers, device identifiers, or user text. Use allowlisted labels, coarse buckets, and one-way run-local correlation identifiers.",1 algorithms/repeated work; 2 I/O/sequential batching; 5 serialization/validation; 7 measured Python loops
hook-0024,aggregate boundary only,mist-ops-platform/src/shared/mist/rate_limit.py,OrgRateLimiter,cProfile correlation,"profile.call_count,profile.primitive_call_count,profile.total_time_ns,profile.cumulative_time_ns",Run an opt-in cProfile session around the parent workload. Correlate this exact symbol with the AST inventory.,"file,symbol,class,workload_name,workload_size,state,python_version",Do not emit a production event. Profile one bounded benchmark run for each workload cell.,Do not add a local timer. Use a separate unprofiled run for acceptance timing.,"Do not record tokens, credentials, request or response bodies, SQL text, file paths, MAC addresses, IP addresses, organization identifiers, site identifiers, device identifiers, or user text. Use allowlisted labels, coarse buckets, and one-way run-local correlation identifiers.",1 algorithms/repeated work; 2 I/O/sequential batching; 5 serialization/validation; 7 measured Python loops
hook-0025,production hook,mist-ops-platform/src/shared/mist/session.py,MistSessionFactory.create_session,http_transport,"http.wall_ns,http.process_cpu_ns,http.requests_total,http.retries_total,http.pages_total,http.request_bytes,http.response_bytes,http.items_total,http.status_total","Measure the transport call, each retry, each page, and response decoding as separate nonoverlapping stages.","file,symbol,endpoint_template,method,status_class,retry_reason,page_bucket,workload_size,state",Count every request. Sample timing for at most 1 in 20 successes. Keep all retries and failures. Never label raw URLs or identifiers.,Use monotonic nanosecond clocks. Reuse transport metadata. Do not serialize payloads to measure their size.,"Do not record tokens, credentials, request or response bodies, SQL text, file paths, MAC addresses, IP addresses, organization identifiers, site identifiers, device identifiers, or user text. Use allowlisted labels, coarse buckets, and one-way run-local correlation identifiers.",2 I/O/sequential batching; 5 serialization/validation; 6 bounded caching
hook-0026,production hook,mist-ops-platform/src/shared/mist/session.py,MistSessionFactory._read_cache,cache,"cache.lookup_wall_ns,cache.hits_total,cache.misses_total,cache.evictions_total,cache.entries,cache.bytes_estimate,cache.populate_wall_ns","Measure lookup, population, invalidation, and eviction separately. Record the configured bound and lifetime.","file,symbol,cache_name,outcome,size_bucket,workload_size,state",Count each outcome with bounded labels. Sample lookup timing at most 1 in 1000 calls. Never record keys.,Use existing cache state. Do not walk values to calculate size. Require a fixed entry or byte bound.,"Do not record tokens, credentials, request or response bodies, SQL text, file paths, MAC addresses, IP addresses, organization identifiers, site identifiers, device identifiers, or user text. Use allowlisted labels, coarse buckets, and one-way run-local correlation identifiers.",1 algorithms/repeated work; 3 data structures; 4 allocations/copying; 6 bounded caching; 8 object layout/GC
hook-0027,production hook,mist-ops-platform/src/shared/mist/session.py,MistSessionFactory._read_vault,http_transport,"http.wall_ns,http.process_cpu_ns,http.requests_total,http.retries_total,http.pages_total,http.request_bytes,http.response_bytes,http.items_total,http.status_total","Measure the transport call, each retry, each page, and response decoding as separate nonoverlapping stages.","file,symbol,endpoint_template,method,status_class,retry_reason,page_bucket,workload_size,state",Count every request. Sample timing for at most 1 in 20 successes. Keep all retries and failures. Never label raw URLs or identifiers.,Use monotonic nanosecond clocks. Reuse transport metadata. Do not serialize payloads to measure their size.,"Do not record tokens, credentials, request or response bodies, SQL text, file paths, MAC addresses, IP addresses, organization identifiers, site identifiers, device identifiers, or user text. Use allowlisted labels, coarse buckets, and one-way run-local correlation identifiers.",2 I/O/sequential batching; 5 serialization/validation; 6 bounded caching
hook-0028,aggregate boundary only,mist-ops-platform/src/shared/mist/types.py,MistEndpoint,cProfile correlation,"profile.call_count,profile.primitive_call_count,profile.total_time_ns,profile.cumulative_time_ns",Run an opt-in cProfile session around the parent workload. Correlate this exact symbol with the AST inventory.,"file,symbol,class,workload_name,workload_size,state,python_version",Do not emit a production event. Profile one bounded benchmark run for each workload cell.,Do not add a local timer. Use a separate unprofiled run for acceptance timing.,"Do not record tokens, credentials, request or response bodies, SQL text, file paths, MAC addresses, IP addresses, organization identifiers, site identifiers, device identifiers, or user text. Use allowlisted labels, coarse buckets, and one-way run-local correlation identifiers.",1 algorithms/repeated work; 2 I/O/sequential batching; 5 serialization/validation; 7 measured Python loops
hook-0029,aggregate boundary only,mist-ops-platform/src/shared/models/base.py,Base,cProfile correlation,"profile.call_count,profile.primitive_call_count,profile.total_time_ns,profile.cumulative_time_ns",Run an opt-in cProfile session around the parent workload. Correlate this exact symbol with the AST inventory.,"file,symbol,class,workload_name,workload_size,state,python_version",Do not emit a production event. Profile one bounded benchmark run for each workload cell.,Do not add a local timer. Use a separate unprofiled run for acceptance timing.,"Do not record tokens, credentials, request or response bodies, SQL text, file paths, MAC addresses, IP addresses, organization identifiers, site identifiers, device identifiers, or user text. Use allowlisted labels, coarse buckets, and one-way run-local correlation identifiers.",1 algorithms/repeated work; 3 data structures; 4 allocations/copying; 5 serialization/validation; 7 measured Python loops
hook-0030,aggregate boundary only,mist-ops-platform/src/shared/models/config.py,ConfigRevision,cProfile correlation,"profile.call_count,profile.primitive_call_count,profile.total_time_ns,profile.cumulative_time_ns",Run an opt-in cProfile session around the parent workload. Correlate this exact symbol with the AST inventory.,"file,symbol,class,workload_name,workload_size,state,python_version",Do not emit a production event. Profile one bounded benchmark run for each workload cell.,Do not add a local timer. Use a separate unprofiled run for acceptance timing.,"Do not record tokens, credentials, request or response bodies, SQL text, file paths, MAC addresses, IP addresses, organization identifiers, site identifiers, device identifiers, or user text. Use allowlisted labels, coarse buckets, and one-way run-local correlation identifiers.",1 algorithms/repeated work; 3 data structures; 4 allocations/copying; 5 serialization/validation; 7 measured Python loops
hook-0031,aggregate boundary only,mist-ops-platform/src/shared/models/governance.py,ChangeTemplate,cProfile correlation,"profile.call_count,profile.primitive_call_count,profile.total_time_ns,profile.cumulative_time_ns",Run an opt-in cProfile session around the parent workload. Correlate this exact symbol with the AST inventory.,"file,symbol,class,workload_name,workload_size,state,python_version",Do not emit a production event. Profile one bounded benchmark run for each workload cell.,Do not add a local timer. Use a separate unprofiled run for acceptance timing.,"Do not record tokens, credentials, request or response bodies, SQL text, file paths, MAC addresses, IP addresses, organization identifiers, site identifiers, device identifiers, or user text. Use allowlisted labels, coarse buckets, and one-way run-local correlation identifiers.",1 algorithms/repeated work; 3 data structures; 4 allocations/copying; 5 serialization/validation; 7 measured Python loops
hook-0032,aggregate boundary only,mist-ops-platform/src/shared/models/inventory.py,MSP,cProfile correlation,"profile.call_count,profile.primitive_call_count,profile.total_time_ns,profile.cumulative_time_ns",Run an opt-in cProfile session around the parent workload. Correlate this exact symbol with the AST inventory.,"file,symbol,class,workload_name,workload_size,state,python_version",Do not emit a production event. Profile one bounded benchmark run for each workload cell.,Do not add a local timer. Use a separate unprofiled run for acceptance timing.,"Do not record tokens, credentials, request or response bodies, SQL text, file paths, MAC addresses, IP addresses, organization identifiers, site identifiers, device identifiers, or user text. Use allowlisted labels, coarse buckets, and one-way run-local correlation identifiers.",1 algorithms/repeated work; 3 data structures; 4 allocations/copying; 5 serialization/validation; 7 measured Python loops
hook-0033,aggregate boundary only,mist-ops-platform/src/shared/models/operations.py,ScheduledJob,cProfile correlation,"profile.call_count,profile.primitive_call_count,profile.total_time_ns,profile.cumulative_time_ns",Run an opt-in cProfile session around the parent workload. Correlate this exact symbol with the AST inventory.,"file,symbol,class,workload_name,workload_size,state,python_version",Do not emit a production event. Profile one bounded benchmark run for each workload cell.,Do not add a local timer. Use a separate unprofiled run for acceptance timing.,"Do not record tokens, credentials, request or response bodies, SQL text, file paths, MAC addresses, IP addresses, organization identifiers, site identifiers, device identifiers, or user text. Use allowlisted labels, coarse buckets, and one-way run-local correlation identifiers.",1 algorithms/repeated work; 3 data structures; 4 allocations/copying; 5 serialization/validation; 7 measured Python loops
hook-0034,aggregate boundary only,mist-ops-platform/src/shared/redis_timeouts.py,redis_timeout_kwargs,cProfile correlation,"profile.call_count,profile.primitive_call_count,profile.total_time_ns,profile.cumulative_time_ns",Run an opt-in cProfile session around the parent workload. Correlate this exact symbol with the AST inventory.,"file,symbol,class,workload_name,workload_size,state,python_version",Do not emit a production event. Profile one bounded benchmark run for each workload cell.,Do not add a local timer. Use a separate unprofiled run for acceptance timing.,"Do not record tokens, credentials, request or response bodies, SQL text, file paths, MAC addresses, IP addresses, organization identifiers, site identifiers, device identifiers, or user text. Use allowlisted labels, coarse buckets, and one-way run-local correlation identifiers.",1 algorithms/repeated work; 3 data structures; 4 allocations/copying; 7 measured Python loops; 8 object layout/GC
hook-0035,aggregate boundary only,mist-ops-platform/src/shared/services/auth.py,MistApiUnavailableError,cProfile correlation,"profile.call_count,profile.primitive_call_count,profile.total_time_ns,profile.cumulative_time_ns",Run an opt-in cProfile session around the parent workload. Correlate this exact symbol with the AST inventory.,"file,symbol,class,workload_name,workload_size,state,python_version",Do not emit a production event. Profile one bounded benchmark run for each workload cell.,Do not add a local timer. Use a separate unprofiled run for acceptance timing.,"Do not record tokens, credentials, request or response bodies, SQL text, file paths, MAC addresses, IP addresses, organization identifiers, site identifiers, device identifiers, or user text. Use allowlisted labels, coarse buckets, and one-way run-local correlation identifiers.",1 algorithms/repeated work; 3 data structures; 4 allocations/copying; 7 measured Python loops; 8 object layout/GC
hook-0036,aggregate boundary only,mist-ops-platform/src/shared/services/compliance.py,ComplianceService,cProfile correlation,"profile.call_count,profile.primitive_call_count,profile.total_time_ns,profile.cumulative_time_ns",Run an opt-in cProfile session around the parent workload. Correlate this exact symbol with the AST inventory.,"file,symbol,class,workload_name,workload_size,state,python_version",Do not emit a production event. Profile one bounded benchmark run for each workload cell.,Do not add a local timer. Use a separate unprofiled run for acceptance timing.,"Do not record tokens, credentials, request or response bodies, SQL text, file paths, MAC addresses, IP addresses, organization identifiers, site identifiers, device identifiers, or user text. Use allowlisted labels, coarse buckets, and one-way run-local correlation identifiers.",1 algorithms/repeated work; 3 data structures; 4 allocations/copying; 7 measured Python loops; 8 object layout/GC
hook-0037,aggregate boundary only,mist-ops-platform/src/shared/services/diff.py,DiffChange,cProfile correlation,"profile.call_count,profile.primitive_call_count,profile.total_time_ns,profile.cumulative_time_ns",Run an opt-in cProfile session around the parent workload. Correlate this exact symbol with the AST inventory.,"file,symbol,class,workload_name,workload_size,state,python_version",Do not emit a production event. Profile one bounded benchmark run for each workload cell.,Do not add a local timer. Use a separate unprofiled run for acceptance timing.,"Do not record tokens, credentials, request or response bodies, SQL text, file paths, MAC addresses, IP addresses, organization identifiers, site identifiers, device identifiers, or user text. Use allowlisted labels, coarse buckets, and one-way run-local correlation identifiers.",1 algorithms/repeated work; 3 data structures; 4 allocations/copying; 7 measured Python loops; 8 object layout/GC
hook-0038,aggregate boundary only,mist-ops-platform/src/shared/services/notification.py,EmailAdapter,cProfile correlation,"profile.call_count,profile.primitive_call_count,profile.total_time_ns,profile.cumulative_time_ns",Run an opt-in cProfile session around the parent workload. Correlate this exact symbol with the AST inventory.,"file,symbol,class,workload_name,workload_size,state,python_version",Do not emit a production event. Profile one bounded benchmark run for each workload cell.,Do not add a local timer. Use a separate unprofiled run for acceptance timing.,"Do not record tokens, credentials, request or response bodies, SQL text, file paths, MAC addresses, IP addresses, organization identifiers, site identifiers, device identifiers, or user text. Use allowlisted labels, coarse buckets, and one-way run-local correlation identifiers.",1 algorithms/repeated work; 3 data structures; 4 allocations/copying; 7 measured Python loops; 8 object layout/GC
hook-0039,production hook,mist-ops-platform/src/shared/services/session_store.py,SessionStore._write,cache,"cache.lookup_wall_ns,cache.hits_total,cache.misses_total,cache.evictions_total,cache.entries,cache.bytes_estimate,cache.populate_wall_ns","Measure lookup, population, invalidation, and eviction separately. Record the configured bound and lifetime.","file,symbol,cache_name,outcome,size_bucket,workload_size,state",Count each outcome with bounded labels. Sample lookup timing at most 1 in 1000 calls. Never record keys.,Use existing cache state. Do not walk values to calculate size. Require a fixed entry or byte bound.,"Do not record tokens, credentials, request or response bodies, SQL text, file paths, MAC addresses, IP addresses, organization identifiers, site identifiers, device identifiers, or user text. Use allowlisted labels, coarse buckets, and one-way run-local correlation identifiers.",1 algorithms/repeated work; 3 data structures; 4 allocations/copying; 6 bounded caching; 8 object layout/GC
hook-0040,production hook,mist-ops-platform/src/shared/services/session_store.py,SessionStore._read,cache,"cache.lookup_wall_ns,cache.hits_total,cache.misses_total,cache.evictions_total,cache.entries,cache.bytes_estimate,cache.populate_wall_ns","Measure lookup, population, invalidation, and eviction separately. Record the configured bound and lifetime.","file,symbol,cache_name,outcome,size_bucket,workload_size,state",Count each outcome with bounded labels. Sample lookup timing at most 1 in 1000 calls. Never record keys.,Use existing cache state. Do not walk values to calculate size. Require a fixed entry or byte bound.,"Do not record tokens, credentials, request or response bodies, SQL text, file paths, MAC addresses, IP addresses, organization identifiers, site identifiers, device identifiers, or user text. Use allowlisted labels, coarse buckets, and one-way run-local correlation identifiers.",1 algorithms/repeated work; 3 data structures; 4 allocations/copying; 6 bounded caching; 8 object layout/GC
hook-0041,aggregate boundary only,mist-ops-platform/src/shared/services/template.py,TemplateService,cProfile correlation,"profile.call_count,profile.primitive_call_count,profile.total_time_ns,profile.cumulative_time_ns",Run an opt-in cProfile session around the parent workload. Correlate this exact symbol with the AST inventory.,"file,symbol,class,workload_name,workload_size,state,python_version",Do not emit a production event. Profile one bounded benchmark run for each workload cell.,Do not add a local timer. Use a separate unprofiled run for acceptance timing.,"Do not record tokens, credentials, request or response bodies, SQL text, file paths, MAC addresses, IP addresses, organization identifiers, site identifiers, device identifiers, or user text. Use allowlisted labels, coarse buckets, and one-way run-local correlation identifiers.",1 algorithms/repeated work; 3 data structures; 4 allocations/copying; 7 measured Python loops; 8 object layout/GC
hook-0042,aggregate boundary only,mist-ops-platform/src/shared/sync_db.py,build_sync_url,cProfile correlation,"profile.call_count,profile.primitive_call_count,profile.total_time_ns,profile.cumulative_time_ns",Run an opt-in cProfile session around the parent workload. Correlate this exact symbol with the AST inventory.,"file,symbol,class,workload_name,workload_size,state,python_version",Do not emit a production event. Profile one bounded benchmark run for each workload cell.,Do not add a local timer. Use a separate unprofiled run for acceptance timing.,"Do not record tokens, credentials, request or response bodies, SQL text, file paths, MAC addresses, IP addresses, organization identifiers, site identifiers, device identifiers, or user text. Use allowlisted labels, coarse buckets, and one-way run-local correlation identifiers.",1 algorithms/repeated work; 3 data structures; 4 allocations/copying; 7 measured Python loops; 8 object layout/GC
hook-0043,aggregate boundary only,mist-ops-platform/src/worker/checks/correlation.py,CorrelationEngine,cProfile correlation,"profile.call_count,profile.primitive_call_count,profile.total_time_ns,profile.cumulative_time_ns",Run an opt-in cProfile session around the parent workload. Correlate this exact symbol with the AST inventory.,"file,symbol,class,workload_name,workload_size,state,python_version",Do not emit a production event. Profile one bounded benchmark run for each workload cell.,Do not add a local timer. Use a separate unprofiled run for acceptance timing.,"Do not record tokens, credentials, request or response bodies, SQL text, file paths, MAC addresses, IP addresses, organization identifiers, site identifiers, device identifiers, or user text. Use allowlisted labels, coarse buckets, and one-way run-local correlation identifiers.",1 algorithms/repeated work; 3 data structures; 4 allocations/copying; 7 measured Python loops; 8 object layout/GC
hook-0044,aggregate boundary only,mist-ops-platform/src/worker/checks/drift.py,DriftScanner,cProfile correlation,"profile.call_count,profile.primitive_call_count,profile.total_time_ns,profile.cumulative_time_ns",Run an opt-in cProfile session around the parent workload. Correlate this exact symbol with the AST inventory.,"file,symbol,class,workload_name,workload_size,state,python_version",Do not emit a production event. Profile one bounded benchmark run for each workload cell.,Do not add a local timer. Use a separate unprofiled run for acceptance timing.,"Do not record tokens, credentials, request or response bodies, SQL text, file paths, MAC addresses, IP addresses, organization identifiers, site identifiers, device identifiers, or user text. Use allowlisted labels, coarse buckets, and one-way run-local correlation identifiers.",1 algorithms/repeated work; 3 data structures; 4 allocations/copying; 7 measured Python loops; 8 object layout/GC
hook-0045,aggregate boundary only,mist-ops-platform/src/worker/checks/post_checks.py,PostCheckService,cProfile correlation,"profile.call_count,profile.primitive_call_count,profile.total_time_ns,profile.cumulative_time_ns",Run an opt-in cProfile session around the parent workload. Correlate this exact symbol with the AST inventory.,"file,symbol,class,workload_name,workload_size,state,python_version",Do not emit a production event. Profile one bounded benchmark run for each workload cell.,Do not add a local timer. Use a separate unprofiled run for acceptance timing.,"Do not record tokens, credentials, request or response bodies, SQL text, file paths, MAC addresses, IP addresses, organization identifiers, site identifiers, device identifiers, or user text. Use allowlisted labels, coarse buckets, and one-way run-local correlation identifiers.",1 algorithms/repeated work; 3 data structures; 4 allocations/copying; 7 measured Python loops; 8 object layout/GC
hook-0046,aggregate boundary only,mist-ops-platform/src/worker/checks/pre_checks.py,CheckResult,cProfile correlation,"profile.call_count,profile.primitive_call_count,profile.total_time_ns,profile.cumulative_time_ns",Run an opt-in cProfile session around the parent workload. Correlate this exact symbol with the AST inventory.,"file,symbol,class,workload_name,workload_size,state,python_version",Do not emit a production event. Profile one bounded benchmark run for each workload cell.,Do not add a local timer. Use a separate unprofiled run for acceptance timing.,"Do not record tokens, credentials, request or response bodies, SQL text, file paths, MAC addresses, IP addresses, organization identifiers, site identifiers, device identifiers, or user text. Use allowlisted labels, coarse buckets, and one-way run-local correlation identifiers.",1 algorithms/repeated work; 3 data structures; 4 allocations/copying; 7 measured Python loops; 8 object layout/GC
hook-0047,aggregate boundary only,mist-ops-platform/src/worker/deploy/dry_run.py,DryRunValidator,cProfile correlation,"profile.call_count,profile.primitive_call_count,profile.total_time_ns,profile.cumulative_time_ns",Run an opt-in cProfile session around the parent workload. Correlate this exact symbol with the AST inventory.,"file,symbol,class,workload_name,workload_size,state,python_version",Do not emit a production event. Profile one bounded benchmark run for each workload cell.,Do not add a local timer. Use a separate unprofiled run for acceptance timing.,"Do not record tokens, credentials, request or response bodies, SQL text, file paths, MAC addresses, IP addresses, organization identifiers, site identifiers, device identifiers, or user text. Use allowlisted labels, coarse buckets, and one-way run-local correlation identifiers.",1 algorithms/repeated work; 3 data structures; 4 allocations/copying; 7 measured Python loops; 8 object layout/GC
hook-0048,aggregate boundary only,mist-ops-platform/src/worker/deploy/executor.py,PushResult,cProfile correlation,"profile.call_count,profile.primitive_call_count,profile.total_time_ns,profile.cumulative_time_ns",Run an opt-in cProfile session around the parent workload. Correlate this exact symbol with the AST inventory.,"file,symbol,class,workload_name,workload_size,state,python_version",Do not emit a production event. Profile one bounded benchmark run for each workload cell.,Do not add a local timer. Use a separate unprofiled run for acceptance timing.,"Do not record tokens, credentials, request or response bodies, SQL text, file paths, MAC addresses, IP addresses, organization identifiers, site identifiers, device identifiers, or user text. Use allowlisted labels, coarse buckets, and one-way run-local correlation identifiers.",1 algorithms/repeated work; 3 data structures; 4 allocations/copying; 7 measured Python loops; 8 object layout/GC
hook-0049,production hook,mist-ops-platform/src/worker/deploy/firmware.py,FirmwareOrchestrator.execute_upgrade,operation_span,"perf.wall_ns,perf.process_cpu_ns,perf.calls_total,perf.errors_total,work.items_total",Measure the complete named operation from entry through cleanup. Correlate nested costs with cProfile.,"file,symbol,operation,status,workload_size,state",Off by default. Enable for a named operation. Sample at most 1 in 100 successful calls. Keep all failures.,Use perf_counter_ns and process_time_ns only. Buffer events. Do not time each internal function.,"Do not record tokens, credentials, request or response bodies, SQL text, file paths, MAC addresses, IP addresses, organization identifiers, site identifiers, device identifiers, or user text. Use allowlisted labels, coarse buckets, and one-way run-local correlation identifiers.",1 algorithms/repeated work; 2 I/O/sequential batching; 7 measured Python loops
hook-0050,production hook,mist-ops-platform/src/worker/deploy/rollback.py,RollbackService.execute_with_rollback,operation_span,"perf.wall_ns,perf.process_cpu_ns,perf.calls_total,perf.errors_total,work.items_total",Measure the complete named operation from entry through cleanup. Correlate nested costs with cProfile.,"file,symbol,operation,status,workload_size,state",Off by default. Enable for a named operation. Sample at most 1 in 100 successful calls. Keep all failures.,Use perf_counter_ns and process_time_ns only. Buffer events. Do not time each internal function.,"Do not record tokens, credentials, request or response bodies, SQL text, file paths, MAC addresses, IP addresses, organization identifiers, site identifiers, device identifiers, or user text. Use allowlisted labels, coarse buckets, and one-way run-local correlation identifiers.",1 algorithms/repeated work; 2 I/O/sequential batching; 7 measured Python loops
hook-0051,aggregate boundary only,mist-ops-platform/src/worker/deploy/rollout.py,RolloutOrchestrator,cProfile correlation,"profile.call_count,profile.primitive_call_count,profile.total_time_ns,profile.cumulative_time_ns",Run an opt-in cProfile session around the parent workload. Correlate this exact symbol with the AST inventory.,"file,symbol,class,workload_name,workload_size,state,python_version",Do not emit a production event. Profile one bounded benchmark run for each workload cell.,Do not add a local timer. Use a separate unprofiled run for acceptance timing.,"Do not record tokens, credentials, request or response bodies, SQL text, file paths, MAC addresses, IP addresses, organization identifiers, site identifiers, device identifiers, or user text. Use allowlisted labels, coarse buckets, and one-way run-local correlation identifiers.",1 algorithms/repeated work; 3 data structures; 4 allocations/copying; 7 measured Python loops; 8 object layout/GC
hook-0052,production hook,mist-ops-platform/src/worker/sync/config.py,ConfigSyncService.sync_device_configs,operation_span,"perf.wall_ns,perf.process_cpu_ns,perf.calls_total,perf.errors_total,work.items_total",Measure the complete named operation from entry through cleanup. Correlate nested costs with cProfile.,"file,symbol,operation,status,workload_size,state",Off by default. Enable for a named operation. Sample at most 1 in 100 successful calls. Keep all failures.,Use perf_counter_ns and process_time_ns only. Buffer events. Do not time each internal function.,"Do not record tokens, credentials, request or response bodies, SQL text, file paths, MAC addresses, IP addresses, organization identifiers, site identifiers, device identifiers, or user text. Use allowlisted labels, coarse buckets, and one-way run-local correlation identifiers.",1 algorithms/repeated work; 2 I/O/sequential batching; 7 measured Python loops
hook-0053,production hook,mist-ops-platform/src/worker/sync/config.py,ConfigSyncService.sync_site_configs,operation_span,"perf.wall_ns,perf.process_cpu_ns,perf.calls_total,perf.errors_total,work.items_total",Measure the complete named operation from entry through cleanup. Correlate nested costs with cProfile.,"file,symbol,operation,status,workload_size,state",Off by default. Enable for a named operation. Sample at most 1 in 100 successful calls. Keep all failures.,Use perf_counter_ns and process_time_ns only. Buffer events. Do not time each internal function.,"Do not record tokens, credentials, request or response bodies, SQL text, file paths, MAC addresses, IP addresses, organization identifiers, site identifiers, device identifiers, or user text. Use allowlisted labels, coarse buckets, and one-way run-local correlation identifiers.",1 algorithms/repeated work; 2 I/O/sequential batching; 7 measured Python loops
hook-0054,production hook,mist-ops-platform/src/worker/sync/events.py,EventSyncService._fetch_events,http_transport,"http.wall_ns,http.process_cpu_ns,http.requests_total,http.retries_total,http.pages_total,http.request_bytes,http.response_bytes,http.items_total,http.status_total","Measure the transport call, each retry, each page, and response decoding as separate nonoverlapping stages.","file,symbol,endpoint_template,method,status_class,retry_reason,page_bucket,workload_size,state",Count every request. Sample timing for at most 1 in 20 successes. Keep all retries and failures. Never label raw URLs or identifiers.,Use monotonic nanosecond clocks. Reuse transport metadata. Do not serialize payloads to measure their size.,"Do not record tokens, credentials, request or response bodies, SQL text, file paths, MAC addresses, IP addresses, organization identifiers, site identifiers, device identifiers, or user text. Use allowlisted labels, coarse buckets, and one-way run-local correlation identifiers.",2 I/O/sequential batching; 5 serialization/validation; 6 bounded caching
hook-0055,production hook,mist-ops-platform/src/worker/sync/inventory.py,InventorySyncService.sync_full_inventory,operation_span,"perf.wall_ns,perf.process_cpu_ns,perf.calls_total,perf.errors_total,work.items_total",Measure the complete named operation from entry through cleanup. Correlate nested costs with cProfile.,"file,symbol,operation,status,workload_size,state",Off by default. Enable for a named operation. Sample at most 1 in 100 successful calls. Keep all failures.,Use perf_counter_ns and process_time_ns only. Buffer events. Do not time each internal function.,"Do not record tokens, credentials, request or response bodies, SQL text, file paths, MAC addresses, IP addresses, organization identifiers, site identifiers, device identifiers, or user text. Use allowlisted labels, coarse buckets, and one-way run-local correlation identifiers.",1 algorithms/repeated work; 2 I/O/sequential batching; 7 measured Python loops
hook-0056,production hook,mist-ops-platform/src/worker/sync/inventory.py,InventorySyncService._read_records,http_transport,"http.wall_ns,http.process_cpu_ns,http.requests_total,http.retries_total,http.pages_total,http.request_bytes,http.response_bytes,http.items_total,http.status_total","Measure the transport call, each retry, each page, and response decoding as separate nonoverlapping stages.","file,symbol,endpoint_template,method,status_class,retry_reason,page_bucket,workload_size,state",Count every request. Sample timing for at most 1 in 20 successes. Keep all retries and failures. Never label raw URLs or identifiers.,Use monotonic nanosecond clocks. Reuse transport metadata. Do not serialize payloads to measure their size.,"Do not record tokens, credentials, request or response bodies, SQL text, file paths, MAC addresses, IP addresses, organization identifiers, site identifiers, device identifiers, or user text. Use allowlisted labels, coarse buckets, and one-way run-local correlation identifiers.",2 I/O/sequential batching; 5 serialization/validation; 6 bounded caching
hook-0057,production hook,mist-ops-platform/src/worker/sync/status.py,StatusSyncService.sync_device_status,operation_span,"perf.wall_ns,perf.process_cpu_ns,perf.calls_total,perf.errors_total,work.items_total",Measure the complete named operation from entry through cleanup. Correlate nested costs with cProfile.,"file,symbol,operation,status,workload_size,state",Off by default. Enable for a named operation. Sample at most 1 in 100 successful calls. Keep all failures.,Use perf_counter_ns and process_time_ns only. Buffer events. Do not time each internal function.,"Do not record tokens, credentials, request or response bodies, SQL text, file paths, MAC addresses, IP addresses, organization identifiers, site identifiers, device identifiers, or user text. Use allowlisted labels, coarse buckets, and one-way run-local correlation identifiers.",1 algorithms/repeated work; 2 I/O/sequential batching; 7 measured Python loops
hook-0058,aggregate boundary only,mist-ops-platform/src/worker/sync/webhook.py,WebhookProcessor,cProfile correlation,"profile.call_count,profile.primitive_call_count,profile.total_time_ns,profile.cumulative_time_ns",Run an opt-in cProfile session around the parent workload. Correlate this exact symbol with the AST inventory.,"file,symbol,class,workload_name,workload_size,state,python_version",Do not emit a production event. Profile one bounded benchmark run for each workload cell.,Do not add a local timer. Use a separate unprofiled run for acceptance timing.,"Do not record tokens, credentials, request or response bodies, SQL text, file paths, MAC addresses, IP addresses, organization identifiers, site identifiers, device identifiers, or user text. Use allowlisted labels, coarse buckets, and one-way run-local correlation identifiers.",1 algorithms/repeated work; 3 data structures; 4 allocations/copying; 7 measured Python loops; 8 object layout/GC
hook-0059,aggregate boundary only,mist-ops-platform/src/worker/tasks/audit_tasks.py,export_audit_records,cProfile correlation,"profile.call_count,profile.primitive_call_count,profile.total_time_ns,profile.cumulative_time_ns",Run an opt-in cProfile session around the parent workload. Correlate this exact symbol with the AST inventory.,"file,symbol,class,workload_name,workload_size,state,python_version",Do not emit a production event. Profile one bounded benchmark run for each workload cell.,Do not add a local timer. Use a separate unprofiled run for acceptance timing.,"Do not record tokens, credentials, request or response bodies, SQL text, file paths, MAC addresses, IP addresses, organization identifiers, site identifiers, device identifiers, or user text. Use allowlisted labels, coarse buckets, and one-way run-local correlation identifiers.",1 algorithms/repeated work; 3 data structures; 4 allocations/copying; 7 measured Python loops; 8 object layout/GC
hook-0060,aggregate boundary only,mist-ops-platform/src/worker/tasks/check_tasks.py,run_pre_checks,cProfile correlation,"profile.call_count,profile.primitive_call_count,profile.total_time_ns,profile.cumulative_time_ns",Run an opt-in cProfile session around the parent workload. Correlate this exact symbol with the AST inventory.,"file,symbol,class,workload_name,workload_size,state,python_version",Do not emit a production event. Profile one bounded benchmark run for each workload cell.,Do not add a local timer. Use a separate unprofiled run for acceptance timing.,"Do not record tokens, credentials, request or response bodies, SQL text, file paths, MAC addresses, IP addresses, organization identifiers, site identifiers, device identifiers, or user text. Use allowlisted labels, coarse buckets, and one-way run-local correlation identifiers.",1 algorithms/repeated work; 3 data structures; 4 allocations/copying; 7 measured Python loops; 8 object layout/GC
hook-0061,aggregate boundary only,mist-ops-platform/src/worker/tasks/deploy_tasks.py,install_from_revision,cProfile correlation,"profile.call_count,profile.primitive_call_count,profile.total_time_ns,profile.cumulative_time_ns",Run an opt-in cProfile session around the parent workload. Correlate this exact symbol with the AST inventory.,"file,symbol,class,workload_name,workload_size,state,python_version",Do not emit a production event. Profile one bounded benchmark run for each workload cell.,Do not add a local timer. Use a separate unprofiled run for acceptance timing.,"Do not record tokens, credentials, request or response bodies, SQL text, file paths, MAC addresses, IP addresses, organization identifiers, site identifiers, device identifiers, or user text. Use allowlisted labels, coarse buckets, and one-way run-local correlation identifiers.",1 algorithms/repeated work; 3 data structures; 4 allocations/copying; 7 measured Python loops; 8 object layout/GC
hook-0062,aggregate boundary only,mist-ops-platform/src/worker/tasks/notify_tasks.py,send_notification,cProfile correlation,"profile.call_count,profile.primitive_call_count,profile.total_time_ns,profile.cumulative_time_ns",Run an opt-in cProfile session around the parent workload. Correlate this exact symbol with the AST inventory.,"file,symbol,class,workload_name,workload_size,state,python_version",Do not emit a production event. Profile one bounded benchmark run for each workload cell.,Do not add a local timer. Use a separate unprofiled run for acceptance timing.,"Do not record tokens, credentials, request or response bodies, SQL text, file paths, MAC addresses, IP addresses, organization identifiers, site identifiers, device identifiers, or user text. Use allowlisted labels, coarse buckets, and one-way run-local correlation identifiers.",1 algorithms/repeated work; 3 data structures; 4 allocations/copying; 7 measured Python loops; 8 object layout/GC
hook-0063,production hook,mist-ops-platform/src/worker/tasks/sync_tasks.py,sync_all_inventory,operation_span,"perf.wall_ns,perf.process_cpu_ns,perf.calls_total,perf.errors_total,work.items_total",Measure the complete named operation from entry through cleanup. Correlate nested costs with cProfile.,"file,symbol,operation,status,workload_size,state",Off by default. Enable for a named operation. Sample at most 1 in 100 successful calls. Keep all failures.,Use perf_counter_ns and process_time_ns only. Buffer events. Do not time each internal function.,"Do not record tokens, credentials, request or response bodies, SQL text, file paths, MAC addresses, IP addresses, organization identifiers, site identifiers, device identifiers, or user text. Use allowlisted labels, coarse buckets, and one-way run-local correlation identifiers.",1 algorithms/repeated work; 2 I/O/sequential batching; 7 measured Python loops
hook-0064,aggregate boundary only,src/analytics/data_collection_manager.py,DataCollectionManager,cProfile correlation,"profile.call_count,profile.primitive_call_count,profile.total_time_ns,profile.cumulative_time_ns",Run an opt-in cProfile session around the parent workload. Correlate this exact symbol with the AST inventory.,"file,symbol,class,workload_name,workload_size,state,python_version",Do not emit a production event. Profile one bounded benchmark run for each workload cell.,Do not add a local timer. Use a separate unprofiled run for acceptance timing.,"Do not record tokens, credentials, request or response bodies, SQL text, file paths, MAC addresses, IP addresses, organization identifiers, site identifiers, device identifiers, or user text. Use allowlisted labels, coarse buckets, and one-way run-local correlation identifiers.",1 algorithms/repeated work; 3 data structures; 4 allocations/copying; 7 measured Python loops; 8 object layout/GC
hook-0065,aggregate boundary only,src/analytics/insight_metrics_utils.py,InsightMetricsUtils,cProfile correlation,"profile.call_count,profile.primitive_call_count,profile.total_time_ns,profile.cumulative_time_ns",Run an opt-in cProfile session around the parent workload. Correlate this exact symbol with the AST inventory.,"file,symbol,class,workload_name,workload_size,state,python_version",Do not emit a production event. Profile one bounded benchmark run for each workload cell.,Do not add a local timer. Use a separate unprofiled run for acceptance timing.,"Do not record tokens, credentials, request or response bodies, SQL text, file paths, MAC addresses, IP addresses, organization identifiers, site identifiers, device identifiers, or user text. Use allowlisted labels, coarse buckets, and one-way run-local correlation identifiers.",1 algorithms/repeated work; 3 data structures; 4 allocations/copying; 7 measured Python loops; 8 object layout/GC
hook-0066,aggregate boundary only,src/analytics/site_analytics_configurator.py,SiteAnalyticsConfiguratorDeps,cProfile correlation,"profile.call_count,profile.primitive_call_count,profile.total_time_ns,profile.cumulative_time_ns",Run an opt-in cProfile session around the parent workload. Correlate this exact symbol with the AST inventory.,"file,symbol,class,workload_name,workload_size,state,python_version",Do not emit a production event. Profile one bounded benchmark run for each workload cell.,Do not add a local timer. Use a separate unprofiled run for acceptance timing.,"Do not record tokens, credentials, request or response bodies, SQL text, file paths, MAC addresses, IP addresses, organization identifiers, site identifiers, device identifiers, or user text. Use allowlisted labels, coarse buckets, and one-way run-local correlation identifiers.",1 algorithms/repeated work; 3 data structures; 4 allocations/copying; 6 bounded caching; 8 object layout/GC
hook-0067,aggregate boundary only,src/analytics/site_inventory_health_analyzer.py,SiteInventoryHealthAnalyzerDeps,cProfile correlation,"profile.call_count,profile.primitive_call_count,profile.total_time_ns,profile.cumulative_time_ns",Run an opt-in cProfile session around the parent workload. Correlate this exact symbol with the AST inventory.,"file,symbol,class,workload_name,workload_size,state,python_version",Do not emit a production event. Profile one bounded benchmark run for each workload cell.,Do not add a local timer. Use a separate unprofiled run for acceptance timing.,"Do not record tokens, credentials, request or response bodies, SQL text, file paths, MAC addresses, IP addresses, organization identifiers, site identifiers, device identifiers, or user text. Use allowlisted labels, coarse buckets, and one-way run-local correlation identifiers.",1 algorithms/repeated work; 3 data structures; 4 allocations/copying; 7 measured Python loops; 8 object layout/GC
hook-0068,production hook,src/analytics/telemetry_emitter.py,TelemetryEmitter.emit,serializer_file,"serialize.wall_ns,serialize.process_cpu_ns,serialize.input_bytes,serialize.output_bytes,file.wall_ns,file.operations_total,file.write_bytes",Measure serialization and file writing as separate child stages under one operation.,"file,symbol,format,file_kind,size_bucket,status,workload_size,state",Enable for selected exports. Sample at most 1 in 50 successes. Keep aggregate counts for every enabled operation.,Avoid duplicate encoding. Do not start tracemalloc in normal operation. Buffer telemetry outside the measured stage.,"Do not record tokens, credentials, request or response bodies, SQL text, file paths, MAC addresses, IP addresses, organization identifiers, site identifiers, device identifiers, or user text. Use allowlisted labels, coarse buckets, and one-way run-local correlation identifiers.",2 I/O/sequential batching; 4 allocations/copying; 5 serialization/validation; 7 measured Python loops
hook-0069,production hook,src/analytics/telemetry_emitter.py,TelemetryEmitter.enforce_retention,file_io,"file.wall_ns,file.process_cpu_ns,file.operations_total,file.read_bytes,file.write_bytes,file.errors_total",Measure each logical open-read-close or open-write-flush-close operation and count actual bytes.,"file,symbol,operation,file_kind,size_bucket,status,workload_size,state",Count operations at the boundary. Sample timing at most 1 in 50 successes. Do not use a path as a label.,Use existing byte counts or file positions. Do not stat a file only for telemetry.,"Do not record tokens, credentials, request or response bodies, SQL text, file paths, MAC addresses, IP addresses, organization identifiers, site identifiers, device identifiers, or user text. Use allowlisted labels, coarse buckets, and one-way run-local correlation identifiers.",2 I/O/sequential batching; 4 allocations/copying; 5 serialization/validation
hook-0070,aggregate boundary only,src/analytics/zone_analyzer.py,ZoneConfigurationAnalyzer,cProfile correlation,"profile.call_count,profile.primitive_call_count,profile.total_time_ns,profile.cumulative_time_ns",Run an opt-in cProfile session around the parent workload. Correlate this exact symbol with the AST inventory.,"file,symbol,class,workload_name,workload_size,state,python_version",Do not emit a production event. Profile one bounded benchmark run for each workload cell.,Do not add a local timer. Use a separate unprofiled run for acceptance timing.,"Do not record tokens, credentials, request or response bodies, SQL text, file paths, MAC addresses, IP addresses, organization identifiers, site identifiers, device identifiers, or user text. Use allowlisted labels, coarse buckets, and one-way run-local correlation identifiers.",1 algorithms/repeated work; 3 data structures; 4 allocations/copying; 7 measured Python loops; 8 object layout/GC
hook-0071,production hook,src/api/api_core_fetch_utils.py,APICoreFetchUtils.get_api_response_data,http_transport,"http.wall_ns,http.process_cpu_ns,http.requests_total,http.retries_total,http.pages_total,http.request_bytes,http.response_bytes,http.items_total,http.status_total","Measure the transport call, each retry, each page, and response decoding as separate nonoverlapping stages.","file,symbol,endpoint_template,method,status_class,retry_reason,page_bucket,workload_size,state",Count every request. Sample timing for at most 1 in 20 successes. Keep all retries and failures. Never label raw URLs or identifiers.,Use monotonic nanosecond clocks. Reuse transport metadata. Do not serialize payloads to measure their size.,"Do not record tokens, credentials, request or response bodies, SQL text, file paths, MAC addresses, IP addresses, organization identifiers, site identifiers, device identifiers, or user text. Use allowlisted labels, coarse buckets, and one-way run-local correlation identifiers.",2 I/O/sequential batching; 5 serialization/validation; 6 bounded caching
hook-0072,production hook,src/api/api_data_fetcher.py,APIDataFetcher.execute,operation_span,"perf.wall_ns,perf.process_cpu_ns,perf.calls_total,perf.errors_total,work.items_total",Measure the complete named operation from entry through cleanup. Correlate nested costs with cProfile.,"file,symbol,operation,status,workload_size,state",Off by default. Enable for a named operation. Sample at most 1 in 100 successful calls. Keep all failures.,Use perf_counter_ns and process_time_ns only. Buffer events. Do not time each internal function.,"Do not record tokens, credentials, request or response bodies, SQL text, file paths, MAC addresses, IP addresses, organization identifiers, site identifiers, device identifiers, or user text. Use allowlisted labels, coarse buckets, and one-way run-local correlation identifiers.",1 algorithms/repeated work; 2 I/O/sequential batching; 7 measured Python loops
hook-0073,production hook,src/api/api_data_fetcher.py,APIDataFetcher._call_api_with_retry,http_transport,"http.wall_ns,http.process_cpu_ns,http.requests_total,http.retries_total,http.pages_total,http.request_bytes,http.response_bytes,http.items_total,http.status_total","Measure the transport call, each retry, each page, and response decoding as separate nonoverlapping stages.","file,symbol,endpoint_template,method,status_class,retry_reason,page_bucket,workload_size,state",Count every request. Sample timing for at most 1 in 20 successes. Keep all retries and failures. Never label raw URLs or identifiers.,Use monotonic nanosecond clocks. Reuse transport metadata. Do not serialize payloads to measure their size.,"Do not record tokens, credentials, request or response bodies, SQL text, file paths, MAC addresses, IP addresses, organization identifiers, site identifiers, device identifiers, or user text. Use allowlisted labels, coarse buckets, and one-way run-local correlation identifiers.",2 I/O/sequential batching; 5 serialization/validation; 6 bounded caching
hook-0074,production hook,src/api/api_fetch_utils.py,APIFetchUtils.organization_services,http_transport,"http.wall_ns,http.process_cpu_ns,http.requests_total,http.retries_total,http.pages_total,http.request_bytes,http.response_bytes,http.items_total,http.status_total","Measure the transport call, each retry, each page, and response decoding as separate nonoverlapping stages.","file,symbol,endpoint_template,method,status_class,retry_reason,page_bucket,workload_size,state",Count every request. Sample timing for at most 1 in 20 successes. Keep all retries and failures. Never label raw URLs or identifiers.,Use monotonic nanosecond clocks. Reuse transport metadata. Do not serialize payloads to measure their size.,"Do not record tokens, credentials, request or response bodies, SQL text, file paths, MAC addresses, IP addresses, organization identifiers, site identifiers, device identifiers, or user text. Use allowlisted labels, coarse buckets, and one-way run-local correlation identifiers.",2 I/O/sequential batching; 5 serialization/validation; 6 bounded caching
hook-0075,production hook,src/api/api_fetch_utils.py,APIFetchUtils.all_site_settings,http_transport,"http.wall_ns,http.process_cpu_ns,http.requests_total,http.retries_total,http.pages_total,http.request_bytes,http.response_bytes,http.items_total,http.status_total","Measure the transport call, each retry, each page, and response decoding as separate nonoverlapping stages.","file,symbol,endpoint_template,method,status_class,retry_reason,page_bucket,workload_size,state",Count every request. Sample timing for at most 1 in 20 successes. Keep all retries and failures. Never label raw URLs or identifiers.,Use monotonic nanosecond clocks. Reuse transport metadata. Do not serialize payloads to measure their size.,"Do not record tokens, credentials, request or response bodies, SQL text, file paths, MAC addresses, IP addresses, organization identifiers, site identifiers, device identifiers, or user text. Use allowlisted labels, coarse buckets, and one-way run-local correlation identifiers.",2 I/O/sequential batching; 5 serialization/validation; 6 bounded caching
hook-0076,production hook,src/api/api_fetch_utils.py,APIFetchUtils._gw_fetch_one_config,http_transport,"http.wall_ns,http.process_cpu_ns,http.requests_total,http.retries_total,http.pages_total,http.request_bytes,http.response_bytes,http.items_total,http.status_total","Measure the transport call, each retry, each page, and response decoding as separate nonoverlapping stages.","file,symbol,endpoint_template,method,status_class,retry_reason,page_bucket,workload_size,state",Count every request. Sample timing for at most 1 in 20 successes. Keep all retries and failures. Never label raw URLs or identifiers.,Use monotonic nanosecond clocks. Reuse transport metadata. Do not serialize payloads to measure their size.,"Do not record tokens, credentials, request or response bodies, SQL text, file paths, MAC addresses, IP addresses, organization identifiers, site identifiers, device identifiers, or user text. Use allowlisted labels, coarse buckets, and one-way run-local correlation identifiers.",2 I/O/sequential batching; 5 serialization/validation; 6 bounded caching
hook-0077,production hook,src/api/tenant_fetch.py,APITenantFetchUtils.organization_tenants,http_transport,"http.wall_ns,http.process_cpu_ns,http.requests_total,http.retries_total,http.pages_total,http.request_bytes,http.response_bytes,http.items_total,http.status_total","Measure the transport call, each retry, each page, and response decoding as separate nonoverlapping stages.","file,symbol,endpoint_template,method,status_class,retry_reason,page_bucket,workload_size,state",Count every request. Sample timing for at most 1 in 20 successes. Keep all retries and failures. Never label raw URLs or identifiers.,Use monotonic nanosecond clocks. Reuse transport metadata. Do not serialize payloads to measure their size.,"Do not record tokens, credentials, request or response bodies, SQL text, file paths, MAC addresses, IP addresses, organization identifiers, site identifiers, device identifiers, or user text. Use allowlisted labels, coarse buckets, and one-way run-local correlation identifiers.",2 I/O/sequential batching; 5 serialization/validation; 6 bounded caching
hook-0078,production hook,src/api/tenant_fetch.py,APITenantFetchUtils.site_tenants,http_transport,"http.wall_ns,http.process_cpu_ns,http.requests_total,http.retries_total,http.pages_total,http.request_bytes,http.response_bytes,http.items_total,http.status_total","Measure the transport call, each retry, each page, and response decoding as separate nonoverlapping stages.","file,symbol,endpoint_template,method,status_class,retry_reason,page_bucket,workload_size,state",Count every request. Sample timing for at most 1 in 20 successes. Keep all retries and failures. Never label raw URLs or identifiers.,Use monotonic nanosecond clocks. Reuse transport metadata. Do not serialize payloads to measure their size.,"Do not record tokens, credentials, request or response bodies, SQL text, file paths, MAC addresses, IP addresses, organization identifiers, site identifiers, device identifiers, or user text. Use allowlisted labels, coarse buckets, and one-way run-local correlation identifiers.",2 I/O/sequential batching; 5 serialization/validation; 6 bounded caching
hook-0079,aggregate boundary only,src/audit/_renderer_delta.py,DiffKeyContext,cProfile correlation,"profile.call_count,profile.primitive_call_count,profile.total_time_ns,profile.cumulative_time_ns",Run an opt-in cProfile session around the parent workload. Correlate this exact symbol with the AST inventory.,"file,symbol,class,workload_name,workload_size,state,python_version",Do not emit a production event. Profile one bounded benchmark run for each workload cell.,Do not add a local timer. Use a separate unprofiled run for acceptance timing.,"Do not record tokens, credentials, request or response bodies, SQL text, file paths, MAC addresses, IP addresses, organization identifiers, site identifiers, device identifiers, or user text. Use allowlisted labels, coarse buckets, and one-way run-local correlation identifiers.",1 algorithms/repeated work; 3 data structures; 4 allocations/copying; 5 serialization/validation; 7 measured Python loops
hook-0080,aggregate boundary only,src/audit/_renderer_format.py,format_delta_html,cProfile correlation,"profile.call_count,profile.primitive_call_count,profile.total_time_ns,profile.cumulative_time_ns",Run an opt-in cProfile session around the parent workload. Correlate this exact symbol with the AST inventory.,"file,symbol,class,workload_name,workload_size,state,python_version",Do not emit a production event. Profile one bounded benchmark run for each workload cell.,Do not add a local timer. Use a separate unprofiled run for acceptance timing.,"Do not record tokens, credentials, request or response bodies, SQL text, file paths, MAC addresses, IP addresses, organization identifiers, site identifiers, device identifiers, or user text. Use allowlisted labels, coarse buckets, and one-way run-local correlation identifiers.",1 algorithms/repeated work; 3 data structures; 4 allocations/copying; 5 serialization/validation; 7 measured Python loops
hook-0081,aggregate boundary only,src/audit/_renderer_html.py,_HtmlCluster,cProfile correlation,"profile.call_count,profile.primitive_call_count,profile.total_time_ns,profile.cumulative_time_ns",Run an opt-in cProfile session around the parent workload. Correlate this exact symbol with the AST inventory.,"file,symbol,class,workload_name,workload_size,state,python_version",Do not emit a production event. Profile one bounded benchmark run for each workload cell.,Do not add a local timer. Use a separate unprofiled run for acceptance timing.,"Do not record tokens, credentials, request or response bodies, SQL text, file paths, MAC addresses, IP addresses, organization identifiers, site identifiers, device identifiers, or user text. Use allowlisted labels, coarse buckets, and one-way run-local correlation identifiers.",1 algorithms/repeated work; 3 data structures; 4 allocations/copying; 5 serialization/validation; 7 measured Python loops
hook-0082,aggregate boundary only,src/audit/_renderer_mermaid.py,_MermaidCluster,cProfile correlation,"profile.call_count,profile.primitive_call_count,profile.total_time_ns,profile.cumulative_time_ns",Run an opt-in cProfile session around the parent workload. Correlate this exact symbol with the AST inventory.,"file,symbol,class,workload_name,workload_size,state,python_version",Do not emit a production event. Profile one bounded benchmark run for each workload cell.,Do not add a local timer. Use a separate unprofiled run for acceptance timing.,"Do not record tokens, credentials, request or response bodies, SQL text, file paths, MAC addresses, IP addresses, organization identifiers, site identifiers, device identifiers, or user text. Use allowlisted labels, coarse buckets, and one-way run-local correlation identifiers.",1 algorithms/repeated work; 3 data structures; 4 allocations/copying; 5 serialization/validation; 7 measured Python loops
hook-0083,aggregate boundary only,src/audit/_renderer_time.py,epoch_to_readable,cProfile correlation,"profile.call_count,profile.primitive_call_count,profile.total_time_ns,profile.cumulative_time_ns",Run an opt-in cProfile session around the parent workload. Correlate this exact symbol with the AST inventory.,"file,symbol,class,workload_name,workload_size,state,python_version",Do not emit a production event. Profile one bounded benchmark run for each workload cell.,Do not add a local timer. Use a separate unprofiled run for acceptance timing.,"Do not record tokens, credentials, request or response bodies, SQL text, file paths, MAC addresses, IP addresses, organization identifiers, site identifiers, device identifiers, or user text. Use allowlisted labels, coarse buckets, and one-way run-local correlation identifiers.",1 algorithms/repeated work; 3 data structures; 4 allocations/copying; 5 serialization/validation; 7 measured Python loops
hook-0084,aggregate boundary only,src/audit/analyzer.py,AdminTimeline,cProfile correlation,"profile.call_count,profile.primitive_call_count,profile.total_time_ns,profile.cumulative_time_ns",Run an opt-in cProfile session around the parent workload. Correlate this exact symbol with the AST inventory.,"file,symbol,class,workload_name,workload_size,state,python_version",Do not emit a production event. Profile one bounded benchmark run for each workload cell.,Do not add a local timer. Use a separate unprofiled run for acceptance timing.,"Do not record tokens, credentials, request or response bodies, SQL text, file paths, MAC addresses, IP addresses, organization identifiers, site identifiers, device identifiers, or user text. Use allowlisted labels, coarse buckets, and one-way run-local correlation identifiers.",1 algorithms/repeated work; 3 data structures; 4 allocations/copying; 7 measured Python loops; 8 object layout/GC
hook-0085,production hook,src/audit/audit_analysis_ops.py,AuditAnalysisOps.audit_log_analysis,http_transport,"http.wall_ns,http.process_cpu_ns,http.requests_total,http.retries_total,http.pages_total,http.request_bytes,http.response_bytes,http.items_total,http.status_total","Measure the transport call, each retry, each page, and response decoding as separate nonoverlapping stages.","file,symbol,endpoint_template,method,status_class,retry_reason,page_bucket,workload_size,state",Count every request. Sample timing for at most 1 in 20 successes. Keep all retries and failures. Never label raw URLs or identifiers.,Use monotonic nanosecond clocks. Reuse transport metadata. Do not serialize payloads to measure their size.,"Do not record tokens, credentials, request or response bodies, SQL text, file paths, MAC addresses, IP addresses, organization identifiers, site identifiers, device identifiers, or user text. Use allowlisted labels, coarse buckets, and one-way run-local correlation identifiers.",2 I/O/sequential batching; 5 serialization/validation; 6 bounded caching
hook-0086,aggregate boundary only,src/audit/filter.py,AuditLogFilter,cProfile correlation,"profile.call_count,profile.primitive_call_count,profile.total_time_ns,profile.cumulative_time_ns",Run an opt-in cProfile session around the parent workload. Correlate this exact symbol with the AST inventory.,"file,symbol,class,workload_name,workload_size,state,python_version",Do not emit a production event. Profile one bounded benchmark run for each workload cell.,Do not add a local timer. Use a separate unprofiled run for acceptance timing.,"Do not record tokens, credentials, request or response bodies, SQL text, file paths, MAC addresses, IP addresses, organization identifiers, site identifiers, device identifiers, or user text. Use allowlisted labels, coarse buckets, and one-way run-local correlation identifiers.",1 algorithms/repeated work; 3 data structures; 4 allocations/copying; 7 measured Python loops; 8 object layout/GC
hook-0087,production hook,src/audit/renderer.py,AuditReportRenderer.render_mermaid,serializer_file,"serialize.wall_ns,serialize.process_cpu_ns,serialize.input_bytes,serialize.output_bytes,file.wall_ns,file.operations_total,file.write_bytes",Measure serialization and file writing as separate child stages under one operation.,"file,symbol,format,file_kind,size_bucket,status,workload_size,state",Enable for selected exports. Sample at most 1 in 50 successes. Keep aggregate counts for every enabled operation.,Avoid duplicate encoding. Do not start tracemalloc in normal operation. Buffer telemetry outside the measured stage.,"Do not record tokens, credentials, request or response bodies, SQL text, file paths, MAC addresses, IP addresses, organization identifiers, site identifiers, device identifiers, or user text. Use allowlisted labels, coarse buckets, and one-way run-local correlation identifiers.",2 I/O/sequential batching; 4 allocations/copying; 5 serialization/validation; 7 measured Python loops
hook-0088,production hook,src/audit/renderer.py,AuditReportRenderer.render_html,serializer_file,"serialize.wall_ns,serialize.process_cpu_ns,serialize.input_bytes,serialize.output_bytes,file.wall_ns,file.operations_total,file.write_bytes",Measure serialization and file writing as separate child stages under one operation.,"file,symbol,format,file_kind,size_bucket,status,workload_size,state",Enable for selected exports. Sample at most 1 in 50 successes. Keep aggregate counts for every enabled operation.,Avoid duplicate encoding. Do not start tracemalloc in normal operation. Buffer telemetry outside the measured stage.,"Do not record tokens, credentials, request or response bodies, SQL text, file paths, MAC addresses, IP addresses, organization identifiers, site identifiers, device identifiers, or user text. Use allowlisted labels, coarse buckets, and one-way run-local correlation identifiers.",2 I/O/sequential batching; 4 allocations/copying; 5 serialization/validation; 7 measured Python loops
hook-0089,aggregate boundary only,src/audit/time_parser.py,ParsedTimeRange,cProfile correlation,"profile.call_count,profile.primitive_call_count,profile.total_time_ns,profile.cumulative_time_ns",Run an opt-in cProfile session around the parent workload. Correlate this exact symbol with the AST inventory.,"file,symbol,class,workload_name,workload_size,state,python_version",Do not emit a production event. Profile one bounded benchmark run for each workload cell.,Do not add a local timer. Use a separate unprofiled run for acceptance timing.,"Do not record tokens, credentials, request or response bodies, SQL text, file paths, MAC addresses, IP addresses, organization identifiers, site identifiers, device identifiers, or user text. Use allowlisted labels, coarse buckets, and one-way run-local correlation identifiers.",1 algorithms/repeated work; 3 data structures; 4 allocations/copying; 7 measured Python loops; 8 object layout/GC
hook-0090,aggregate boundary only,src/auth/interactive/clouds.py,CloudSelector,cProfile correlation,"profile.call_count,profile.primitive_call_count,profile.total_time_ns,profile.cumulative_time_ns",Run an opt-in cProfile session around the parent workload. Correlate this exact symbol with the AST inventory.,"file,symbol,class,workload_name,workload_size,state,python_version",Do not emit a production event. Profile one bounded benchmark run for each workload cell.,Do not add a local timer. Use a separate unprofiled run for acceptance timing.,"Do not record tokens, credentials, request or response bodies, SQL text, file paths, MAC addresses, IP addresses, organization identifiers, site identifiers, device identifiers, or user text. Use allowlisted labels, coarse buckets, and one-way run-local correlation identifiers.",1 algorithms/repeated work; 3 data structures; 4 allocations/copying; 7 measured Python loops; 8 object layout/GC
hook-0091,aggregate boundary only,src/auth/interactive/credential_prompter.py,CredentialPrompter,cProfile correlation,"profile.call_count,profile.primitive_call_count,profile.total_time_ns,profile.cumulative_time_ns",Run an opt-in cProfile session around the parent workload. Correlate this exact symbol with the AST inventory.,"file,symbol,class,workload_name,workload_size,state,python_version",Do not emit a production event. Profile one bounded benchmark run for each workload cell.,Do not add a local timer. Use a separate unprofiled run for acceptance timing.,"Do not record tokens, credentials, request or response bodies, SQL text, file paths, MAC addresses, IP addresses, organization identifiers, site identifiers, device identifiers, or user text. Use allowlisted labels, coarse buckets, and one-way run-local correlation identifiers.",1 algorithms/repeated work; 3 data structures; 4 allocations/copying; 7 measured Python loops; 8 object layout/GC
hook-0092,aggregate boundary only,src/auth/interactive/login_orchestrator.py,LoginOrchestrator,cProfile correlation,"profile.call_count,profile.primitive_call_count,profile.total_time_ns,profile.cumulative_time_ns",Run an opt-in cProfile session around the parent workload. Correlate this exact symbol with the AST inventory.,"file,symbol,class,workload_name,workload_size,state,python_version",Do not emit a production event. Profile one bounded benchmark run for each workload cell.,Do not add a local timer. Use a separate unprofiled run for acceptance timing.,"Do not record tokens, credentials, request or response bodies, SQL text, file paths, MAC addresses, IP addresses, organization identifiers, site identifiers, device identifiers, or user text. Use allowlisted labels, coarse buckets, and one-way run-local correlation identifiers.",1 algorithms/repeated work; 3 data structures; 4 allocations/copying; 7 measured Python loops; 8 object layout/GC
hook-0093,aggregate boundary only,src/auth/interactive/msp_org_selector.py,MspOrgSelector,cProfile correlation,"profile.call_count,profile.primitive_call_count,profile.total_time_ns,profile.cumulative_time_ns",Run an opt-in cProfile session around the parent workload. Correlate this exact symbol with the AST inventory.,"file,symbol,class,workload_name,workload_size,state,python_version",Do not emit a production event. Profile one bounded benchmark run for each workload cell.,Do not add a local timer. Use a separate unprofiled run for acceptance timing.,"Do not record tokens, credentials, request or response bodies, SQL text, file paths, MAC addresses, IP addresses, organization identifiers, site identifiers, device identifiers, or user text. Use allowlisted labels, coarse buckets, and one-way run-local correlation identifiers.",1 algorithms/repeated work; 3 data structures; 4 allocations/copying; 7 measured Python loops; 8 object layout/GC
hook-0094,aggregate boundary only,src/bootstrap/dependency_check.py,DependencyCheckOrchestrator,cProfile correlation,"profile.call_count,profile.primitive_call_count,profile.total_time_ns,profile.cumulative_time_ns",Run an opt-in cProfile session around the parent workload. Correlate this exact symbol with the AST inventory.,"file,symbol,class,workload_name,workload_size,state,python_version",Do not emit a production event. Profile one bounded benchmark run for each workload cell.,Do not add a local timer. Use a separate unprofiled run for acceptance timing.,"Do not record tokens, credentials, request or response bodies, SQL text, file paths, MAC addresses, IP addresses, organization identifiers, site identifiers, device identifiers, or user text. Use allowlisted labels, coarse buckets, and one-way run-local correlation identifiers.",4 allocations/copying; 9 startup/imports; 10 native acceleration
hook-0095,aggregate boundary only,src/bootstrap/dns_preflight.py,DnsRepairReport,cProfile correlation,"profile.call_count,profile.primitive_call_count,profile.total_time_ns,profile.cumulative_time_ns",Run an opt-in cProfile session around the parent workload. Correlate this exact symbol with the AST inventory.,"file,symbol,class,workload_name,workload_size,state,python_version",Do not emit a production event. Profile one bounded benchmark run for each workload cell.,Do not add a local timer. Use a separate unprofiled run for acceptance timing.,"Do not record tokens, credentials, request or response bodies, SQL text, file paths, MAC addresses, IP addresses, organization identifiers, site identifiers, device identifiers, or user text. Use allowlisted labels, coarse buckets, and one-way run-local correlation identifiers.",4 allocations/copying; 9 startup/imports; 10 native acceleration
hook-0096,aggregate boundary only,src/bootstrap/package_installer.py,PackageInstaller,cProfile correlation,"profile.call_count,profile.primitive_call_count,profile.total_time_ns,profile.cumulative_time_ns",Run an opt-in cProfile session around the parent workload. Correlate this exact symbol with the AST inventory.,"file,symbol,class,workload_name,workload_size,state,python_version",Do not emit a production event. Profile one bounded benchmark run for each workload cell.,Do not add a local timer. Use a separate unprofiled run for acceptance timing.,"Do not record tokens, credentials, request or response bodies, SQL text, file paths, MAC addresses, IP addresses, organization identifiers, site identifiers, device identifiers, or user text. Use allowlisted labels, coarse buckets, and one-way run-local correlation identifiers.",4 allocations/copying; 9 startup/imports; 10 native acceleration
hook-0097,aggregate boundary only,src/bootstrap/uv_runtime.py,UVRuntimeHelper,cProfile correlation,"profile.call_count,profile.primitive_call_count,profile.total_time_ns,profile.cumulative_time_ns",Run an opt-in cProfile session around the parent workload. Correlate this exact symbol with the AST inventory.,"file,symbol,class,workload_name,workload_size,state,python_version",Do not emit a production event. Profile one bounded benchmark run for each workload cell.,Do not add a local timer. Use a separate unprofiled run for acceptance timing.,"Do not record tokens, credentials, request or response bodies, SQL text, file paths, MAC addresses, IP addresses, organization identifiers, site identifiers, device identifiers, or user text. Use allowlisted labels, coarse buckets, and one-way run-local correlation identifiers.",4 allocations/copying; 9 startup/imports; 10 native acceleration
hook-0098,production hook,src/cache/cache_utils.py,CacheUtils.check_and_generate_csv,cache,"cache.lookup_wall_ns,cache.hits_total,cache.misses_total,cache.evictions_total,cache.entries,cache.bytes_estimate,cache.populate_wall_ns","Measure lookup, population, invalidation, and eviction separately. Record the configured bound and lifetime.","file,symbol,cache_name,outcome,size_bucket,workload_size,state",Count each outcome with bounded labels. Sample lookup timing at most 1 in 1000 calls. Never record keys.,Use existing cache state. Do not walk values to calculate size. Require a fixed entry or byte bound.,"Do not record tokens, credentials, request or response bodies, SQL text, file paths, MAC addresses, IP addresses, organization identifiers, site identifiers, device identifiers, or user text. Use allowlisted labels, coarse buckets, and one-way run-local correlation identifiers.",1 algorithms/repeated work; 3 data structures; 4 allocations/copying; 6 bounded caching; 8 object layout/GC
hook-0099,production hook,src/cache/cache_utils.py,CacheUtils.load_csv_grouped_by_key,cache_file,"cache.hits_total,cache.misses_total,cache.evictions_total,file.operations_total,file.read_bytes,file.write_bytes,perf.wall_ns","Measure cache validation, generation, and the file read or write as separate stages.","file,symbol,cache_name,outcome,file_kind,size_bucket,workload_size,state",Count cache outcomes. Sample timing at most 1 in 100 calls. Never record cache keys or paths.,Reuse existing timestamps and byte counts. Do not add a directory scan to each lookup.,"Do not record tokens, credentials, request or response bodies, SQL text, file paths, MAC addresses, IP addresses, organization identifiers, site identifiers, device identifiers, or user text. Use allowlisted labels, coarse buckets, and one-way run-local correlation identifiers.",2 I/O/sequential batching; 4 allocations/copying; 6 bounded caching
hook-0100,production hook,src/cache/cache_utils.py,CacheUtils.write_support_data_to_csv,file_io,"file.wall_ns,file.process_cpu_ns,file.operations_total,file.read_bytes,file.write_bytes,file.errors_total",Measure each logical open-read-close or open-write-flush-close operation and count actual bytes.,"file,symbol,operation,file_kind,size_bucket,status,workload_size,state",Count operations at the boundary. Sample timing at most 1 in 50 successes. Do not use a path as a label.,Use existing byte counts or file positions. Do not stat a file only for telemetry.,"Do not record tokens, credentials, request or response bodies, SQL text, file paths, MAC addresses, IP addresses, organization identifiers, site identifiers, device identifiers, or user text. Use allowlisted labels, coarse buckets, and one-way run-local correlation identifiers.",2 I/O/sequential batching; 4 allocations/copying; 5 serialization/validation
hook-0101,production hook,src/capture/_packet_capture_exec.py,PacketCaptureExec.execute_site_capture,http_transport,"http.wall_ns,http.process_cpu_ns,http.requests_total,http.retries_total,http.pages_total,http.request_bytes,http.response_bytes,http.items_total,http.status_total","Measure the transport call, each retry, each page, and response decoding as separate nonoverlapping stages.","file,symbol,endpoint_template,method,status_class,retry_reason,page_bucket,workload_size,state",Count every request. Sample timing for at most 1 in 20 successes. Keep all retries and failures. Never label raw URLs or identifiers.,Use monotonic nanosecond clocks. Reuse transport metadata. Do not serialize payloads to measure their size.,"Do not record tokens, credentials, request or response bodies, SQL text, file paths, MAC addresses, IP addresses, organization identifiers, site identifiers, device identifiers, or user text. Use allowlisted labels, coarse buckets, and one-way run-local correlation identifiers.",2 I/O/sequential batching; 5 serialization/validation; 6 bounded caching
hook-0102,production hook,src/capture/_packet_capture_exec.py,PacketCaptureExec.read_stream_packets,http_transport,"http.wall_ns,http.process_cpu_ns,http.requests_total,http.retries_total,http.pages_total,http.request_bytes,http.response_bytes,http.items_total,http.status_total","Measure the transport call, each retry, each page, and response decoding as separate nonoverlapping stages.","file,symbol,endpoint_template,method,status_class,retry_reason,page_bucket,workload_size,state",Count every request. Sample timing for at most 1 in 20 successes. Keep all retries and failures. Never label raw URLs or identifiers.,Use monotonic nanosecond clocks. Reuse transport metadata. Do not serialize payloads to measure their size.,"Do not record tokens, credentials, request or response bodies, SQL text, file paths, MAC addresses, IP addresses, organization identifiers, site identifiers, device identifiers, or user text. Use allowlisted labels, coarse buckets, and one-way run-local correlation identifiers.",2 I/O/sequential batching; 5 serialization/validation; 6 bounded caching
hook-0103,aggregate boundary only,src/capture/_packet_capture_org.py,PacketCaptureOrg,cProfile correlation,"profile.call_count,profile.primitive_call_count,profile.total_time_ns,profile.cumulative_time_ns",Run an opt-in cProfile session around the parent workload. Correlate this exact symbol with the AST inventory.,"file,symbol,class,workload_name,workload_size,state,python_version",Do not emit a production event. Profile one bounded benchmark run for each workload cell.,Do not add a local timer. Use a separate unprofiled run for acceptance timing.,"Do not record tokens, credentials, request or response bodies, SQL text, file paths, MAC addresses, IP addresses, organization identifiers, site identifiers, device identifiers, or user text. Use allowlisted labels, coarse buckets, and one-way run-local correlation identifiers.",1 algorithms/repeated work; 2 I/O/sequential batching; 5 serialization/validation; 7 measured Python loops
hook-0104,aggregate boundary only,src/capture/_packet_capture_prompts.py,PacketCapturePrompts,cProfile correlation,"profile.call_count,profile.primitive_call_count,profile.total_time_ns,profile.cumulative_time_ns",Run an opt-in cProfile session around the parent workload. Correlate this exact symbol with the AST inventory.,"file,symbol,class,workload_name,workload_size,state,python_version",Do not emit a production event. Profile one bounded benchmark run for each workload cell.,Do not add a local timer. Use a separate unprofiled run for acceptance timing.,"Do not record tokens, credentials, request or response bodies, SQL text, file paths, MAC addresses, IP addresses, organization identifiers, site identifiers, device identifiers, or user text. Use allowlisted labels, coarse buckets, and one-way run-local correlation identifiers.",1 algorithms/repeated work; 2 I/O/sequential batching; 5 serialization/validation; 7 measured Python loops
hook-0105,aggregate boundary only,src/capture/_packet_capture_tcpdump.py,PacketCaptureTcpdump,cProfile correlation,"profile.call_count,profile.primitive_call_count,profile.total_time_ns,profile.cumulative_time_ns",Run an opt-in cProfile session around the parent workload. Correlate this exact symbol with the AST inventory.,"file,symbol,class,workload_name,workload_size,state,python_version",Do not emit a production event. Profile one bounded benchmark run for each workload cell.,Do not add a local timer. Use a separate unprofiled run for acceptance timing.,"Do not record tokens, credentials, request or response bodies, SQL text, file paths, MAC addresses, IP addresses, organization identifiers, site identifiers, device identifiers, or user text. Use allowlisted labels, coarse buckets, and one-way run-local correlation identifiers.",1 algorithms/repeated work; 2 I/O/sequential batching; 5 serialization/validation; 7 measured Python loops
hook-0106,aggregate boundary only,src/capture/client_pcap_downloader.py,normalise_mac,cProfile correlation,"profile.call_count,profile.primitive_call_count,profile.total_time_ns,profile.cumulative_time_ns",Run an opt-in cProfile session around the parent workload. Correlate this exact symbol with the AST inventory.,"file,symbol,class,workload_name,workload_size,state,python_version",Do not emit a production event. Profile one bounded benchmark run for each workload cell.,Do not add a local timer. Use a separate unprofiled run for acceptance timing.,"Do not record tokens, credentials, request or response bodies, SQL text, file paths, MAC addresses, IP addresses, organization identifiers, site identifiers, device identifiers, or user text. Use allowlisted labels, coarse buckets, and one-way run-local correlation identifiers.",1 algorithms/repeated work; 2 I/O/sequential batching; 5 serialization/validation; 7 measured Python loops
hook-0107,aggregate boundary only,src/capture/multi_ap_scan_workflow.py,BoundedIntSpec,cProfile correlation,"profile.call_count,profile.primitive_call_count,profile.total_time_ns,profile.cumulative_time_ns",Run an opt-in cProfile session around the parent workload. Correlate this exact symbol with the AST inventory.,"file,symbol,class,workload_name,workload_size,state,python_version",Do not emit a production event. Profile one bounded benchmark run for each workload cell.,Do not add a local timer. Use a separate unprofiled run for acceptance timing.,"Do not record tokens, credentials, request or response bodies, SQL text, file paths, MAC addresses, IP addresses, organization identifiers, site identifiers, device identifiers, or user text. Use allowlisted labels, coarse buckets, and one-way run-local correlation identifiers.",1 algorithms/repeated work; 2 I/O/sequential batching; 5 serialization/validation; 7 measured Python loops
hook-0108,aggregate boundary only,src/capture/org_capture_workflow.py,OrgCaptureWorkflow,cProfile correlation,"profile.call_count,profile.primitive_call_count,profile.total_time_ns,profile.cumulative_time_ns",Run an opt-in cProfile session around the parent workload. Correlate this exact symbol with the AST inventory.,"file,symbol,class,workload_name,workload_size,state,python_version",Do not emit a production event. Profile one bounded benchmark run for each workload cell.,Do not add a local timer. Use a separate unprofiled run for acceptance timing.,"Do not record tokens, credentials, request or response bodies, SQL text, file paths, MAC addresses, IP addresses, organization identifiers, site identifiers, device identifiers, or user text. Use allowlisted labels, coarse buckets, and one-way run-local correlation identifiers.",1 algorithms/repeated work; 2 I/O/sequential batching; 5 serialization/validation; 7 measured Python loops
hook-0109,aggregate boundary only,src/capture/org_pcap_wait_download_workflow.py,OrgPcapWaitDownloadWorkflow,cProfile correlation,"profile.call_count,profile.primitive_call_count,profile.total_time_ns,profile.cumulative_time_ns",Run an opt-in cProfile session around the parent workload. Correlate this exact symbol with the AST inventory.,"file,symbol,class,workload_name,workload_size,state,python_version",Do not emit a production event. Profile one bounded benchmark run for each workload cell.,Do not add a local timer. Use a separate unprofiled run for acceptance timing.,"Do not record tokens, credentials, request or response bodies, SQL text, file paths, MAC addresses, IP addresses, organization identifiers, site identifiers, device identifiers, or user text. Use allowlisted labels, coarse buckets, and one-way run-local correlation identifiers.",1 algorithms/repeated work; 2 I/O/sequential batching; 5 serialization/validation; 7 measured Python loops
hook-0110,aggregate boundary only,src/capture/packet_capture.py,PacketCaptureManager,cProfile correlation,"profile.call_count,profile.primitive_call_count,profile.total_time_ns,profile.cumulative_time_ns",Run an opt-in cProfile session around the parent workload. Correlate this exact symbol with the AST inventory.,"file,symbol,class,workload_name,workload_size,state,python_version",Do not emit a production event. Profile one bounded benchmark run for each workload cell.,Do not add a local timer. Use a separate unprofiled run for acceptance timing.,"Do not record tokens, credentials, request or response bodies, SQL text, file paths, MAC addresses, IP addresses, organization identifiers, site identifiers, device identifiers, or user text. Use allowlisted labels, coarse buckets, and one-way run-local correlation identifiers.",1 algorithms/repeated work; 2 I/O/sequential batching; 5 serialization/validation; 7 measured Python loops
hook-0111,production hook,src/capture/packet_capture_download.py,PacketCaptureDownloadManager._fetch_final_pcap,http_transport,"http.wall_ns,http.process_cpu_ns,http.requests_total,http.retries_total,http.pages_total,http.request_bytes,http.response_bytes,http.items_total,http.status_total","Measure the transport call, each retry, each page, and response decoding as separate nonoverlapping stages.","file,symbol,endpoint_template,method,status_class,retry_reason,page_bucket,workload_size,state",Count every request. Sample timing for at most 1 in 20 successes. Keep all retries and failures. Never label raw URLs or identifiers.,Use monotonic nanosecond clocks. Reuse transport metadata. Do not serialize payloads to measure their size.,"Do not record tokens, credentials, request or response bodies, SQL text, file paths, MAC addresses, IP addresses, organization identifiers, site identifiers, device identifiers, or user text. Use allowlisted labels, coarse buckets, and one-way run-local correlation identifiers.",2 I/O/sequential batching; 5 serialization/validation; 6 bounded caching
hook-0112,production hook,src/capture/packet_capture_download.py,PacketCaptureDownloadManager._write_final_pcap,file_io,"file.wall_ns,file.process_cpu_ns,file.operations_total,file.read_bytes,file.write_bytes,file.errors_total",Measure each logical open-read-close or open-write-flush-close operation and count actual bytes.,"file,symbol,operation,file_kind,size_bucket,status,workload_size,state",Count operations at the boundary. Sample timing at most 1 in 50 successes. Do not use a path as a label.,Use existing byte counts or file positions. Do not stat a file only for telemetry.,"Do not record tokens, credentials, request or response bodies, SQL text, file paths, MAC addresses, IP addresses, organization identifiers, site identifiers, device identifiers, or user text. Use allowlisted labels, coarse buckets, and one-way run-local correlation identifiers.",2 I/O/sequential batching; 4 allocations/copying; 5 serialization/validation
hook-0113,aggregate boundary only,src/capture/site_capture_loop.py,SiteCaptureLoopRunner,cProfile correlation,"profile.call_count,profile.primitive_call_count,profile.total_time_ns,profile.cumulative_time_ns",Run an opt-in cProfile session around the parent workload. Correlate this exact symbol with the AST inventory.,"file,symbol,class,workload_name,workload_size,state,python_version",Do not emit a production event. Profile one bounded benchmark run for each workload cell.,Do not add a local timer. Use a separate unprofiled run for acceptance timing.,"Do not record tokens, credentials, request or response bodies, SQL text, file paths, MAC addresses, IP addresses, organization identifiers, site identifiers, device identifiers, or user text. Use allowlisted labels, coarse buckets, and one-way run-local correlation identifiers.",1 algorithms/repeated work; 2 I/O/sequential batching; 5 serialization/validation; 7 measured Python loops
hook-0114,aggregate boundary only,src/capture/site_pcap_wait_download_workflow.py,SitePcapWaitDownloadWorkflow,cProfile correlation,"profile.call_count,profile.primitive_call_count,profile.total_time_ns,profile.cumulative_time_ns",Run an opt-in cProfile session around the parent workload. Correlate this exact symbol with the AST inventory.,"file,symbol,class,workload_name,workload_size,state,python_version",Do not emit a production event. Profile one bounded benchmark run for each workload cell.,Do not add a local timer. Use a separate unprofiled run for acceptance timing.,"Do not record tokens, credentials, request or response bodies, SQL text, file paths, MAC addresses, IP addresses, organization identifiers, site identifiers, device identifiers, or user text. Use allowlisted labels, coarse buckets, and one-way run-local correlation identifiers.",1 algorithms/repeated work; 2 I/O/sequential batching; 5 serialization/validation; 7 measured Python loops
hook-0115,aggregate boundary only,src/config/config_utils.py,ConfigUtils,cProfile correlation,"profile.call_count,profile.primitive_call_count,profile.total_time_ns,profile.cumulative_time_ns",Run an opt-in cProfile session around the parent workload. Correlate this exact symbol with the AST inventory.,"file,symbol,class,workload_name,workload_size,state,python_version",Do not emit a production event. Profile one bounded benchmark run for each workload cell.,Do not add a local timer. Use a separate unprofiled run for acceptance timing.,"Do not record tokens, credentials, request or response bodies, SQL text, file paths, MAC addresses, IP addresses, organization identifiers, site identifiers, device identifiers, or user text. Use allowlisted labels, coarse buckets, and one-way run-local correlation identifiers.",1 algorithms/repeated work; 3 data structures; 4 allocations/copying; 6 bounded caching; 8 object layout/GC
hook-0116,production hook,src/data/data_processing_utils.py,DataProcessingUtils.flatten_nested_fields,serializer,"serialize.wall_ns,serialize.process_cpu_ns,serialize.calls_total,serialize.input_bytes,serialize.output_bytes,serialize.items_total,serialize.errors_total","Measure one encode, decode, flatten, validation, or render boundary, including required conversion work.","file,symbol,format,operation,size_bucket,workload_size,state",Enable only for named workloads. Bucket sizes. Sample at most 1 in 100 production calls.,Use length metadata when available. Do not copy a payload only to count bytes. Use tracemalloc in a separate diagnostic run.,"Do not record tokens, credentials, request or response bodies, SQL text, file paths, MAC addresses, IP addresses, organization identifiers, site identifiers, device identifiers, or user text. Use allowlisted labels, coarse buckets, and one-way run-local correlation identifiers.",1 algorithms/repeated work; 3 data structures; 4 allocations/copying; 5 serialization/validation; 7 measured Python loops; 10 native acceleration
hook-0117,production hook,src/data/data_processing_utils.py,DataProcessingUtils.convert_list_values_to_strings,serializer,"serialize.wall_ns,serialize.process_cpu_ns,serialize.calls_total,serialize.input_bytes,serialize.output_bytes,serialize.items_total,serialize.errors_total","Measure one encode, decode, flatten, validation, or render boundary, including required conversion work.","file,symbol,format,operation,size_bucket,workload_size,state",Enable only for named workloads. Bucket sizes. Sample at most 1 in 100 production calls.,Use length metadata when available. Do not copy a payload only to count bytes. Use tracemalloc in a separate diagnostic run.,"Do not record tokens, credentials, request or response bodies, SQL text, file paths, MAC addresses, IP addresses, organization identifiers, site identifiers, device identifiers, or user text. Use allowlisted labels, coarse buckets, and one-way run-local correlation identifiers.",1 algorithms/repeated work; 3 data structures; 4 allocations/copying; 5 serialization/validation; 7 measured Python loops; 10 native acceleration
hook-0118,aggregate boundary only,src/dataclasses/batch_worker.py,BatchWorkerConfig,cProfile correlation,"profile.call_count,profile.primitive_call_count,profile.total_time_ns,profile.cumulative_time_ns",Run an opt-in cProfile session around the parent workload. Correlate this exact symbol with the AST inventory.,"file,symbol,class,workload_name,workload_size,state,python_version",Do not emit a production event. Profile one bounded benchmark run for each workload cell.,Do not add a local timer. Use a separate unprofiled run for acceptance timing.,"Do not record tokens, credentials, request or response bodies, SQL text, file paths, MAC addresses, IP addresses, organization identifiers, site identifiers, device identifiers, or user text. Use allowlisted labels, coarse buckets, and one-way run-local correlation identifiers.",1 algorithms/repeated work; 3 data structures; 4 allocations/copying; 7 measured Python loops; 8 object layout/GC
hook-0119,aggregate boundary only,src/dataclasses/endpoint_config.py,EndpointConfig,cProfile correlation,"profile.call_count,profile.primitive_call_count,profile.total_time_ns,profile.cumulative_time_ns",Run an opt-in cProfile session around the parent workload. Correlate this exact symbol with the AST inventory.,"file,symbol,class,workload_name,workload_size,state,python_version",Do not emit a production event. Profile one bounded benchmark run for each workload cell.,Do not add a local timer. Use a separate unprofiled run for acceptance timing.,"Do not record tokens, credentials, request or response bodies, SQL text, file paths, MAC addresses, IP addresses, organization identifiers, site identifiers, device identifiers, or user text. Use allowlisted labels, coarse buckets, and one-way run-local correlation identifiers.",1 algorithms/repeated work; 3 data structures; 4 allocations/copying; 6 bounded caching; 8 object layout/GC
hook-0120,aggregate boundary only,src/dataclasses/export_backend_options.py,ExportBackendOptions,cProfile correlation,"profile.call_count,profile.primitive_call_count,profile.total_time_ns,profile.cumulative_time_ns",Run an opt-in cProfile session around the parent workload. Correlate this exact symbol with the AST inventory.,"file,symbol,class,workload_name,workload_size,state,python_version",Do not emit a production event. Profile one bounded benchmark run for each workload cell.,Do not add a local timer. Use a separate unprofiled run for acceptance timing.,"Do not record tokens, credentials, request or response bodies, SQL text, file paths, MAC addresses, IP addresses, organization identifiers, site identifiers, device identifiers, or user text. Use allowlisted labels, coarse buckets, and one-way run-local correlation identifiers.",1 algorithms/repeated work; 3 data structures; 4 allocations/copying; 5 serialization/validation; 7 measured Python loops
hook-0121,aggregate boundary only,src/dataclasses/family_selection_context.py,FamilySelectionContext,cProfile correlation,"profile.call_count,profile.primitive_call_count,profile.total_time_ns,profile.cumulative_time_ns",Run an opt-in cProfile session around the parent workload. Correlate this exact symbol with the AST inventory.,"file,symbol,class,workload_name,workload_size,state,python_version",Do not emit a production event. Profile one bounded benchmark run for each workload cell.,Do not add a local timer. Use a separate unprofiled run for acceptance timing.,"Do not record tokens, credentials, request or response bodies, SQL text, file paths, MAC addresses, IP addresses, organization identifiers, site identifiers, device identifiers, or user text. Use allowlisted labels, coarse buckets, and one-way run-local correlation identifiers.",1 algorithms/repeated work; 3 data structures; 4 allocations/copying; 7 measured Python loops; 8 object layout/GC
hook-0122,aggregate boundary only,src/dataclasses/map_clone_deps.py,MapCloneSummary,cProfile correlation,"profile.call_count,profile.primitive_call_count,profile.total_time_ns,profile.cumulative_time_ns",Run an opt-in cProfile session around the parent workload. Correlate this exact symbol with the AST inventory.,"file,symbol,class,workload_name,workload_size,state,python_version",Do not emit a production event. Profile one bounded benchmark run for each workload cell.,Do not add a local timer. Use a separate unprofiled run for acceptance timing.,"Do not record tokens, credentials, request or response bodies, SQL text, file paths, MAC addresses, IP addresses, organization identifiers, site identifiers, device identifiers, or user text. Use allowlisted labels, coarse buckets, and one-way run-local correlation identifiers.",1 algorithms/repeated work; 3 data structures; 4 allocations/copying; 7 measured Python loops; 8 object layout/GC
hook-0123,aggregate boundary only,src/dataclasses/map_marker_deps.py,MarkerPosition,cProfile correlation,"profile.call_count,profile.primitive_call_count,profile.total_time_ns,profile.cumulative_time_ns",Run an opt-in cProfile session around the parent workload. Correlate this exact symbol with the AST inventory.,"file,symbol,class,workload_name,workload_size,state,python_version",Do not emit a production event. Profile one bounded benchmark run for each workload cell.,Do not add a local timer. Use a separate unprofiled run for acceptance timing.,"Do not record tokens, credentials, request or response bodies, SQL text, file paths, MAC addresses, IP addresses, organization identifiers, site identifiers, device identifiers, or user text. Use allowlisted labels, coarse buckets, and one-way run-local correlation identifiers.",1 algorithms/repeated work; 3 data structures; 4 allocations/copying; 7 measured Python loops; 8 object layout/GC
hook-0124,aggregate boundary only,src/dataclasses/map_scaling_deps.py,MapDimensions,cProfile correlation,"profile.call_count,profile.primitive_call_count,profile.total_time_ns,profile.cumulative_time_ns",Run an opt-in cProfile session around the parent workload. Correlate this exact symbol with the AST inventory.,"file,symbol,class,workload_name,workload_size,state,python_version",Do not emit a production event. Profile one bounded benchmark run for each workload cell.,Do not add a local timer. Use a separate unprofiled run for acceptance timing.,"Do not record tokens, credentials, request or response bodies, SQL text, file paths, MAC addresses, IP addresses, organization identifiers, site identifiers, device identifiers, or user text. Use allowlisted labels, coarse buckets, and one-way run-local correlation identifiers.",1 algorithms/repeated work; 3 data structures; 4 allocations/copying; 7 measured Python loops; 8 object layout/GC
hook-0125,aggregate boundary only,src/dataclasses/map_viewer_deps.py,MapViewerScope,cProfile correlation,"profile.call_count,profile.primitive_call_count,profile.total_time_ns,profile.cumulative_time_ns",Run an opt-in cProfile session around the parent workload. Correlate this exact symbol with the AST inventory.,"file,symbol,class,workload_name,workload_size,state,python_version",Do not emit a production event. Profile one bounded benchmark run for each workload cell.,Do not add a local timer. Use a separate unprofiled run for acceptance timing.,"Do not record tokens, credentials, request or response bodies, SQL text, file paths, MAC addresses, IP addresses, organization identifiers, site identifiers, device identifiers, or user text. Use allowlisted labels, coarse buckets, and one-way run-local correlation identifiers.",1 algorithms/repeated work; 3 data structures; 4 allocations/copying; 7 measured Python loops; 8 object layout/GC
hook-0126,aggregate boundary only,src/dataclasses/map_wizard_deps.py,MapWizardPreviewContext,cProfile correlation,"profile.call_count,profile.primitive_call_count,profile.total_time_ns,profile.cumulative_time_ns",Run an opt-in cProfile session around the parent workload. Correlate this exact symbol with the AST inventory.,"file,symbol,class,workload_name,workload_size,state,python_version",Do not emit a production event. Profile one bounded benchmark run for each workload cell.,Do not add a local timer. Use a separate unprofiled run for acceptance timing.,"Do not record tokens, credentials, request or response bodies, SQL text, file paths, MAC addresses, IP addresses, organization identifiers, site identifiers, device identifiers, or user text. Use allowlisted labels, coarse buckets, and one-way run-local correlation identifiers.",1 algorithms/repeated work; 3 data structures; 4 allocations/copying; 7 measured Python loops; 8 object layout/GC
hook-0127,aggregate boundary only,src/dataclasses/msp_org_context.py,MspOrgContext,cProfile correlation,"profile.call_count,profile.primitive_call_count,profile.total_time_ns,profile.cumulative_time_ns",Run an opt-in cProfile session around the parent workload. Correlate this exact symbol with the AST inventory.,"file,symbol,class,workload_name,workload_size,state,python_version",Do not emit a production event. Profile one bounded benchmark run for each workload cell.,Do not add a local timer. Use a separate unprofiled run for acceptance timing.,"Do not record tokens, credentials, request or response bodies, SQL text, file paths, MAC addresses, IP addresses, organization identifiers, site identifiers, device identifiers, or user text. Use allowlisted labels, coarse buckets, and one-way run-local correlation identifiers.",1 algorithms/repeated work; 3 data structures; 4 allocations/copying; 7 measured Python loops; 8 object layout/GC
hook-0128,aggregate boundary only,src/dataclasses/polyglot_write_outcome.py,PolyglotWriteOutcome,cProfile correlation,"profile.call_count,profile.primitive_call_count,profile.total_time_ns,profile.cumulative_time_ns",Run an opt-in cProfile session around the parent workload. Correlate this exact symbol with the AST inventory.,"file,symbol,class,workload_name,workload_size,state,python_version",Do not emit a production event. Profile one bounded benchmark run for each workload cell.,Do not add a local timer. Use a separate unprofiled run for acceptance timing.,"Do not record tokens, credentials, request or response bodies, SQL text, file paths, MAC addresses, IP addresses, organization identifiers, site identifiers, device identifiers, or user text. Use allowlisted labels, coarse buckets, and one-way run-local correlation identifiers.",1 algorithms/repeated work; 3 data structures; 4 allocations/copying; 7 measured Python loops; 8 object layout/GC
hook-0129,aggregate boundary only,src/dataclasses/progress_event.py,ProgressContext,cProfile correlation,"profile.call_count,profile.primitive_call_count,profile.total_time_ns,profile.cumulative_time_ns",Run an opt-in cProfile session around the parent workload. Correlate this exact symbol with the AST inventory.,"file,symbol,class,workload_name,workload_size,state,python_version",Do not emit a production event. Profile one bounded benchmark run for each workload cell.,Do not add a local timer. Use a separate unprofiled run for acceptance timing.,"Do not record tokens, credentials, request or response bodies, SQL text, file paths, MAC addresses, IP addresses, organization identifiers, site identifiers, device identifiers, or user text. Use allowlisted labels, coarse buckets, and one-way run-local correlation identifiers.",1 algorithms/repeated work; 3 data structures; 4 allocations/copying; 7 measured Python loops; 8 object layout/GC
hook-0130,aggregate boundary only,src/dataclasses/site_auto_upgrade_deps.py,SiteAutoUpgradeCoreDeps,cProfile correlation,"profile.call_count,profile.primitive_call_count,profile.total_time_ns,profile.cumulative_time_ns",Run an opt-in cProfile session around the parent workload. Correlate this exact symbol with the AST inventory.,"file,symbol,class,workload_name,workload_size,state,python_version",Do not emit a production event. Profile one bounded benchmark run for each workload cell.,Do not add a local timer. Use a separate unprofiled run for acceptance timing.,"Do not record tokens, credentials, request or response bodies, SQL text, file paths, MAC addresses, IP addresses, organization identifiers, site identifiers, device identifiers, or user text. Use allowlisted labels, coarse buckets, and one-way run-local correlation identifiers.",1 algorithms/repeated work; 3 data structures; 4 allocations/copying; 7 measured Python loops; 8 object layout/GC
hook-0131,aggregate boundary only,src/dataclasses/systematic_test_option.py,SystematicTestOption,cProfile correlation,"profile.call_count,profile.primitive_call_count,profile.total_time_ns,profile.cumulative_time_ns",Run an opt-in cProfile session around the parent workload. Correlate this exact symbol with the AST inventory.,"file,symbol,class,workload_name,workload_size,state,python_version",Do not emit a production event. Profile one bounded benchmark run for each workload cell.,Do not add a local timer. Use a separate unprofiled run for acceptance timing.,"Do not record tokens, credentials, request or response bodies, SQL text, file paths, MAC addresses, IP addresses, organization identifiers, site identifiers, device identifiers, or user text. Use allowlisted labels, coarse buckets, and one-way run-local correlation identifiers.",1 algorithms/repeated work; 3 data structures; 4 allocations/copying; 7 measured Python loops; 8 object layout/GC
hook-0132,aggregate boundary only,src/dataclasses/websocket_stream_target.py,WebSocketStreamTarget,cProfile correlation,"profile.call_count,profile.primitive_call_count,profile.total_time_ns,profile.cumulative_time_ns",Run an opt-in cProfile session around the parent workload. Correlate this exact symbol with the AST inventory.,"file,symbol,class,workload_name,workload_size,state,python_version",Do not emit a production event. Profile one bounded benchmark run for each workload cell.,Do not add a local timer. Use a separate unprofiled run for acceptance timing.,"Do not record tokens, credentials, request or response bodies, SQL text, file paths, MAC addresses, IP addresses, organization identifiers, site identifiers, device identifiers, or user text. Use allowlisted labels, coarse buckets, and one-way run-local correlation identifiers.",1 algorithms/repeated work; 2 I/O/sequential batching; 5 serialization/validation; 7 measured Python loops
hook-0133,aggregate boundary only,src/db/__init__.py,configure_db_logging,cProfile correlation,"profile.call_count,profile.primitive_call_count,profile.total_time_ns,profile.cumulative_time_ns",Run an opt-in cProfile session around the parent workload. Correlate this exact symbol with the AST inventory.,"file,symbol,class,workload_name,workload_size,state,python_version",Do not emit a production event. Profile one bounded benchmark run for each workload cell.,Do not add a local timer. Use a separate unprofiled run for acceptance timing.,"Do not record tokens, credentials, request or response bodies, SQL text, file paths, MAC addresses, IP addresses, organization identifiers, site identifiers, device identifiers, or user text. Use allowlisted labels, coarse buckets, and one-way run-local correlation identifiers.",1 algorithms/repeated work; 3 data structures; 4 allocations/copying; 7 measured Python loops; 8 object layout/GC
hook-0134,production hook,src/db/arango_writer.py,ArangoDBWriter.write,database,"db.wall_ns,db.process_cpu_ns,db.operations_total,db.rows_total,db.statement_bytes,db.errors_total,db.retries_total",Measure the logical database operation. Use backend or SQLAlchemy events for each physical query and transaction.,"file,symbol,backend,operation,statement_kind,status,row_bucket,workload_size,state","Count every query. Sample duration at most 1 in 20 successful queries. Keep all slow, retried, and failed queries. Never label statement text.",Use event hooks and cursor row counts. Do not format SQL or copy result rows for telemetry.,"Do not record tokens, credentials, request or response bodies, SQL text, file paths, MAC addresses, IP addresses, organization identifiers, site identifiers, device identifiers, or user text. Use allowlisted labels, coarse buckets, and one-way run-local correlation identifiers.",1 algorithms/repeated work; 2 I/O/sequential batching; 3 data structures; 6 bounded caching
hook-0135,production hook,src/db/arango_writer.py,ArangoDBWriter.snapshot,database,"db.wall_ns,db.process_cpu_ns,db.operations_total,db.rows_total,db.statement_bytes,db.errors_total,db.retries_total",Measure the logical database operation. Use backend or SQLAlchemy events for each physical query and transaction.,"file,symbol,backend,operation,statement_kind,status,row_bucket,workload_size,state","Count every query. Sample duration at most 1 in 20 successful queries. Keep all slow, retried, and failed queries. Never label statement text.",Use event hooks and cursor row counts. Do not format SQL or copy result rows for telemetry.,"Do not record tokens, credentials, request or response bodies, SQL text, file paths, MAC addresses, IP addresses, organization identifiers, site identifiers, device identifiers, or user text. Use allowlisted labels, coarse buckets, and one-way run-local correlation identifiers.",1 algorithms/repeated work; 2 I/O/sequential batching; 3 data structures; 6 bounded caching
hook-0136,aggregate boundary only,src/db/database_schema_utils.py,DatabaseSchemaUtils,cProfile correlation,"profile.call_count,profile.primitive_call_count,profile.total_time_ns,profile.cumulative_time_ns",Run an opt-in cProfile session around the parent workload. Correlate this exact symbol with the AST inventory.,"file,symbol,class,workload_name,workload_size,state,python_version",Do not emit a production event. Profile one bounded benchmark run for each workload cell.,Do not add a local timer. Use a separate unprofiled run for acceptance timing.,"Do not record tokens, credentials, request or response bodies, SQL text, file paths, MAC addresses, IP addresses, organization identifiers, site identifiers, device identifiers, or user text. Use allowlisted labels, coarse buckets, and one-way run-local correlation identifiers.",1 algorithms/repeated work; 3 data structures; 4 allocations/copying; 5 serialization/validation; 7 measured Python loops
hook-0137,production hook,src/db/redis_writer.py,RedisTimeSeriesWriter.write,database,"db.wall_ns,db.process_cpu_ns,db.operations_total,db.rows_total,db.statement_bytes,db.errors_total,db.retries_total",Measure the logical database operation. Use backend or SQLAlchemy events for each physical query and transaction.,"file,symbol,backend,operation,statement_kind,status,row_bucket,workload_size,state","Count every query. Sample duration at most 1 in 20 successful queries. Keep all slow, retried, and failed queries. Never label statement text.",Use event hooks and cursor row counts. Do not format SQL or copy result rows for telemetry.,"Do not record tokens, credentials, request or response bodies, SQL text, file paths, MAC addresses, IP addresses, organization identifiers, site identifiers, device identifiers, or user text. Use allowlisted labels, coarse buckets, and one-way run-local correlation identifiers.",1 algorithms/repeated work; 2 I/O/sequential batching; 3 data structures; 6 bounded caching
hook-0138,production hook,src/db/redis_writer.py,RedisJSONWriter.write,database,"db.wall_ns,db.process_cpu_ns,db.operations_total,db.rows_total,db.statement_bytes,db.errors_total,db.retries_total",Measure the logical database operation. Use backend or SQLAlchemy events for each physical query and transaction.,"file,symbol,backend,operation,statement_kind,status,row_bucket,workload_size,state","Count every query. Sample duration at most 1 in 20 successful queries. Keep all slow, retried, and failed queries. Never label statement text.",Use event hooks and cursor row counts. Do not format SQL or copy result rows for telemetry.,"Do not record tokens, credentials, request or response bodies, SQL text, file paths, MAC addresses, IP addresses, organization identifiers, site identifiers, device identifiers, or user text. Use allowlisted labels, coarse buckets, and one-way run-local correlation identifiers.",1 algorithms/repeated work; 2 I/O/sequential batching; 3 data structures; 6 bounded caching
hook-0139,aggregate boundary only,src/db/retention.py,RetentionManager,cProfile correlation,"profile.call_count,profile.primitive_call_count,profile.total_time_ns,profile.cumulative_time_ns",Run an opt-in cProfile session around the parent workload. Correlate this exact symbol with the AST inventory.,"file,symbol,class,workload_name,workload_size,state,python_version",Do not emit a production event. Profile one bounded benchmark run for each workload cell.,Do not add a local timer. Use a separate unprofiled run for acceptance timing.,"Do not record tokens, credentials, request or response bodies, SQL text, file paths, MAC addresses, IP addresses, organization identifiers, site identifiers, device identifiers, or user text. Use allowlisted labels, coarse buckets, and one-way run-local correlation identifiers.",1 algorithms/repeated work; 3 data structures; 4 allocations/copying; 7 measured Python loops; 8 object layout/GC
hook-0140,production hook,src/db/router.py,DatabaseRouter.write,database,"db.wall_ns,db.process_cpu_ns,db.operations_total,db.rows_total,db.statement_bytes,db.errors_total,db.retries_total",Measure the logical database operation. Use backend or SQLAlchemy events for each physical query and transaction.,"file,symbol,backend,operation,statement_kind,status,row_bucket,workload_size,state","Count every query. Sample duration at most 1 in 20 successful queries. Keep all slow, retried, and failed queries. Never label statement text.",Use event hooks and cursor row counts. Do not format SQL or copy result rows for telemetry.,"Do not record tokens, credentials, request or response bodies, SQL text, file paths, MAC addresses, IP addresses, organization identifiers, site identifiers, device identifiers, or user text. Use allowlisted labels, coarse buckets, and one-way run-local correlation identifiers.",1 algorithms/repeated work; 2 I/O/sequential batching; 3 data structures; 6 bounded caching
hook-0141,aggregate boundary only,src/device/_utility_commands_action.py,_UtilityCommandsAction,cProfile correlation,"profile.call_count,profile.primitive_call_count,profile.total_time_ns,profile.cumulative_time_ns",Run an opt-in cProfile session around the parent workload. Correlate this exact symbol with the AST inventory.,"file,symbol,class,workload_name,workload_size,state,python_version",Do not emit a production event. Profile one bounded benchmark run for each workload cell.,Do not add a local timer. Use a separate unprofiled run for acceptance timing.,"Do not record tokens, credentials, request or response bodies, SQL text, file paths, MAC addresses, IP addresses, organization identifiers, site identifiers, device identifiers, or user text. Use allowlisted labels, coarse buckets, and one-way run-local correlation identifiers.",1 algorithms/repeated work; 3 data structures; 4 allocations/copying; 7 measured Python loops; 8 object layout/GC
hook-0142,aggregate boundary only,src/device/_utility_commands_clear.py,_UtilityCommandsClear,cProfile correlation,"profile.call_count,profile.primitive_call_count,profile.total_time_ns,profile.cumulative_time_ns",Run an opt-in cProfile session around the parent workload. Correlate this exact symbol with the AST inventory.,"file,symbol,class,workload_name,workload_size,state,python_version",Do not emit a production event. Profile one bounded benchmark run for each workload cell.,Do not add a local timer. Use a separate unprofiled run for acceptance timing.,"Do not record tokens, credentials, request or response bodies, SQL text, file paths, MAC addresses, IP addresses, organization identifiers, site identifiers, device identifiers, or user text. Use allowlisted labels, coarse buckets, and one-way run-local correlation identifiers.",1 algorithms/repeated work; 3 data structures; 4 allocations/copying; 7 measured Python loops; 8 object layout/GC
hook-0143,aggregate boundary only,src/device/_utility_commands_cluster.py,_ClusterBase,cProfile correlation,"profile.call_count,profile.primitive_call_count,profile.total_time_ns,profile.cumulative_time_ns",Run an opt-in cProfile session around the parent workload. Correlate this exact symbol with the AST inventory.,"file,symbol,class,workload_name,workload_size,state,python_version",Do not emit a production event. Profile one bounded benchmark run for each workload cell.,Do not add a local timer. Use a separate unprofiled run for acceptance timing.,"Do not record tokens, credentials, request or response bodies, SQL text, file paths, MAC addresses, IP addresses, organization identifiers, site identifiers, device identifiers, or user text. Use allowlisted labels, coarse buckets, and one-way run-local correlation identifiers.",1 algorithms/repeated work; 3 data structures; 4 allocations/copying; 7 measured Python loops; 8 object layout/GC
hook-0144,aggregate boundary only,src/device/_utility_commands_selection.py,_UtilityCommandsSelection,cProfile correlation,"profile.call_count,profile.primitive_call_count,profile.total_time_ns,profile.cumulative_time_ns",Run an opt-in cProfile session around the parent workload. Correlate this exact symbol with the AST inventory.,"file,symbol,class,workload_name,workload_size,state,python_version",Do not emit a production event. Profile one bounded benchmark run for each workload cell.,Do not add a local timer. Use a separate unprofiled run for acceptance timing.,"Do not record tokens, credentials, request or response bodies, SQL text, file paths, MAC addresses, IP addresses, organization identifiers, site identifiers, device identifiers, or user text. Use allowlisted labels, coarse buckets, and one-way run-local correlation identifiers.",1 algorithms/repeated work; 3 data structures; 4 allocations/copying; 7 measured Python loops; 8 object layout/GC
hook-0145,aggregate boundary only,src/device/_utility_commands_show.py,ShowCommandSpec,cProfile correlation,"profile.call_count,profile.primitive_call_count,profile.total_time_ns,profile.cumulative_time_ns",Run an opt-in cProfile session around the parent workload. Correlate this exact symbol with the AST inventory.,"file,symbol,class,workload_name,workload_size,state,python_version",Do not emit a production event. Profile one bounded benchmark run for each workload cell.,Do not add a local timer. Use a separate unprofiled run for acceptance timing.,"Do not record tokens, credentials, request or response bodies, SQL text, file paths, MAC addresses, IP addresses, organization identifiers, site identifiers, device identifiers, or user text. Use allowlisted labels, coarse buckets, and one-way run-local correlation identifiers.",1 algorithms/repeated work; 3 data structures; 4 allocations/copying; 7 measured Python loops; 8 object layout/GC
hook-0146,aggregate boundary only,src/device/_utility_commands_websocket.py,StreamWsSpec,cProfile correlation,"profile.call_count,profile.primitive_call_count,profile.total_time_ns,profile.cumulative_time_ns",Run an opt-in cProfile session around the parent workload. Correlate this exact symbol with the AST inventory.,"file,symbol,class,workload_name,workload_size,state,python_version",Do not emit a production event. Profile one bounded benchmark run for each workload cell.,Do not add a local timer. Use a separate unprofiled run for acceptance timing.,"Do not record tokens, credentials, request or response bodies, SQL text, file paths, MAC addresses, IP addresses, organization identifiers, site identifiers, device identifiers, or user text. Use allowlisted labels, coarse buckets, and one-way run-local correlation identifiers.",1 algorithms/repeated work; 2 I/O/sequential batching; 5 serialization/validation; 7 measured Python loops
hook-0147,aggregate boundary only,src/device/ap_profile_migration_manager.py,APProfileReassignmentError,cProfile correlation,"profile.call_count,profile.primitive_call_count,profile.total_time_ns,profile.cumulative_time_ns",Run an opt-in cProfile session around the parent workload. Correlate this exact symbol with the AST inventory.,"file,symbol,class,workload_name,workload_size,state,python_version",Do not emit a production event. Profile one bounded benchmark run for each workload cell.,Do not add a local timer. Use a separate unprofiled run for acceptance timing.,"Do not record tokens, credentials, request or response bodies, SQL text, file paths, MAC addresses, IP addresses, organization identifiers, site identifiers, device identifiers, or user text. Use allowlisted labels, coarse buckets, and one-way run-local correlation identifiers.",1 algorithms/repeated work; 3 data structures; 4 allocations/copying; 7 measured Python loops; 8 object layout/GC
hook-0148,aggregate boundary only,src/device/arp_command_manager.py,ARPCommandManager,cProfile correlation,"profile.call_count,profile.primitive_call_count,profile.total_time_ns,profile.cumulative_time_ns",Run an opt-in cProfile session around the parent workload. Correlate this exact symbol with the AST inventory.,"file,symbol,class,workload_name,workload_size,state,python_version",Do not emit a production event. Profile one bounded benchmark run for each workload cell.,Do not add a local timer. Use a separate unprofiled run for acceptance timing.,"Do not record tokens, credentials, request or response bodies, SQL text, file paths, MAC addresses, IP addresses, organization identifiers, site identifiers, device identifiers, or user text. Use allowlisted labels, coarse buckets, and one-way run-local correlation identifiers.",1 algorithms/repeated work; 3 data structures; 4 allocations/copying; 7 measured Python loops; 8 object layout/GC
hook-0149,aggregate boundary only,src/device/device_reboot_manager.py,DeviceRebootManager,cProfile correlation,"profile.call_count,profile.primitive_call_count,profile.total_time_ns,profile.cumulative_time_ns",Run an opt-in cProfile session around the parent workload. Correlate this exact symbol with the AST inventory.,"file,symbol,class,workload_name,workload_size,state,python_version",Do not emit a production event. Profile one bounded benchmark run for each workload cell.,Do not add a local timer. Use a separate unprofiled run for acceptance timing.,"Do not record tokens, credentials, request or response bodies, SQL text, file paths, MAC addresses, IP addresses, organization identifiers, site identifiers, device identifiers, or user text. Use allowlisted labels, coarse buckets, and one-way run-local correlation identifiers.",1 algorithms/repeated work; 3 data structures; 4 allocations/copying; 7 measured Python loops; 8 object layout/GC
hook-0150,aggregate boundary only,src/device/device_utils.py,DeviceUtils,cProfile correlation,"profile.call_count,profile.primitive_call_count,profile.total_time_ns,profile.cumulative_time_ns",Run an opt-in cProfile session around the parent workload. Correlate this exact symbol with the AST inventory.,"file,symbol,class,workload_name,workload_size,state,python_version",Do not emit a production event. Profile one bounded benchmark run for each workload cell.,Do not add a local timer. Use a separate unprofiled run for acceptance timing.,"Do not record tokens, credentials, request or response bodies, SQL text, file paths, MAC addresses, IP addresses, organization identifiers, site identifiers, device identifiers, or user text. Use allowlisted labels, coarse buckets, and one-way run-local correlation identifiers.",1 algorithms/repeated work; 3 data structures; 4 allocations/copying; 7 measured Python loops; 8 object layout/GC
hook-0151,aggregate boundary only,src/device/prompt_utils.py,PromptNetworkDeviceUtils,cProfile correlation,"profile.call_count,profile.primitive_call_count,profile.total_time_ns,profile.cumulative_time_ns",Run an opt-in cProfile session around the parent workload. Correlate this exact symbol with the AST inventory.,"file,symbol,class,workload_name,workload_size,state,python_version",Do not emit a production event. Profile one bounded benchmark run for each workload cell.,Do not add a local timer. Use a separate unprofiled run for acceptance timing.,"Do not record tokens, credentials, request or response bodies, SQL text, file paths, MAC addresses, IP addresses, organization identifiers, site identifiers, device identifiers, or user text. Use allowlisted labels, coarse buckets, and one-way run-local correlation identifiers.",1 algorithms/repeated work; 3 data structures; 4 allocations/copying; 7 measured Python loops; 8 object layout/GC
hook-0152,aggregate boundary only,src/device/utility_commands.py,UtilityCommandsDeps,cProfile correlation,"profile.call_count,profile.primitive_call_count,profile.total_time_ns,profile.cumulative_time_ns",Run an opt-in cProfile session around the parent workload. Correlate this exact symbol with the AST inventory.,"file,symbol,class,workload_name,workload_size,state,python_version",Do not emit a production event. Profile one bounded benchmark run for each workload cell.,Do not add a local timer. Use a separate unprofiled run for acceptance timing.,"Do not record tokens, credentials, request or response bodies, SQL text, file paths, MAC addresses, IP addresses, organization identifiers, site identifiers, device identifiers, or user text. Use allowlisted labels, coarse buckets, and one-way run-local correlation identifiers.",1 algorithms/repeated work; 3 data structures; 4 allocations/copying; 7 measured Python loops; 8 object layout/GC
hook-0153,aggregate boundary only,src/device/virtual_chassis.py,VCIODeps,cProfile correlation,"profile.call_count,profile.primitive_call_count,profile.total_time_ns,profile.cumulative_time_ns",Run an opt-in cProfile session around the parent workload. Correlate this exact symbol with the AST inventory.,"file,symbol,class,workload_name,workload_size,state,python_version",Do not emit a production event. Profile one bounded benchmark run for each workload cell.,Do not add a local timer. Use a separate unprofiled run for acceptance timing.,"Do not record tokens, credentials, request or response bodies, SQL text, file paths, MAC addresses, IP addresses, organization identifiers, site identifiers, device identifiers, or user text. Use allowlisted labels, coarse buckets, and one-way run-local correlation identifiers.",1 algorithms/repeated work; 3 data structures; 4 allocations/copying; 7 measured Python loops; 8 object layout/GC
hook-0154,aggregate boundary only,src/export/const_definitions_exporter.py,ConstDefinitionsExporter,cProfile correlation,"profile.call_count,profile.primitive_call_count,profile.total_time_ns,profile.cumulative_time_ns",Run an opt-in cProfile session around the parent workload. Correlate this exact symbol with the AST inventory.,"file,symbol,class,workload_name,workload_size,state,python_version",Do not emit a production event. Profile one bounded benchmark run for each workload cell.,Do not add a local timer. Use a separate unprofiled run for acceptance timing.,"Do not record tokens, credentials, request or response bodies, SQL text, file paths, MAC addresses, IP addresses, organization identifiers, site identifiers, device identifiers, or user text. Use allowlisted labels, coarse buckets, and one-way run-local correlation identifiers.",1 algorithms/repeated work; 3 data structures; 4 allocations/copying; 5 serialization/validation; 7 measured Python loops
hook-0155,aggregate boundary only,src/export/count_exporter.py,CountExporter,cProfile correlation,"profile.call_count,profile.primitive_call_count,profile.total_time_ns,profile.cumulative_time_ns",Run an opt-in cProfile session around the parent workload. Correlate this exact symbol with the AST inventory.,"file,symbol,class,workload_name,workload_size,state,python_version",Do not emit a production event. Profile one bounded benchmark run for each workload cell.,Do not add a local timer. Use a separate unprofiled run for acceptance timing.,"Do not record tokens, credentials, request or response bodies, SQL text, file paths, MAC addresses, IP addresses, organization identifiers, site identifiers, device identifiers, or user text. Use allowlisted labels, coarse buckets, and one-way run-local correlation identifiers.",1 algorithms/repeated work; 3 data structures; 4 allocations/copying; 5 serialization/validation; 7 measured Python loops
hook-0156,production hook,src/export/data_exporter.py,DataExporter.write_with_format_selection,serializer_file,"serialize.wall_ns,serialize.process_cpu_ns,serialize.input_bytes,serialize.output_bytes,file.wall_ns,file.operations_total,file.write_bytes",Measure serialization and file writing as separate child stages under one operation.,"file,symbol,format,file_kind,size_bucket,status,workload_size,state",Enable for selected exports. Sample at most 1 in 50 successes. Keep aggregate counts for every enabled operation.,Avoid duplicate encoding. Do not start tracemalloc in normal operation. Buffer telemetry outside the measured stage.,"Do not record tokens, credentials, request or response bodies, SQL text, file paths, MAC addresses, IP addresses, organization identifiers, site identifiers, device identifiers, or user text. Use allowlisted labels, coarse buckets, and one-way run-local correlation identifiers.",2 I/O/sequential batching; 4 allocations/copying; 5 serialization/validation; 7 measured Python loops
hook-0157,production hook,src/export/device_events_52w_exporter.py,DeviceEvents52wExporter.export,http_transport,"http.wall_ns,http.process_cpu_ns,http.requests_total,http.retries_total,http.pages_total,http.request_bytes,http.response_bytes,http.items_total,http.status_total","Measure the transport call, each retry, each page, and response decoding as separate nonoverlapping stages.","file,symbol,endpoint_template,method,status_class,retry_reason,page_bucket,workload_size,state",Count every request. Sample timing for at most 1 in 20 successes. Keep all retries and failures. Never label raw URLs or identifiers.,Use monotonic nanosecond clocks. Reuse transport metadata. Do not serialize payloads to measure their size.,"Do not record tokens, credentials, request or response bodies, SQL text, file paths, MAC addresses, IP addresses, organization identifiers, site identifiers, device identifiers, or user text. Use allowlisted labels, coarse buckets, and one-way run-local correlation identifiers.",2 I/O/sequential batching; 5 serialization/validation; 6 bounded caching
hook-0158,production hook,src/export/device_events_52w_exporter.py,_write_rows,file_io,"file.wall_ns,file.process_cpu_ns,file.operations_total,file.read_bytes,file.write_bytes,file.errors_total",Measure each logical open-read-close or open-write-flush-close operation and count actual bytes.,"file,symbol,operation,file_kind,size_bucket,status,workload_size,state",Count operations at the boundary. Sample timing at most 1 in 50 successes. Do not use a path as a label.,Use existing byte counts or file positions. Do not stat a file only for telemetry.,"Do not record tokens, credentials, request or response bodies, SQL text, file paths, MAC addresses, IP addresses, organization identifiers, site identifiers, device identifiers, or user text. Use allowlisted labels, coarse buckets, and one-way run-local correlation identifiers.",2 I/O/sequential batching; 4 allocations/copying; 5 serialization/validation
hook-0159,aggregate boundary only,src/export/gateway_test_exporter.py,GatewayTestExporter,cProfile correlation,"profile.call_count,profile.primitive_call_count,profile.total_time_ns,profile.cumulative_time_ns",Run an opt-in cProfile session around the parent workload. Correlate this exact symbol with the AST inventory.,"file,symbol,class,workload_name,workload_size,state,python_version",Do not emit a production event. Profile one bounded benchmark run for each workload cell.,Do not add a local timer. Use a separate unprofiled run for acceptance timing.,"Do not record tokens, credentials, request or response bodies, SQL text, file paths, MAC addresses, IP addresses, organization identifiers, site identifiers, device identifiers, or user text. Use allowlisted labels, coarse buckets, and one-way run-local correlation identifiers.",1 algorithms/repeated work; 3 data structures; 4 allocations/copying; 5 serialization/validation; 7 measured Python loops
hook-0160,aggregate boundary only,src/export/license_export_utils.py,LicenseExportUtils,cProfile correlation,"profile.call_count,profile.primitive_call_count,profile.total_time_ns,profile.cumulative_time_ns",Run an opt-in cProfile session around the parent workload. Correlate this exact symbol with the AST inventory.,"file,symbol,class,workload_name,workload_size,state,python_version",Do not emit a production event. Profile one bounded benchmark run for each workload cell.,Do not add a local timer. Use a separate unprofiled run for acceptance timing.,"Do not record tokens, credentials, request or response bodies, SQL text, file paths, MAC addresses, IP addresses, organization identifiers, site identifiers, device identifiers, or user text. Use allowlisted labels, coarse buckets, and one-way run-local correlation identifiers.",1 algorithms/repeated work; 3 data structures; 4 allocations/copying; 5 serialization/validation; 7 measured Python loops
hook-0161,aggregate boundary only,src/export/msp_inventory_exporter.py,MSPInventoryExporter,cProfile correlation,"profile.call_count,profile.primitive_call_count,profile.total_time_ns,profile.cumulative_time_ns",Run an opt-in cProfile session around the parent workload. Correlate this exact symbol with the AST inventory.,"file,symbol,class,workload_name,workload_size,state,python_version",Do not emit a production event. Profile one bounded benchmark run for each workload cell.,Do not add a local timer. Use a separate unprofiled run for acceptance timing.,"Do not record tokens, credentials, request or response bodies, SQL text, file paths, MAC addresses, IP addresses, organization identifiers, site identifiers, device identifiers, or user text. Use allowlisted labels, coarse buckets, and one-way run-local correlation identifiers.",1 algorithms/repeated work; 3 data structures; 4 allocations/copying; 5 serialization/validation; 7 measured Python loops
hook-0162,aggregate boundary only,src/export/msp_license_exporter.py,MSPLicenseExporter,cProfile correlation,"profile.call_count,profile.primitive_call_count,profile.total_time_ns,profile.cumulative_time_ns",Run an opt-in cProfile session around the parent workload. Correlate this exact symbol with the AST inventory.,"file,symbol,class,workload_name,workload_size,state,python_version",Do not emit a production event. Profile one bounded benchmark run for each workload cell.,Do not add a local timer. Use a separate unprofiled run for acceptance timing.,"Do not record tokens, credentials, request or response bodies, SQL text, file paths, MAC addresses, IP addresses, organization identifiers, site identifiers, device identifiers, or user text. Use allowlisted labels, coarse buckets, and one-way run-local correlation identifiers.",1 algorithms/repeated work; 3 data structures; 4 allocations/copying; 5 serialization/validation; 7 measured Python loops
hook-0163,aggregate boundary only,src/export/org_admin_exporter.py,OrgAdminExporter,cProfile correlation,"profile.call_count,profile.primitive_call_count,profile.total_time_ns,profile.cumulative_time_ns",Run an opt-in cProfile session around the parent workload. Correlate this exact symbol with the AST inventory.,"file,symbol,class,workload_name,workload_size,state,python_version",Do not emit a production event. Profile one bounded benchmark run for each workload cell.,Do not add a local timer. Use a separate unprofiled run for acceptance timing.,"Do not record tokens, credentials, request or response bodies, SQL text, file paths, MAC addresses, IP addresses, organization identifiers, site identifiers, device identifiers, or user text. Use allowlisted labels, coarse buckets, and one-way run-local correlation identifiers.",1 algorithms/repeated work; 3 data structures; 4 allocations/copying; 5 serialization/validation; 7 measured Python loops
hook-0164,aggregate boundary only,src/export/org_alarm_event_exporter.py,OrgAlarmEventExporter,cProfile correlation,"profile.call_count,profile.primitive_call_count,profile.total_time_ns,profile.cumulative_time_ns",Run an opt-in cProfile session around the parent workload. Correlate this exact symbol with the AST inventory.,"file,symbol,class,workload_name,workload_size,state,python_version",Do not emit a production event. Profile one bounded benchmark run for each workload cell.,Do not add a local timer. Use a separate unprofiled run for acceptance timing.,"Do not record tokens, credentials, request or response bodies, SQL text, file paths, MAC addresses, IP addresses, organization identifiers, site identifiers, device identifiers, or user text. Use allowlisted labels, coarse buckets, and one-way run-local correlation identifiers.",1 algorithms/repeated work; 3 data structures; 4 allocations/copying; 5 serialization/validation; 7 measured Python loops
hook-0165,aggregate boundary only,src/export/org_client_security_exporter.py,OrgClientSecurityExporter,cProfile correlation,"profile.call_count,profile.primitive_call_count,profile.total_time_ns,profile.cumulative_time_ns",Run an opt-in cProfile session around the parent workload. Correlate this exact symbol with the AST inventory.,"file,symbol,class,workload_name,workload_size,state,python_version",Do not emit a production event. Profile one bounded benchmark run for each workload cell.,Do not add a local timer. Use a separate unprofiled run for acceptance timing.,"Do not record tokens, credentials, request or response bodies, SQL text, file paths, MAC addresses, IP addresses, organization identifiers, site identifiers, device identifiers, or user text. Use allowlisted labels, coarse buckets, and one-way run-local correlation identifiers.",1 algorithms/repeated work; 3 data structures; 4 allocations/copying; 5 serialization/validation; 7 measured Python loops
hook-0166,aggregate boundary only,src/export/org_config_exporter.py,OrgConfigExporter,cProfile correlation,"profile.call_count,profile.primitive_call_count,profile.total_time_ns,profile.cumulative_time_ns",Run an opt-in cProfile session around the parent workload. Correlate this exact symbol with the AST inventory.,"file,symbol,class,workload_name,workload_size,state,python_version",Do not emit a production event. Profile one bounded benchmark run for each workload cell.,Do not add a local timer. Use a separate unprofiled run for acceptance timing.,"Do not record tokens, credentials, request or response bodies, SQL text, file paths, MAC addresses, IP addresses, organization identifiers, site identifiers, device identifiers, or user text. Use allowlisted labels, coarse buckets, and one-way run-local correlation identifiers.",1 algorithms/repeated work; 3 data structures; 4 allocations/copying; 5 serialization/validation; 7 measured Python loops
hook-0167,aggregate boundary only,src/export/org_cradlepoint_connection_exporter.py,OrgCradlepointConnectionExporter,cProfile correlation,"profile.call_count,profile.primitive_call_count,profile.total_time_ns,profile.cumulative_time_ns",Run an opt-in cProfile session around the parent workload. Correlate this exact symbol with the AST inventory.,"file,symbol,class,workload_name,workload_size,state,python_version",Do not emit a production event. Profile one bounded benchmark run for each workload cell.,Do not add a local timer. Use a separate unprofiled run for acceptance timing.,"Do not record tokens, credentials, request or response bodies, SQL text, file paths, MAC addresses, IP addresses, organization identifiers, site identifiers, device identifiers, or user text. Use allowlisted labels, coarse buckets, and one-way run-local correlation identifiers.",1 algorithms/repeated work; 3 data structures; 4 allocations/copying; 5 serialization/validation; 7 measured Python loops
hook-0168,aggregate boundary only,src/export/org_device_stats_exporter.py,OrgDeviceStatsExporter,cProfile correlation,"profile.call_count,profile.primitive_call_count,profile.total_time_ns,profile.cumulative_time_ns",Run an opt-in cProfile session around the parent workload. Correlate this exact symbol with the AST inventory.,"file,symbol,class,workload_name,workload_size,state,python_version",Do not emit a production event. Profile one bounded benchmark run for each workload cell.,Do not add a local timer. Use a separate unprofiled run for acceptance timing.,"Do not record tokens, credentials, request or response bodies, SQL text, file paths, MAC addresses, IP addresses, organization identifiers, site identifiers, device identifiers, or user text. Use allowlisted labels, coarse buckets, and one-way run-local correlation identifiers.",1 algorithms/repeated work; 3 data structures; 4 allocations/copying; 5 serialization/validation; 7 measured Python loops
hook-0169,production hook,src/export/org_export_utils.py,OrgExportUtils.export_data,http_transport,"http.wall_ns,http.process_cpu_ns,http.requests_total,http.retries_total,http.pages_total,http.request_bytes,http.response_bytes,http.items_total,http.status_total","Measure the transport call, each retry, each page, and response decoding as separate nonoverlapping stages.","file,symbol,endpoint_template,method,status_class,retry_reason,page_bucket,workload_size,state",Count every request. Sample timing for at most 1 in 20 successes. Keep all retries and failures. Never label raw URLs or identifiers.,Use monotonic nanosecond clocks. Reuse transport metadata. Do not serialize payloads to measure their size.,"Do not record tokens, credentials, request or response bodies, SQL text, file paths, MAC addresses, IP addresses, organization identifiers, site identifiers, device identifiers, or user text. Use allowlisted labels, coarse buckets, and one-way run-local correlation identifiers.",2 I/O/sequential batching; 5 serialization/validation; 6 bounded caching
hook-0170,aggregate boundary only,src/export/org_inventory_exporter.py,OrgInventoryExporter,cProfile correlation,"profile.call_count,profile.primitive_call_count,profile.total_time_ns,profile.cumulative_time_ns",Run an opt-in cProfile session around the parent workload. Correlate this exact symbol with the AST inventory.,"file,symbol,class,workload_name,workload_size,state,python_version",Do not emit a production event. Profile one bounded benchmark run for each workload cell.,Do not add a local timer. Use a separate unprofiled run for acceptance timing.,"Do not record tokens, credentials, request or response bodies, SQL text, file paths, MAC addresses, IP addresses, organization identifiers, site identifiers, device identifiers, or user text. Use allowlisted labels, coarse buckets, and one-way run-local correlation identifiers.",1 algorithms/repeated work; 3 data structures; 4 allocations/copying; 5 serialization/validation; 7 measured Python loops
hook-0171,aggregate boundary only,src/export/org_inventory_search_exporter.py,OrgInventorySearchExporter,cProfile correlation,"profile.call_count,profile.primitive_call_count,profile.total_time_ns,profile.cumulative_time_ns",Run an opt-in cProfile session around the parent workload. Correlate this exact symbol with the AST inventory.,"file,symbol,class,workload_name,workload_size,state,python_version",Do not emit a production event. Profile one bounded benchmark run for each workload cell.,Do not add a local timer. Use a separate unprofiled run for acceptance timing.,"Do not record tokens, credentials, request or response bodies, SQL text, file paths, MAC addresses, IP addresses, organization identifiers, site identifiers, device identifiers, or user text. Use allowlisted labels, coarse buckets, and one-way run-local correlation identifiers.",1 algorithms/repeated work; 3 data structures; 4 allocations/copying; 5 serialization/validation; 7 measured Python loops
hook-0172,aggregate boundary only,src/export/org_search_exporter.py,OrgSearchExporter,cProfile correlation,"profile.call_count,profile.primitive_call_count,profile.total_time_ns,profile.cumulative_time_ns",Run an opt-in cProfile session around the parent workload. Correlate this exact symbol with the AST inventory.,"file,symbol,class,workload_name,workload_size,state,python_version",Do not emit a production event. Profile one bounded benchmark run for each workload cell.,Do not add a local timer. Use a separate unprofiled run for acceptance timing.,"Do not record tokens, credentials, request or response bodies, SQL text, file paths, MAC addresses, IP addresses, organization identifiers, site identifiers, device identifiers, or user text. Use allowlisted labels, coarse buckets, and one-way run-local correlation identifiers.",1 algorithms/repeated work; 3 data structures; 4 allocations/copying; 5 serialization/validation; 7 measured Python loops
hook-0173,aggregate boundary only,src/export/org_sec_intel_profile_exporter.py,OrgSecIntelProfileExporter,cProfile correlation,"profile.call_count,profile.primitive_call_count,profile.total_time_ns,profile.cumulative_time_ns",Run an opt-in cProfile session around the parent workload. Correlate this exact symbol with the AST inventory.,"file,symbol,class,workload_name,workload_size,state,python_version",Do not emit a production event. Profile one bounded benchmark run for each workload cell.,Do not add a local timer. Use a separate unprofiled run for acceptance timing.,"Do not record tokens, credentials, request or response bodies, SQL text, file paths, MAC addresses, IP addresses, organization identifiers, site identifiers, device identifiers, or user text. Use allowlisted labels, coarse buckets, and one-way run-local correlation identifiers.",1 algorithms/repeated work; 3 data structures; 4 allocations/copying; 5 serialization/validation; 7 measured Python loops
hook-0174,aggregate boundary only,src/export/org_site_exporter.py,OrgSiteExporter,cProfile correlation,"profile.call_count,profile.primitive_call_count,profile.total_time_ns,profile.cumulative_time_ns",Run an opt-in cProfile session around the parent workload. Correlate this exact symbol with the AST inventory.,"file,symbol,class,workload_name,workload_size,state,python_version",Do not emit a production event. Profile one bounded benchmark run for each workload cell.,Do not add a local timer. Use a separate unprofiled run for acceptance timing.,"Do not record tokens, credentials, request or response bodies, SQL text, file paths, MAC addresses, IP addresses, organization identifiers, site identifiers, device identifiers, or user text. Use allowlisted labels, coarse buckets, and one-way run-local correlation identifiers.",1 algorithms/repeated work; 3 data structures; 4 allocations/copying; 5 serialization/validation; 7 measured Python loops
hook-0175,aggregate boundary only,src/export/org_template_exporter.py,OrgTemplateExporter,cProfile correlation,"profile.call_count,profile.primitive_call_count,profile.total_time_ns,profile.cumulative_time_ns",Run an opt-in cProfile session around the parent workload. Correlate this exact symbol with the AST inventory.,"file,symbol,class,workload_name,workload_size,state,python_version",Do not emit a production event. Profile one bounded benchmark run for each workload cell.,Do not add a local timer. Use a separate unprofiled run for acceptance timing.,"Do not record tokens, credentials, request or response bodies, SQL text, file paths, MAC addresses, IP addresses, organization identifiers, site identifiers, device identifiers, or user text. Use allowlisted labels, coarse buckets, and one-way run-local correlation identifiers.",1 algorithms/repeated work; 3 data structures; 4 allocations/copying; 5 serialization/validation; 7 measured Python loops
hook-0176,aggregate boundary only,src/export/org_webhook_deliveries_exporter.py,OrgWebhookDeliveriesExporter,cProfile correlation,"profile.call_count,profile.primitive_call_count,profile.total_time_ns,profile.cumulative_time_ns",Run an opt-in cProfile session around the parent workload. Correlate this exact symbol with the AST inventory.,"file,symbol,class,workload_name,workload_size,state,python_version",Do not emit a production event. Profile one bounded benchmark run for each workload cell.,Do not add a local timer. Use a separate unprofiled run for acceptance timing.,"Do not record tokens, credentials, request or response bodies, SQL text, file paths, MAC addresses, IP addresses, organization identifiers, site identifiers, device identifiers, or user text. Use allowlisted labels, coarse buckets, and one-way run-local correlation identifiers.",1 algorithms/repeated work; 3 data structures; 4 allocations/copying; 5 serialization/validation; 7 measured Python loops
hook-0177,aggregate boundary only,src/export/self_account_exporter.py,SelfAccountExporter,cProfile correlation,"profile.call_count,profile.primitive_call_count,profile.total_time_ns,profile.cumulative_time_ns",Run an opt-in cProfile session around the parent workload. Correlate this exact symbol with the AST inventory.,"file,symbol,class,workload_name,workload_size,state,python_version",Do not emit a production event. Profile one bounded benchmark run for each workload cell.,Do not add a local timer. Use a separate unprofiled run for acceptance timing.,"Do not record tokens, credentials, request or response bodies, SQL text, file paths, MAC addresses, IP addresses, organization identifiers, site identifiers, device identifiers, or user text. Use allowlisted labels, coarse buckets, and one-way run-local correlation identifiers.",1 algorithms/repeated work; 3 data structures; 4 allocations/copying; 5 serialization/validation; 7 measured Python loops
hook-0178,aggregate boundary only,src/export/self_export_utils.py,SelfExportUtils,cProfile correlation,"profile.call_count,profile.primitive_call_count,profile.total_time_ns,profile.cumulative_time_ns",Run an opt-in cProfile session around the parent workload. Correlate this exact symbol with the AST inventory.,"file,symbol,class,workload_name,workload_size,state,python_version",Do not emit a production event. Profile one bounded benchmark run for each workload cell.,Do not add a local timer. Use a separate unprofiled run for acceptance timing.,"Do not record tokens, credentials, request or response bodies, SQL text, file paths, MAC addresses, IP addresses, organization identifiers, site identifiers, device identifiers, or user text. Use allowlisted labels, coarse buckets, and one-way run-local correlation identifiers.",1 algorithms/repeated work; 3 data structures; 4 allocations/copying; 5 serialization/validation; 7 measured Python loops
hook-0179,aggregate boundary only,src/export/site_anomaly_exporter.py,SiteAnomalyExporter,cProfile correlation,"profile.call_count,profile.primitive_call_count,profile.total_time_ns,profile.cumulative_time_ns",Run an opt-in cProfile session around the parent workload. Correlate this exact symbol with the AST inventory.,"file,symbol,class,workload_name,workload_size,state,python_version",Do not emit a production event. Profile one bounded benchmark run for each workload cell.,Do not add a local timer. Use a separate unprofiled run for acceptance timing.,"Do not record tokens, credentials, request or response bodies, SQL text, file paths, MAC addresses, IP addresses, organization identifiers, site identifiers, device identifiers, or user text. Use allowlisted labels, coarse buckets, and one-way run-local correlation identifiers.",1 algorithms/repeated work; 3 data structures; 4 allocations/copying; 5 serialization/validation; 7 measured Python loops
hook-0180,aggregate boundary only,src/export/site_application_list_exporter.py,SiteApplicationListExporter,cProfile correlation,"profile.call_count,profile.primitive_call_count,profile.total_time_ns,profile.cumulative_time_ns",Run an opt-in cProfile session around the parent workload. Correlate this exact symbol with the AST inventory.,"file,symbol,class,workload_name,workload_size,state,python_version",Do not emit a production event. Profile one bounded benchmark run for each workload cell.,Do not add a local timer. Use a separate unprofiled run for acceptance timing.,"Do not record tokens, credentials, request or response bodies, SQL text, file paths, MAC addresses, IP addresses, organization identifiers, site identifiers, device identifiers, or user text. Use allowlisted labels, coarse buckets, and one-way run-local correlation identifiers.",1 algorithms/repeated work; 3 data structures; 4 allocations/copying; 5 serialization/validation; 7 measured Python loops
hook-0181,aggregate boundary only,src/export/site_asset_exporter.py,SiteAssetExporter,cProfile correlation,"profile.call_count,profile.primitive_call_count,profile.total_time_ns,profile.cumulative_time_ns",Run an opt-in cProfile session around the parent workload. Correlate this exact symbol with the AST inventory.,"file,symbol,class,workload_name,workload_size,state,python_version",Do not emit a production event. Profile one bounded benchmark run for each workload cell.,Do not add a local timer. Use a separate unprofiled run for acceptance timing.,"Do not record tokens, credentials, request or response bodies, SQL text, file paths, MAC addresses, IP addresses, organization identifiers, site identifiers, device identifiers, or user text. Use allowlisted labels, coarse buckets, and one-way run-local correlation identifiers.",1 algorithms/repeated work; 3 data structures; 4 allocations/copying; 5 serialization/validation; 7 measured Python loops
hook-0182,aggregate boundary only,src/export/site_client_exporter.py,SiteClientExporter,cProfile correlation,"profile.call_count,profile.primitive_call_count,profile.total_time_ns,profile.cumulative_time_ns",Run an opt-in cProfile session around the parent workload. Correlate this exact symbol with the AST inventory.,"file,symbol,class,workload_name,workload_size,state,python_version",Do not emit a production event. Profile one bounded benchmark run for each workload cell.,Do not add a local timer. Use a separate unprofiled run for acceptance timing.,"Do not record tokens, credentials, request or response bodies, SQL text, file paths, MAC addresses, IP addresses, organization identifiers, site identifiers, device identifiers, or user text. Use allowlisted labels, coarse buckets, and one-way run-local correlation identifiers.",1 algorithms/repeated work; 3 data structures; 4 allocations/copying; 5 serialization/validation; 7 measured Python loops
hook-0183,aggregate boundary only,src/export/site_config_exporter.py,SiteConfigExporter,cProfile correlation,"profile.call_count,profile.primitive_call_count,profile.total_time_ns,profile.cumulative_time_ns",Run an opt-in cProfile session around the parent workload. Correlate this exact symbol with the AST inventory.,"file,symbol,class,workload_name,workload_size,state,python_version",Do not emit a production event. Profile one bounded benchmark run for each workload cell.,Do not add a local timer. Use a separate unprofiled run for acceptance timing.,"Do not record tokens, credentials, request or response bodies, SQL text, file paths, MAC addresses, IP addresses, organization identifiers, site identifiers, device identifiers, or user text. Use allowlisted labels, coarse buckets, and one-way run-local correlation identifiers.",1 algorithms/repeated work; 3 data structures; 4 allocations/copying; 5 serialization/validation; 7 measured Python loops
hook-0184,aggregate boundary only,src/export/site_device_exporter.py,SiteDeviceExporter,cProfile correlation,"profile.call_count,profile.primitive_call_count,profile.total_time_ns,profile.cumulative_time_ns",Run an opt-in cProfile session around the parent workload. Correlate this exact symbol with the AST inventory.,"file,symbol,class,workload_name,workload_size,state,python_version",Do not emit a production event. Profile one bounded benchmark run for each workload cell.,Do not add a local timer. Use a separate unprofiled run for acceptance timing.,"Do not record tokens, credentials, request or response bodies, SQL text, file paths, MAC addresses, IP addresses, organization identifiers, site identifiers, device identifiers, or user text. Use allowlisted labels, coarse buckets, and one-way run-local correlation identifiers.",1 algorithms/repeated work; 3 data structures; 4 allocations/copying; 5 serialization/validation; 7 measured Python loops
hook-0185,aggregate boundary only,src/export/site_export_utils.py,SiteExportUtils,cProfile correlation,"profile.call_count,profile.primitive_call_count,profile.total_time_ns,profile.cumulative_time_ns",Run an opt-in cProfile session around the parent workload. Correlate this exact symbol with the AST inventory.,"file,symbol,class,workload_name,workload_size,state,python_version",Do not emit a production event. Profile one bounded benchmark run for each workload cell.,Do not add a local timer. Use a separate unprofiled run for acceptance timing.,"Do not record tokens, credentials, request or response bodies, SQL text, file paths, MAC addresses, IP addresses, organization identifiers, site identifiers, device identifiers, or user text. Use allowlisted labels, coarse buckets, and one-way run-local correlation identifiers.",1 algorithms/repeated work; 3 data structures; 4 allocations/copying; 5 serialization/validation; 7 measured Python loops
hook-0186,aggregate boundary only,src/export/site_guest_authorization_exporter.py,SiteGuestAuthorizationExporter,cProfile correlation,"profile.call_count,profile.primitive_call_count,profile.total_time_ns,profile.cumulative_time_ns",Run an opt-in cProfile session around the parent workload. Correlate this exact symbol with the AST inventory.,"file,symbol,class,workload_name,workload_size,state,python_version",Do not emit a production event. Profile one bounded benchmark run for each workload cell.,Do not add a local timer. Use a separate unprofiled run for acceptance timing.,"Do not record tokens, credentials, request or response bodies, SQL text, file paths, MAC addresses, IP addresses, organization identifiers, site identifiers, device identifiers, or user text. Use allowlisted labels, coarse buckets, and one-way run-local correlation identifiers.",1 algorithms/repeated work; 3 data structures; 4 allocations/copying; 5 serialization/validation; 7 measured Python loops
hook-0187,aggregate boundary only,src/export/site_insights/device_metric_operation.py,DeviceRunContext,cProfile correlation,"profile.call_count,profile.primitive_call_count,profile.total_time_ns,profile.cumulative_time_ns",Run an opt-in cProfile session around the parent workload. Correlate this exact symbol with the AST inventory.,"file,symbol,class,workload_name,workload_size,state,python_version",Do not emit a production event. Profile one bounded benchmark run for each workload cell.,Do not add a local timer. Use a separate unprofiled run for acceptance timing.,"Do not record tokens, credentials, request or response bodies, SQL text, file paths, MAC addresses, IP addresses, organization identifiers, site identifiers, device identifiers, or user text. Use allowlisted labels, coarse buckets, and one-way run-local correlation identifiers.",1 algorithms/repeated work; 3 data structures; 4 allocations/copying; 5 serialization/validation; 7 measured Python loops
hook-0188,aggregate boundary only,src/export/site_insights/site_metric_operation.py,SiteRunContext,cProfile correlation,"profile.call_count,profile.primitive_call_count,profile.total_time_ns,profile.cumulative_time_ns",Run an opt-in cProfile session around the parent workload. Correlate this exact symbol with the AST inventory.,"file,symbol,class,workload_name,workload_size,state,python_version",Do not emit a production event. Profile one bounded benchmark run for each workload cell.,Do not add a local timer. Use a separate unprofiled run for acceptance timing.,"Do not record tokens, credentials, request or response bodies, SQL text, file paths, MAC addresses, IP addresses, organization identifiers, site identifiers, device identifiers, or user text. Use allowlisted labels, coarse buckets, and one-way run-local correlation identifiers.",1 algorithms/repeated work; 3 data structures; 4 allocations/copying; 5 serialization/validation; 7 measured Python loops
hook-0189,aggregate boundary only,src/export/site_insights_exporter.py,SiteInsightsExporter,cProfile correlation,"profile.call_count,profile.primitive_call_count,profile.total_time_ns,profile.cumulative_time_ns",Run an opt-in cProfile session around the parent workload. Correlate this exact symbol with the AST inventory.,"file,symbol,class,workload_name,workload_size,state,python_version",Do not emit a production event. Profile one bounded benchmark run for each workload cell.,Do not add a local timer. Use a separate unprofiled run for acceptance timing.,"Do not record tokens, credentials, request or response bodies, SQL text, file paths, MAC addresses, IP addresses, organization identifiers, site identifiers, device identifiers, or user text. Use allowlisted labels, coarse buckets, and one-way run-local correlation identifiers.",1 algorithms/repeated work; 3 data structures; 4 allocations/copying; 5 serialization/validation; 7 measured Python loops
hook-0190,aggregate boundary only,src/export/site_mist_edge_events_exporter.py,SiteMistEdgeEventsExporter,cProfile correlation,"profile.call_count,profile.primitive_call_count,profile.total_time_ns,profile.cumulative_time_ns",Run an opt-in cProfile session around the parent workload. Correlate this exact symbol with the AST inventory.,"file,symbol,class,workload_name,workload_size,state,python_version",Do not emit a production event. Profile one bounded benchmark run for each workload cell.,Do not add a local timer. Use a separate unprofiled run for acceptance timing.,"Do not record tokens, credentials, request or response bodies, SQL text, file paths, MAC addresses, IP addresses, organization identifiers, site identifiers, device identifiers, or user text. Use allowlisted labels, coarse buckets, and one-way run-local correlation identifiers.",1 algorithms/repeated work; 3 data structures; 4 allocations/copying; 5 serialization/validation; 7 measured Python loops
hook-0191,aggregate boundary only,src/export/site_nac_client_events_exporter.py,SiteNacClientEventsExporter,cProfile correlation,"profile.call_count,profile.primitive_call_count,profile.total_time_ns,profile.cumulative_time_ns",Run an opt-in cProfile session around the parent workload. Correlate this exact symbol with the AST inventory.,"file,symbol,class,workload_name,workload_size,state,python_version",Do not emit a production event. Profile one bounded benchmark run for each workload cell.,Do not add a local timer. Use a separate unprofiled run for acceptance timing.,"Do not record tokens, credentials, request or response bodies, SQL text, file paths, MAC addresses, IP addresses, organization identifiers, site identifiers, device identifiers, or user text. Use allowlisted labels, coarse buckets, and one-way run-local correlation identifiers.",1 algorithms/repeated work; 3 data structures; 4 allocations/copying; 5 serialization/validation; 7 measured Python loops
hook-0192,aggregate boundary only,src/export/site_other_device_events_exporter.py,SiteOtherDeviceEventsExporter,cProfile correlation,"profile.call_count,profile.primitive_call_count,profile.total_time_ns,profile.cumulative_time_ns",Run an opt-in cProfile session around the parent workload. Correlate this exact symbol with the AST inventory.,"file,symbol,class,workload_name,workload_size,state,python_version",Do not emit a production event. Profile one bounded benchmark run for each workload cell.,Do not add a local timer. Use a separate unprofiled run for acceptance timing.,"Do not record tokens, credentials, request or response bodies, SQL text, file paths, MAC addresses, IP addresses, organization identifiers, site identifiers, device identifiers, or user text. Use allowlisted labels, coarse buckets, and one-way run-local correlation identifiers.",1 algorithms/repeated work; 3 data structures; 4 allocations/copying; 5 serialization/validation; 7 measured Python loops
hook-0193,aggregate boundary only,src/export/site_search_exporter.py,SiteSearchExporter,cProfile correlation,"profile.call_count,profile.primitive_call_count,profile.total_time_ns,profile.cumulative_time_ns",Run an opt-in cProfile session around the parent workload. Correlate this exact symbol with the AST inventory.,"file,symbol,class,workload_name,workload_size,state,python_version",Do not emit a production event. Profile one bounded benchmark run for each workload cell.,Do not add a local timer. Use a separate unprofiled run for acceptance timing.,"Do not record tokens, credentials, request or response bodies, SQL text, file paths, MAC addresses, IP addresses, organization identifiers, site identifiers, device identifiers, or user text. Use allowlisted labels, coarse buckets, and one-way run-local correlation identifiers.",1 algorithms/repeated work; 3 data structures; 4 allocations/copying; 5 serialization/validation; 7 measured Python loops
hook-0194,aggregate boundary only,src/export/site_system_events_exporter.py,SiteSystemEventsExporter,cProfile correlation,"profile.call_count,profile.primitive_call_count,profile.total_time_ns,profile.cumulative_time_ns",Run an opt-in cProfile session around the parent workload. Correlate this exact symbol with the AST inventory.,"file,symbol,class,workload_name,workload_size,state,python_version",Do not emit a production event. Profile one bounded benchmark run for each workload cell.,Do not add a local timer. Use a separate unprofiled run for acceptance timing.,"Do not record tokens, credentials, request or response bodies, SQL text, file paths, MAC addresses, IP addresses, organization identifiers, site identifiers, device identifiers, or user text. Use allowlisted labels, coarse buckets, and one-way run-local correlation identifiers.",1 algorithms/repeated work; 3 data structures; 4 allocations/copying; 5 serialization/validation; 7 measured Python loops
hook-0195,aggregate boundary only,src/export/site_wan_usage_exporter.py,SiteWanUsageExporter,cProfile correlation,"profile.call_count,profile.primitive_call_count,profile.total_time_ns,profile.cumulative_time_ns",Run an opt-in cProfile session around the parent workload. Correlate this exact symbol with the AST inventory.,"file,symbol,class,workload_name,workload_size,state,python_version",Do not emit a production event. Profile one bounded benchmark run for each workload cell.,Do not add a local timer. Use a separate unprofiled run for acceptance timing.,"Do not record tokens, credentials, request or response bodies, SQL text, file paths, MAC addresses, IP addresses, organization identifiers, site identifiers, device identifiers, or user text. Use allowlisted labels, coarse buckets, and one-way run-local correlation identifiers.",1 algorithms/repeated work; 3 data structures; 4 allocations/copying; 5 serialization/validation; 7 measured Python loops
hook-0196,aggregate boundary only,src/export/site_webhook_deliveries_exporter.py,SiteWebhookDeliveriesExporter,cProfile correlation,"profile.call_count,profile.primitive_call_count,profile.total_time_ns,profile.cumulative_time_ns",Run an opt-in cProfile session around the parent workload. Correlate this exact symbol with the AST inventory.,"file,symbol,class,workload_name,workload_size,state,python_version",Do not emit a production event. Profile one bounded benchmark run for each workload cell.,Do not add a local timer. Use a separate unprofiled run for acceptance timing.,"Do not record tokens, credentials, request or response bodies, SQL text, file paths, MAC addresses, IP addresses, organization identifiers, site identifiers, device identifiers, or user text. Use allowlisted labels, coarse buckets, and one-way run-local correlation identifiers.",1 algorithms/repeated work; 3 data structures; 4 allocations/copying; 5 serialization/validation; 7 measured Python loops
hook-0197,aggregate boundary only,src/export/sites_by_ap_model_exporter.py,SitesByAPModelExporter,cProfile correlation,"profile.call_count,profile.primitive_call_count,profile.total_time_ns,profile.cumulative_time_ns",Run an opt-in cProfile session around the parent workload. Correlate this exact symbol with the AST inventory.,"file,symbol,class,workload_name,workload_size,state,python_version",Do not emit a production event. Profile one bounded benchmark run for each workload cell.,Do not add a local timer. Use a separate unprofiled run for acceptance timing.,"Do not record tokens, credentials, request or response bodies, SQL text, file paths, MAC addresses, IP addresses, organization identifiers, site identifiers, device identifiers, or user text. Use allowlisted labels, coarse buckets, and one-way run-local correlation identifiers.",1 algorithms/repeated work; 3 data structures; 4 allocations/copying; 5 serialization/validation; 7 measured Python loops
hook-0198,aggregate boundary only,src/export/wan_client_events_exporter.py,WanClientEventsExporter,cProfile correlation,"profile.call_count,profile.primitive_call_count,profile.total_time_ns,profile.cumulative_time_ns",Run an opt-in cProfile session around the parent workload. Correlate this exact symbol with the AST inventory.,"file,symbol,class,workload_name,workload_size,state,python_version",Do not emit a production event. Profile one bounded benchmark run for each workload cell.,Do not add a local timer. Use a separate unprofiled run for acceptance timing.,"Do not record tokens, credentials, request or response bodies, SQL text, file paths, MAC addresses, IP addresses, organization identifiers, site identifiers, device identifiers, or user text. Use allowlisted labels, coarse buckets, and one-way run-local correlation identifiers.",1 algorithms/repeated work; 3 data structures; 4 allocations/copying; 5 serialization/validation; 7 measured Python loops
hook-0199,aggregate boundary only,src/export/wifi_clients_exporter.py,WifiClientsExporter,cProfile correlation,"profile.call_count,profile.primitive_call_count,profile.total_time_ns,profile.cumulative_time_ns",Run an opt-in cProfile session around the parent workload. Correlate this exact symbol with the AST inventory.,"file,symbol,class,workload_name,workload_size,state,python_version",Do not emit a production event. Profile one bounded benchmark run for each workload cell.,Do not add a local timer. Use a separate unprofiled run for acceptance timing.,"Do not record tokens, credentials, request or response bodies, SQL text, file paths, MAC addresses, IP addresses, organization identifiers, site identifiers, device identifiers, or user text. Use allowlisted labels, coarse buckets, and one-way run-local correlation identifiers.",1 algorithms/repeated work; 3 data structures; 4 allocations/copying; 5 serialization/validation; 7 measured Python loops
hook-0200,aggregate boundary only,src/firmware/bulk_ap_upgrader.py,BulkAPUpgraderConfig,cProfile correlation,"profile.call_count,profile.primitive_call_count,profile.total_time_ns,profile.cumulative_time_ns",Run an opt-in cProfile session around the parent workload. Correlate this exact symbol with the AST inventory.,"file,symbol,class,workload_name,workload_size,state,python_version",Do not emit a production event. Profile one bounded benchmark run for each workload cell.,Do not add a local timer. Use a separate unprofiled run for acceptance timing.,"Do not record tokens, credentials, request or response bodies, SQL text, file paths, MAC addresses, IP addresses, organization identifiers, site identifiers, device identifiers, or user text. Use allowlisted labels, coarse buckets, and one-way run-local correlation identifiers.",1 algorithms/repeated work; 3 data structures; 4 allocations/copying; 7 measured Python loops; 8 object layout/GC
hook-0201,aggregate boundary only,src/firmware/bulk_switch_upgrader.py,BulkSwitchFirmwareUpgrader,cProfile correlation,"profile.call_count,profile.primitive_call_count,profile.total_time_ns,profile.cumulative_time_ns",Run an opt-in cProfile session around the parent workload. Correlate this exact symbol with the AST inventory.,"file,symbol,class,workload_name,workload_size,state,python_version",Do not emit a production event. Profile one bounded benchmark run for each workload cell.,Do not add a local timer. Use a separate unprofiled run for acceptance timing.,"Do not record tokens, credentials, request or response bodies, SQL text, file paths, MAC addresses, IP addresses, organization identifiers, site identifiers, device identifiers, or user text. Use allowlisted labels, coarse buckets, and one-way run-local correlation identifiers.",1 algorithms/repeated work; 3 data structures; 4 allocations/copying; 7 measured Python loops; 8 object layout/GC
hook-0202,aggregate boundary only,src/firmware/firmware_manager.py,FirmwareManagerConfig,cProfile correlation,"profile.call_count,profile.primitive_call_count,profile.total_time_ns,profile.cumulative_time_ns",Run an opt-in cProfile session around the parent workload. Correlate this exact symbol with the AST inventory.,"file,symbol,class,workload_name,workload_size,state,python_version",Do not emit a production event. Profile one bounded benchmark run for each workload cell.,Do not add a local timer. Use a separate unprofiled run for acceptance timing.,"Do not record tokens, credentials, request or response bodies, SQL text, file paths, MAC addresses, IP addresses, organization identifiers, site identifiers, device identifiers, or user text. Use allowlisted labels, coarse buckets, and one-way run-local correlation identifiers.",1 algorithms/repeated work; 3 data structures; 4 allocations/copying; 7 measured Python loops; 8 object layout/GC
hook-0203,aggregate boundary only,src/firmware/org_ap_upgrader.py,OrgAPUpgraderConfig,cProfile correlation,"profile.call_count,profile.primitive_call_count,profile.total_time_ns,profile.cumulative_time_ns",Run an opt-in cProfile session around the parent workload. Correlate this exact symbol with the AST inventory.,"file,symbol,class,workload_name,workload_size,state,python_version",Do not emit a production event. Profile one bounded benchmark run for each workload cell.,Do not add a local timer. Use a separate unprofiled run for acceptance timing.,"Do not record tokens, credentials, request or response bodies, SQL text, file paths, MAC addresses, IP addresses, organization identifiers, site identifiers, device identifiers, or user text. Use allowlisted labels, coarse buckets, and one-way run-local correlation identifiers.",1 algorithms/repeated work; 3 data structures; 4 allocations/copying; 7 measured Python loops; 8 object layout/GC
hook-0204,aggregate boundary only,src/firmware/org_upgrade_body.py,OrgUpgradeBody,cProfile correlation,"profile.call_count,profile.primitive_call_count,profile.total_time_ns,profile.cumulative_time_ns",Run an opt-in cProfile session around the parent workload. Correlate this exact symbol with the AST inventory.,"file,symbol,class,workload_name,workload_size,state,python_version",Do not emit a production event. Profile one bounded benchmark run for each workload cell.,Do not add a local timer. Use a separate unprofiled run for acceptance timing.,"Do not record tokens, credentials, request or response bodies, SQL text, file paths, MAC addresses, IP addresses, organization identifiers, site identifiers, device identifiers, or user text. Use allowlisted labels, coarse buckets, and one-way run-local correlation identifiers.",1 algorithms/repeated work; 3 data structures; 4 allocations/copying; 7 measured Python loops; 8 object layout/GC
hook-0205,aggregate boundary only,src/firmware/org_upgrade_service.py,OrgUpgradeSession,cProfile correlation,"profile.call_count,profile.primitive_call_count,profile.total_time_ns,profile.cumulative_time_ns",Run an opt-in cProfile session around the parent workload. Correlate this exact symbol with the AST inventory.,"file,symbol,class,workload_name,workload_size,state,python_version",Do not emit a production event. Profile one bounded benchmark run for each workload cell.,Do not add a local timer. Use a separate unprofiled run for acceptance timing.,"Do not record tokens, credentials, request or response bodies, SQL text, file paths, MAC addresses, IP addresses, organization identifiers, site identifiers, device identifiers, or user text. Use allowlisted labels, coarse buckets, and one-way run-local correlation identifiers.",1 algorithms/repeated work; 3 data structures; 4 allocations/copying; 7 measured Python loops; 8 object layout/GC
hook-0206,aggregate boundary only,src/firmware/running_version.py,FirmwareVersionReading,cProfile correlation,"profile.call_count,profile.primitive_call_count,profile.total_time_ns,profile.cumulative_time_ns",Run an opt-in cProfile session around the parent workload. Correlate this exact symbol with the AST inventory.,"file,symbol,class,workload_name,workload_size,state,python_version",Do not emit a production event. Profile one bounded benchmark run for each workload cell.,Do not add a local timer. Use a separate unprofiled run for acceptance timing.,"Do not record tokens, credentials, request or response bodies, SQL text, file paths, MAC addresses, IP addresses, organization identifiers, site identifiers, device identifiers, or user text. Use allowlisted labels, coarse buckets, and one-way run-local correlation identifiers.",1 algorithms/repeated work; 3 data structures; 4 allocations/copying; 7 measured Python loops; 8 object layout/GC
hook-0207,aggregate boundary only,src/firmware/site_auto_upgrade.py,SiteAutoUpgradeConfig,cProfile correlation,"profile.call_count,profile.primitive_call_count,profile.total_time_ns,profile.cumulative_time_ns",Run an opt-in cProfile session around the parent workload. Correlate this exact symbol with the AST inventory.,"file,symbol,class,workload_name,workload_size,state,python_version",Do not emit a production event. Profile one bounded benchmark run for each workload cell.,Do not add a local timer. Use a separate unprofiled run for acceptance timing.,"Do not record tokens, credentials, request or response bodies, SQL text, file paths, MAC addresses, IP addresses, organization identifiers, site identifiers, device identifiers, or user text. Use allowlisted labels, coarse buckets, and one-way run-local correlation identifiers.",1 algorithms/repeated work; 3 data structures; 4 allocations/copying; 7 measured Python loops; 8 object layout/GC
hook-0208,aggregate boundary only,src/firmware/upgrade_service.py,GatewayFamily,cProfile correlation,"profile.call_count,profile.primitive_call_count,profile.total_time_ns,profile.cumulative_time_ns",Run an opt-in cProfile session around the parent workload. Correlate this exact symbol with the AST inventory.,"file,symbol,class,workload_name,workload_size,state,python_version",Do not emit a production event. Profile one bounded benchmark run for each workload cell.,Do not add a local timer. Use a separate unprofiled run for acceptance timing.,"Do not record tokens, credentials, request or response bodies, SQL text, file paths, MAC addresses, IP addresses, organization identifiers, site identifiers, device identifiers, or user text. Use allowlisted labels, coarse buckets, and one-way run-local correlation identifiers.",1 algorithms/repeated work; 3 data structures; 4 allocations/copying; 7 measured Python loops; 8 object layout/GC
hook-0209,aggregate boundary only,src/gateway/_wan2_variable_cluster.py,_ClusterBase,cProfile correlation,"profile.call_count,profile.primitive_call_count,profile.total_time_ns,profile.cumulative_time_ns",Run an opt-in cProfile session around the parent workload. Correlate this exact symbol with the AST inventory.,"file,symbol,class,workload_name,workload_size,state,python_version",Do not emit a production event. Profile one bounded benchmark run for each workload cell.,Do not add a local timer. Use a separate unprofiled run for acceptance timing.,"Do not record tokens, credentials, request or response bodies, SQL text, file paths, MAC addresses, IP addresses, organization identifiers, site identifiers, device identifiers, or user text. Use allowlisted labels, coarse buckets, and one-way run-local correlation identifiers.",1 algorithms/repeated work; 3 data structures; 4 allocations/copying; 7 measured Python loops; 8 object layout/GC
hook-0210,aggregate boundary only,src/gateway/_wan2_variable_device.py,_Wan2VariableDevice,cProfile correlation,"profile.call_count,profile.primitive_call_count,profile.total_time_ns,profile.cumulative_time_ns",Run an opt-in cProfile session around the parent workload. Correlate this exact symbol with the AST inventory.,"file,symbol,class,workload_name,workload_size,state,python_version",Do not emit a production event. Profile one bounded benchmark run for each workload cell.,Do not add a local timer. Use a separate unprofiled run for acceptance timing.,"Do not record tokens, credentials, request or response bodies, SQL text, file paths, MAC addresses, IP addresses, organization identifiers, site identifiers, device identifiers, or user text. Use allowlisted labels, coarse buckets, and one-way run-local correlation identifiers.",1 algorithms/repeated work; 3 data structures; 4 allocations/copying; 7 measured Python loops; 8 object layout/GC
hook-0211,aggregate boundary only,src/gateway/_wan2_variable_io.py,_Wan2VariableIO,cProfile correlation,"profile.call_count,profile.primitive_call_count,profile.total_time_ns,profile.cumulative_time_ns",Run an opt-in cProfile session around the parent workload. Correlate this exact symbol with the AST inventory.,"file,symbol,class,workload_name,workload_size,state,python_version",Do not emit a production event. Profile one bounded benchmark run for each workload cell.,Do not add a local timer. Use a separate unprofiled run for acceptance timing.,"Do not record tokens, credentials, request or response bodies, SQL text, file paths, MAC addresses, IP addresses, organization identifiers, site identifiers, device identifiers, or user text. Use allowlisted labels, coarse buckets, and one-way run-local correlation identifiers.",1 algorithms/repeated work; 3 data structures; 4 allocations/copying; 7 measured Python loops; 8 object layout/GC
hook-0212,aggregate boundary only,src/gateway/_wan2_variable_reporting.py,_Wan2VariableReporting,cProfile correlation,"profile.call_count,profile.primitive_call_count,profile.total_time_ns,profile.cumulative_time_ns",Run an opt-in cProfile session around the parent workload. Correlate this exact symbol with the AST inventory.,"file,symbol,class,workload_name,workload_size,state,python_version",Do not emit a production event. Profile one bounded benchmark run for each workload cell.,Do not add a local timer. Use a separate unprofiled run for acceptance timing.,"Do not record tokens, credentials, request or response bodies, SQL text, file paths, MAC addresses, IP addresses, organization identifiers, site identifiers, device identifiers, or user text. Use allowlisted labels, coarse buckets, and one-way run-local correlation identifiers.",1 algorithms/repeated work; 3 data structures; 4 allocations/copying; 7 measured Python loops; 8 object layout/GC
hook-0213,aggregate boundary only,src/gateway/_wan2_variable_selection.py,_Wan2VariableSelection,cProfile correlation,"profile.call_count,profile.primitive_call_count,profile.total_time_ns,profile.cumulative_time_ns",Run an opt-in cProfile session around the parent workload. Correlate this exact symbol with the AST inventory.,"file,symbol,class,workload_name,workload_size,state,python_version",Do not emit a production event. Profile one bounded benchmark run for each workload cell.,Do not add a local timer. Use a separate unprofiled run for acceptance timing.,"Do not record tokens, credentials, request or response bodies, SQL text, file paths, MAC addresses, IP addresses, organization identifiers, site identifiers, device identifiers, or user text. Use allowlisted labels, coarse buckets, and one-way run-local correlation identifiers.",1 algorithms/repeated work; 3 data structures; 4 allocations/copying; 7 measured Python loops; 8 object layout/GC
hook-0214,aggregate boundary only,src/gateway/_wan2_variable_template.py,_Wan2VariableTemplate,cProfile correlation,"profile.call_count,profile.primitive_call_count,profile.total_time_ns,profile.cumulative_time_ns",Run an opt-in cProfile session around the parent workload. Correlate this exact symbol with the AST inventory.,"file,symbol,class,workload_name,workload_size,state,python_version",Do not emit a production event. Profile one bounded benchmark run for each workload cell.,Do not add a local timer. Use a separate unprofiled run for acceptance timing.,"Do not record tokens, credentials, request or response bodies, SQL text, file paths, MAC addresses, IP addresses, organization identifiers, site identifiers, device identifiers, or user text. Use allowlisted labels, coarse buckets, and one-way run-local correlation identifiers.",1 algorithms/repeated work; 3 data structures; 4 allocations/copying; 7 measured Python loops; 8 object layout/GC
hook-0215,aggregate boundary only,src/gateway/device_template_cloner.py,DeviceTemplateClonerDeps,cProfile correlation,"profile.call_count,profile.primitive_call_count,profile.total_time_ns,profile.cumulative_time_ns",Run an opt-in cProfile session around the parent workload. Correlate this exact symbol with the AST inventory.,"file,symbol,class,workload_name,workload_size,state,python_version",Do not emit a production event. Profile one bounded benchmark run for each workload cell.,Do not add a local timer. Use a separate unprofiled run for acceptance timing.,"Do not record tokens, credentials, request or response bodies, SQL text, file paths, MAC addresses, IP addresses, organization identifiers, site identifiers, device identifiers, or user text. Use allowlisted labels, coarse buckets, and one-way run-local correlation identifiers.",1 algorithms/repeated work; 3 data structures; 4 allocations/copying; 7 measured Python loops; 8 object layout/GC
hook-0216,aggregate boundary only,src/gateway/gateway_export_utils.py,configure_gateway_export_utils_dependencies,cProfile correlation,"profile.call_count,profile.primitive_call_count,profile.total_time_ns,profile.cumulative_time_ns",Run an opt-in cProfile session around the parent workload. Correlate this exact symbol with the AST inventory.,"file,symbol,class,workload_name,workload_size,state,python_version",Do not emit a production event. Profile one bounded benchmark run for each workload cell.,Do not add a local timer. Use a separate unprofiled run for acceptance timing.,"Do not record tokens, credentials, request or response bodies, SQL text, file paths, MAC addresses, IP addresses, organization identifiers, site identifiers, device identifiers, or user text. Use allowlisted labels, coarse buckets, and one-way run-local correlation identifiers.",1 algorithms/repeated work; 3 data structures; 4 allocations/copying; 5 serialization/validation; 7 measured Python loops
hook-0217,aggregate boundary only,src/gateway/gateway_ha_exporter.py,GatewayHaExporter,cProfile correlation,"profile.call_count,profile.primitive_call_count,profile.total_time_ns,profile.cumulative_time_ns",Run an opt-in cProfile session around the parent workload. Correlate this exact symbol with the AST inventory.,"file,symbol,class,workload_name,workload_size,state,python_version",Do not emit a production event. Profile one bounded benchmark run for each workload cell.,Do not add a local timer. Use a separate unprofiled run for acceptance timing.,"Do not record tokens, credentials, request or response bodies, SQL text, file paths, MAC addresses, IP addresses, organization identifiers, site identifiers, device identifiers, or user text. Use allowlisted labels, coarse buckets, and one-way run-local correlation identifiers.",1 algorithms/repeated work; 3 data structures; 4 allocations/copying; 5 serialization/validation; 7 measured Python loops
hook-0218,aggregate boundary only,src/gateway/gateway_stats_exporter.py,configure_gateway_stats_exporter_dependencies,cProfile correlation,"profile.call_count,profile.primitive_call_count,profile.total_time_ns,profile.cumulative_time_ns",Run an opt-in cProfile session around the parent workload. Correlate this exact symbol with the AST inventory.,"file,symbol,class,workload_name,workload_size,state,python_version",Do not emit a production event. Profile one bounded benchmark run for each workload cell.,Do not add a local timer. Use a separate unprofiled run for acceptance timing.,"Do not record tokens, credentials, request or response bodies, SQL text, file paths, MAC addresses, IP addresses, organization identifiers, site identifiers, device identifiers, or user text. Use allowlisted labels, coarse buckets, and one-way run-local correlation identifiers.",1 algorithms/repeated work; 3 data structures; 4 allocations/copying; 5 serialization/validation; 7 measured Python loops
hook-0219,aggregate boundary only,src/gateway/overrides/_deps.py,GatewayOverrideDependencies,cProfile correlation,"profile.call_count,profile.primitive_call_count,profile.total_time_ns,profile.cumulative_time_ns",Run an opt-in cProfile session around the parent workload. Correlate this exact symbol with the AST inventory.,"file,symbol,class,workload_name,workload_size,state,python_version",Do not emit a production event. Profile one bounded benchmark run for each workload cell.,Do not add a local timer. Use a separate unprofiled run for acceptance timing.,"Do not record tokens, credentials, request or response bodies, SQL text, file paths, MAC addresses, IP addresses, organization identifiers, site identifiers, device identifiers, or user text. Use allowlisted labels, coarse buckets, and one-way run-local correlation identifiers.",1 algorithms/repeated work; 3 data structures; 4 allocations/copying; 7 measured Python loops; 8 object layout/GC
hook-0220,aggregate boundary only,src/gateway/overrides/device_data_fetcher.py,DeviceDataFetcher,cProfile correlation,"profile.call_count,profile.primitive_call_count,profile.total_time_ns,profile.cumulative_time_ns",Run an opt-in cProfile session around the parent workload. Correlate this exact symbol with the AST inventory.,"file,symbol,class,workload_name,workload_size,state,python_version",Do not emit a production event. Profile one bounded benchmark run for each workload cell.,Do not add a local timer. Use a separate unprofiled run for acceptance timing.,"Do not record tokens, credentials, request or response bodies, SQL text, file paths, MAC addresses, IP addresses, organization identifiers, site identifiers, device identifiers, or user text. Use allowlisted labels, coarse buckets, and one-way run-local correlation identifiers.",1 algorithms/repeated work; 3 data structures; 4 allocations/copying; 7 measured Python loops; 8 object layout/GC
hook-0221,aggregate boundary only,src/gateway/overrides/override_classifier.py,OverrideClassifier,cProfile correlation,"profile.call_count,profile.primitive_call_count,profile.total_time_ns,profile.cumulative_time_ns",Run an opt-in cProfile session around the parent workload. Correlate this exact symbol with the AST inventory.,"file,symbol,class,workload_name,workload_size,state,python_version",Do not emit a production event. Profile one bounded benchmark run for each workload cell.,Do not add a local timer. Use a separate unprofiled run for acceptance timing.,"Do not record tokens, credentials, request or response bodies, SQL text, file paths, MAC addresses, IP addresses, organization identifiers, site identifiers, device identifiers, or user text. Use allowlisted labels, coarse buckets, and one-way run-local correlation identifiers.",1 algorithms/repeated work; 3 data structures; 4 allocations/copying; 7 measured Python loops; 8 object layout/GC
hook-0222,aggregate boundary only,src/gateway/overrides/override_report_writer.py,OverrideReportWriter,cProfile correlation,"profile.call_count,profile.primitive_call_count,profile.total_time_ns,profile.cumulative_time_ns",Run an opt-in cProfile session around the parent workload. Correlate this exact symbol with the AST inventory.,"file,symbol,class,workload_name,workload_size,state,python_version",Do not emit a production event. Profile one bounded benchmark run for each workload cell.,Do not add a local timer. Use a separate unprofiled run for acceptance timing.,"Do not record tokens, credentials, request or response bodies, SQL text, file paths, MAC addresses, IP addresses, organization identifiers, site identifiers, device identifiers, or user text. Use allowlisted labels, coarse buckets, and one-way run-local correlation identifiers.",1 algorithms/repeated work; 3 data structures; 4 allocations/copying; 7 measured Python loops; 8 object layout/GC
hook-0223,aggregate boundary only,src/gateway/overrides/wan_override_walker.py,WanOverrideWalker,cProfile correlation,"profile.call_count,profile.primitive_call_count,profile.total_time_ns,profile.cumulative_time_ns",Run an opt-in cProfile session around the parent workload. Correlate this exact symbol with the AST inventory.,"file,symbol,class,workload_name,workload_size,state,python_version",Do not emit a production event. Profile one bounded benchmark run for each workload cell.,Do not add a local timer. Use a separate unprofiled run for acceptance timing.,"Do not record tokens, credentials, request or response bodies, SQL text, file paths, MAC addresses, IP addresses, organization identifiers, site identifiers, device identifiers, or user text. Use allowlisted labels, coarse buckets, and one-way run-local correlation identifiers.",1 algorithms/repeated work; 3 data structures; 4 allocations/copying; 7 measured Python loops; 8 object layout/GC
hook-0224,aggregate boundary only,src/gateway/template_config.py,GatewayTemplateConfigManager,cProfile correlation,"profile.call_count,profile.primitive_call_count,profile.total_time_ns,profile.cumulative_time_ns",Run an opt-in cProfile session around the parent workload. Correlate this exact symbol with the AST inventory.,"file,symbol,class,workload_name,workload_size,state,python_version",Do not emit a production event. Profile one bounded benchmark run for each workload cell.,Do not add a local timer. Use a separate unprofiled run for acceptance timing.,"Do not record tokens, credentials, request or response bodies, SQL text, file paths, MAC addresses, IP addresses, organization identifiers, site identifiers, device identifiers, or user text. Use allowlisted labels, coarse buckets, and one-way run-local correlation identifiers.",1 algorithms/repeated work; 3 data structures; 4 allocations/copying; 6 bounded caching; 8 object layout/GC
hook-0225,aggregate boundary only,src/gateway/wan2_migration_manager.py,WAN2MigrationDependencies,cProfile correlation,"profile.call_count,profile.primitive_call_count,profile.total_time_ns,profile.cumulative_time_ns",Run an opt-in cProfile session around the parent workload. Correlate this exact symbol with the AST inventory.,"file,symbol,class,workload_name,workload_size,state,python_version",Do not emit a production event. Profile one bounded benchmark run for each workload cell.,Do not add a local timer. Use a separate unprofiled run for acceptance timing.,"Do not record tokens, credentials, request or response bodies, SQL text, file paths, MAC addresses, IP addresses, organization identifiers, site identifiers, device identifiers, or user text. Use allowlisted labels, coarse buckets, and one-way run-local correlation identifiers.",1 algorithms/repeated work; 3 data structures; 4 allocations/copying; 7 measured Python loops; 8 object layout/GC
hook-0226,aggregate boundary only,src/gateway/wan2_variable.py,Wan2VariableDeps,cProfile correlation,"profile.call_count,profile.primitive_call_count,profile.total_time_ns,profile.cumulative_time_ns",Run an opt-in cProfile session around the parent workload. Correlate this exact symbol with the AST inventory.,"file,symbol,class,workload_name,workload_size,state,python_version",Do not emit a production event. Profile one bounded benchmark run for each workload cell.,Do not add a local timer. Use a separate unprofiled run for acceptance timing.,"Do not record tokens, credentials, request or response bodies, SQL text, file paths, MAC addresses, IP addresses, organization identifiers, site identifiers, device identifiers, or user text. Use allowlisted labels, coarse buckets, and one-way run-local correlation identifiers.",1 algorithms/repeated work; 3 data structures; 4 allocations/copying; 7 measured Python loops; 8 object layout/GC
hook-0227,aggregate boundary only,src/gateway/wan_probe_device_override_manager.py,WANProbeDeviceOverrideDependencies,cProfile correlation,"profile.call_count,profile.primitive_call_count,profile.total_time_ns,profile.cumulative_time_ns",Run an opt-in cProfile session around the parent workload. Correlate this exact symbol with the AST inventory.,"file,symbol,class,workload_name,workload_size,state,python_version",Do not emit a production event. Profile one bounded benchmark run for each workload cell.,Do not add a local timer. Use a separate unprofiled run for acceptance timing.,"Do not record tokens, credentials, request or response bodies, SQL text, file paths, MAC addresses, IP addresses, organization identifiers, site identifiers, device identifiers, or user text. Use allowlisted labels, coarse buckets, and one-way run-local correlation identifiers.",1 algorithms/repeated work; 3 data structures; 4 allocations/copying; 7 measured Python loops; 8 object layout/GC
hook-0228,aggregate boundary only,src/input/prompt_client_utils.py,PromptClientUtils,cProfile correlation,"profile.call_count,profile.primitive_call_count,profile.total_time_ns,profile.cumulative_time_ns",Run an opt-in cProfile session around the parent workload. Correlate this exact symbol with the AST inventory.,"file,symbol,class,workload_name,workload_size,state,python_version",Do not emit a production event. Profile one bounded benchmark run for each workload cell.,Do not add a local timer. Use a separate unprofiled run for acceptance timing.,"Do not record tokens, credentials, request or response bodies, SQL text, file paths, MAC addresses, IP addresses, organization identifiers, site identifiers, device identifiers, or user text. Use allowlisted labels, coarse buckets, and one-way run-local correlation identifiers.",1 algorithms/repeated work; 3 data structures; 4 allocations/copying; 7 measured Python loops; 8 object layout/GC
hook-0229,aggregate boundary only,src/inventory/csv_comparator.py,AddressComparisonCounters,cProfile correlation,"profile.call_count,profile.primitive_call_count,profile.total_time_ns,profile.cumulative_time_ns",Run an opt-in cProfile session around the parent workload. Correlate this exact symbol with the AST inventory.,"file,symbol,class,workload_name,workload_size,state,python_version",Do not emit a production event. Profile one bounded benchmark run for each workload cell.,Do not add a local timer. Use a separate unprofiled run for acceptance timing.,"Do not record tokens, credentials, request or response bodies, SQL text, file paths, MAC addresses, IP addresses, organization identifiers, site identifiers, device identifiers, or user text. Use allowlisted labels, coarse buckets, and one-way run-local correlation identifiers.",1 algorithms/repeated work; 3 data structures; 4 allocations/copying; 7 measured Python loops; 8 object layout/GC
hook-0230,aggregate boundary only,src/inventory/inventory_summary/pivot_renderer.py,PivotRenderer,cProfile correlation,"profile.call_count,profile.primitive_call_count,profile.total_time_ns,profile.cumulative_time_ns",Run an opt-in cProfile session around the parent workload. Correlate this exact symbol with the AST inventory.,"file,symbol,class,workload_name,workload_size,state,python_version",Do not emit a production event. Profile one bounded benchmark run for each workload cell.,Do not add a local timer. Use a separate unprofiled run for acceptance timing.,"Do not record tokens, credentials, request or response bodies, SQL text, file paths, MAC addresses, IP addresses, organization identifiers, site identifiers, device identifiers, or user text. Use allowlisted labels, coarse buckets, and one-way run-local correlation identifiers.",1 algorithms/repeated work; 3 data structures; 4 allocations/copying; 5 serialization/validation; 7 measured Python loops
hook-0231,aggregate boundary only,src/inventory/inventory_summary/version_per_model_fetcher.py,VersionPerModelFetcher,cProfile correlation,"profile.call_count,profile.primitive_call_count,profile.total_time_ns,profile.cumulative_time_ns",Run an opt-in cProfile session around the parent workload. Correlate this exact symbol with the AST inventory.,"file,symbol,class,workload_name,workload_size,state,python_version",Do not emit a production event. Profile one bounded benchmark run for each workload cell.,Do not add a local timer. Use a separate unprofiled run for acceptance timing.,"Do not record tokens, credentials, request or response bodies, SQL text, file paths, MAC addresses, IP addresses, organization identifiers, site identifiers, device identifiers, or user text. Use allowlisted labels, coarse buckets, and one-way run-local correlation identifiers.",1 algorithms/repeated work; 3 data structures; 4 allocations/copying; 5 serialization/validation; 7 measured Python loops
hook-0232,aggregate boundary only,src/inventory/org_device_inventory_msp.py,configure_org_device_inventory_msp_dependencies,cProfile correlation,"profile.call_count,profile.primitive_call_count,profile.total_time_ns,profile.cumulative_time_ns",Run an opt-in cProfile session around the parent workload. Correlate this exact symbol with the AST inventory.,"file,symbol,class,workload_name,workload_size,state,python_version",Do not emit a production event. Profile one bounded benchmark run for each workload cell.,Do not add a local timer. Use a separate unprofiled run for acceptance timing.,"Do not record tokens, credentials, request or response bodies, SQL text, file paths, MAC addresses, IP addresses, organization identifiers, site identifiers, device identifiers, or user text. Use allowlisted labels, coarse buckets, and one-way run-local correlation identifiers.",1 algorithms/repeated work; 3 data structures; 4 allocations/copying; 7 measured Python loops; 8 object layout/GC
hook-0233,aggregate boundary only,src/inventory/org_device_inventory_summary.py,configure_org_device_inventory_summary_dependencies,cProfile correlation,"profile.call_count,profile.primitive_call_count,profile.total_time_ns,profile.cumulative_time_ns",Run an opt-in cProfile session around the parent workload. Correlate this exact symbol with the AST inventory.,"file,symbol,class,workload_name,workload_size,state,python_version",Do not emit a production event. Profile one bounded benchmark run for each workload cell.,Do not add a local timer. Use a separate unprofiled run for acceptance timing.,"Do not record tokens, credentials, request or response bodies, SQL text, file paths, MAC addresses, IP addresses, organization identifiers, site identifiers, device identifiers, or user text. Use allowlisted labels, coarse buckets, and one-way run-local correlation identifiers.",1 algorithms/repeated work; 3 data structures; 4 allocations/copying; 7 measured Python loops; 8 object layout/GC
hook-0234,production hook,src/inventory/org_device_inventory_summary_facade.py,OrgDeviceInventorySummary.dispatch,operation_span,"perf.wall_ns,perf.process_cpu_ns,perf.calls_total,perf.errors_total,work.items_total",Measure the complete named operation from entry through cleanup. Correlate nested costs with cProfile.,"file,symbol,operation,status,workload_size,state",Off by default. Enable for a named operation. Sample at most 1 in 100 successful calls. Keep all failures.,Use perf_counter_ns and process_time_ns only. Buffer events. Do not time each internal function.,"Do not record tokens, credentials, request or response bodies, SQL text, file paths, MAC addresses, IP addresses, organization identifiers, site identifiers, device identifiers, or user text. Use allowlisted labels, coarse buckets, and one-way run-local correlation identifiers.",1 algorithms/repeated work; 2 I/O/sequential batching; 7 measured Python loops
hook-0235,aggregate boundary only,src/maps/_browser_opener.py,DelayedBrowserOpener,cProfile correlation,"profile.call_count,profile.primitive_call_count,profile.total_time_ns,profile.cumulative_time_ns",Run an opt-in cProfile session around the parent workload. Correlate this exact symbol with the AST inventory.,"file,symbol,class,workload_name,workload_size,state,python_version",Do not emit a production event. Profile one bounded benchmark run for each workload cell.,Do not add a local timer. Use a separate unprofiled run for acceptance timing.,"Do not record tokens, credentials, request or response bodies, SQL text, file paths, MAC addresses, IP addresses, organization identifiers, site identifiers, device identifiers, or user text. Use allowlisted labels, coarse buckets, and one-way run-local correlation identifiers.",1 algorithms/repeated work; 3 data structures; 4 allocations/copying; 7 measured Python loops; 8 object layout/GC
hook-0236,aggregate boundary only,src/maps/_container_detection.py,is_running_in_container,cProfile correlation,"profile.call_count,profile.primitive_call_count,profile.total_time_ns,profile.cumulative_time_ns",Run an opt-in cProfile session around the parent workload. Correlate this exact symbol with the AST inventory.,"file,symbol,class,workload_name,workload_size,state,python_version",Do not emit a production event. Profile one bounded benchmark run for each workload cell.,Do not add a local timer. Use a separate unprofiled run for acceptance timing.,"Do not record tokens, credentials, request or response bodies, SQL text, file paths, MAC addresses, IP addresses, organization identifiers, site identifiers, device identifiers, or user text. Use allowlisted labels, coarse buckets, and one-way run-local correlation identifiers.",1 algorithms/repeated work; 3 data structures; 4 allocations/copying; 7 measured Python loops; 8 object layout/GC
hook-0237,production hook,src/maps/_flask_viewer.py,_handle_map_data_request,serializer,"serialize.wall_ns,serialize.process_cpu_ns,serialize.calls_total,serialize.input_bytes,serialize.output_bytes,serialize.items_total,serialize.errors_total","Measure one encode, decode, flatten, validation, or render boundary, including required conversion work.","file,symbol,format,operation,size_bucket,workload_size,state",Enable only for named workloads. Bucket sizes. Sample at most 1 in 100 production calls.,Use length metadata when available. Do not copy a payload only to count bytes. Use tracemalloc in a separate diagnostic run.,"Do not record tokens, credentials, request or response bodies, SQL text, file paths, MAC addresses, IP addresses, organization identifiers, site identifiers, device identifiers, or user text. Use allowlisted labels, coarse buckets, and one-way run-local correlation identifiers.",1 algorithms/repeated work; 3 data structures; 4 allocations/copying; 5 serialization/validation; 7 measured Python loops; 10 native acceleration
hook-0238,production hook,src/maps/_flask_viewer.py,_fetch_map_image_bytes,http_transport,"http.wall_ns,http.process_cpu_ns,http.requests_total,http.retries_total,http.pages_total,http.request_bytes,http.response_bytes,http.items_total,http.status_total","Measure the transport call, each retry, each page, and response decoding as separate nonoverlapping stages.","file,symbol,endpoint_template,method,status_class,retry_reason,page_bucket,workload_size,state",Count every request. Sample timing for at most 1 in 20 successes. Keep all retries and failures. Never label raw URLs or identifiers.,Use monotonic nanosecond clocks. Reuse transport metadata. Do not serialize payloads to measure their size.,"Do not record tokens, credentials, request or response bodies, SQL text, file paths, MAC addresses, IP addresses, organization identifiers, site identifiers, device identifiers, or user text. Use allowlisted labels, coarse buckets, and one-way run-local correlation identifiers.",2 I/O/sequential batching; 5 serialization/validation; 6 bounded caching
hook-0239,production hook,src/maps/_maps_backup.py,_http_get_bytes,http_transport,"http.wall_ns,http.process_cpu_ns,http.requests_total,http.retries_total,http.pages_total,http.request_bytes,http.response_bytes,http.items_total,http.status_total","Measure the transport call, each retry, each page, and response decoding as separate nonoverlapping stages.","file,symbol,endpoint_template,method,status_class,retry_reason,page_bucket,workload_size,state",Count every request. Sample timing for at most 1 in 20 successes. Keep all retries and failures. Never label raw URLs or identifiers.,Use monotonic nanosecond clocks. Reuse transport metadata. Do not serialize payloads to measure their size.,"Do not record tokens, credentials, request or response bodies, SQL text, file paths, MAC addresses, IP addresses, organization identifiers, site identifiers, device identifiers, or user text. Use allowlisted labels, coarse buckets, and one-way run-local correlation identifiers.",2 I/O/sequential batching; 5 serialization/validation; 6 bounded caching
hook-0240,production hook,src/maps/_maps_backup.py,_write_backup,serializer_file,"serialize.wall_ns,serialize.process_cpu_ns,serialize.input_bytes,serialize.output_bytes,file.wall_ns,file.operations_total,file.write_bytes",Measure serialization and file writing as separate child stages under one operation.,"file,symbol,format,file_kind,size_bucket,status,workload_size,state",Enable for selected exports. Sample at most 1 in 50 successes. Keep aggregate counts for every enabled operation.,Avoid duplicate encoding. Do not start tracemalloc in normal operation. Buffer telemetry outside the measured stage.,"Do not record tokens, credentials, request or response bodies, SQL text, file paths, MAC addresses, IP addresses, organization identifiers, site identifiers, device identifiers, or user text. Use allowlisted labels, coarse buckets, and one-way run-local correlation identifiers.",2 I/O/sequential batching; 4 allocations/copying; 5 serialization/validation; 7 measured Python loops
hook-0241,aggregate boundary only,src/maps/_maps_clone.py,clone_map,cProfile correlation,"profile.call_count,profile.primitive_call_count,profile.total_time_ns,profile.cumulative_time_ns",Run an opt-in cProfile session around the parent workload. Correlate this exact symbol with the AST inventory.,"file,symbol,class,workload_name,workload_size,state,python_version",Do not emit a production event. Profile one bounded benchmark run for each workload cell.,Do not add a local timer. Use a separate unprofiled run for acceptance timing.,"Do not record tokens, credentials, request or response bodies, SQL text, file paths, MAC addresses, IP addresses, organization identifiers, site identifiers, device identifiers, or user text. Use allowlisted labels, coarse buckets, and one-way run-local correlation identifiers.",1 algorithms/repeated work; 3 data structures; 4 allocations/copying; 7 measured Python loops; 8 object layout/GC
hook-0242,aggregate boundary only,src/maps/_maps_coverage.py,MapLayers,cProfile correlation,"profile.call_count,profile.primitive_call_count,profile.total_time_ns,profile.cumulative_time_ns",Run an opt-in cProfile session around the parent workload. Correlate this exact symbol with the AST inventory.,"file,symbol,class,workload_name,workload_size,state,python_version",Do not emit a production event. Profile one bounded benchmark run for each workload cell.,Do not add a local timer. Use a separate unprofiled run for acceptance timing.,"Do not record tokens, credentials, request or response bodies, SQL text, file paths, MAC addresses, IP addresses, organization identifiers, site identifiers, device identifiers, or user text. Use allowlisted labels, coarse buckets, and one-way run-local correlation identifiers.",1 algorithms/repeated work; 3 data structures; 4 allocations/copying; 7 measured Python loops; 8 object layout/GC
hook-0243,aggregate boundary only,src/maps/_maps_matplotlib.py,launch_viewer_standalone,cProfile correlation,"profile.call_count,profile.primitive_call_count,profile.total_time_ns,profile.cumulative_time_ns",Run an opt-in cProfile session around the parent workload. Correlate this exact symbol with the AST inventory.,"file,symbol,class,workload_name,workload_size,state,python_version",Do not emit a production event. Profile one bounded benchmark run for each workload cell.,Do not add a local timer. Use a separate unprofiled run for acceptance timing.,"Do not record tokens, credentials, request or response bodies, SQL text, file paths, MAC addresses, IP addresses, organization identifiers, site identifiers, device identifiers, or user text. Use allowlisted labels, coarse buckets, and one-way run-local correlation identifiers.",1 algorithms/repeated work; 3 data structures; 4 allocations/copying; 7 measured Python loops; 8 object layout/GC
hook-0244,aggregate boundary only,src/maps/_maps_testing.py,run_systematic_test,cProfile correlation,"profile.call_count,profile.primitive_call_count,profile.total_time_ns,profile.cumulative_time_ns",Run an opt-in cProfile session around the parent workload. Correlate this exact symbol with the AST inventory.,"file,symbol,class,workload_name,workload_size,state,python_version",Do not emit a production event. Profile one bounded benchmark run for each workload cell.,Do not add a local timer. Use a separate unprofiled run for acceptance timing.,"Do not record tokens, credentials, request or response bodies, SQL text, file paths, MAC addresses, IP addresses, organization identifiers, site identifiers, device identifiers, or user text. Use allowlisted labels, coarse buckets, and one-way run-local correlation identifiers.",1 algorithms/repeated work; 3 data structures; 4 allocations/copying; 7 measured Python loops; 8 object layout/GC
hook-0245,aggregate boundary only,src/maps/_maps_utils.py,flatten_dict_recursively,cProfile correlation,"profile.call_count,profile.primitive_call_count,profile.total_time_ns,profile.cumulative_time_ns",Run an opt-in cProfile session around the parent workload. Correlate this exact symbol with the AST inventory.,"file,symbol,class,workload_name,workload_size,state,python_version",Do not emit a production event. Profile one bounded benchmark run for each workload cell.,Do not add a local timer. Use a separate unprofiled run for acceptance timing.,"Do not record tokens, credentials, request or response bodies, SQL text, file paths, MAC addresses, IP addresses, organization identifiers, site identifiers, device identifiers, or user text. Use allowlisted labels, coarse buckets, and one-way run-local correlation identifiers.",1 algorithms/repeated work; 3 data structures; 4 allocations/copying; 7 measured Python loops; 8 object layout/GC
hook-0246,aggregate boundary only,src/maps/_maps_wizard.py,run_wizard,cProfile correlation,"profile.call_count,profile.primitive_call_count,profile.total_time_ns,profile.cumulative_time_ns",Run an opt-in cProfile session around the parent workload. Correlate this exact symbol with the AST inventory.,"file,symbol,class,workload_name,workload_size,state,python_version",Do not emit a production event. Profile one bounded benchmark run for each workload cell.,Do not add a local timer. Use a separate unprofiled run for acceptance timing.,"Do not record tokens, credentials, request or response bodies, SQL text, file paths, MAC addresses, IP addresses, organization identifiers, site identifiers, device identifiers, or user text. Use allowlisted labels, coarse buckets, and one-way run-local correlation identifiers.",1 algorithms/repeated work; 3 data structures; 4 allocations/copying; 7 measured Python loops; 8 object layout/GC
hook-0247,production hook,src/maps/_plotly_viewer.py,_PlotlyViewer,operation_span,"perf.wall_ns,perf.process_cpu_ns,perf.calls_total,perf.errors_total,work.items_total",Measure the complete named operation from entry through cleanup. Correlate nested costs with cProfile.,"file,symbol,operation,status,workload_size,state",Off by default. Enable for a named operation. Sample at most 1 in 100 successful calls. Keep all failures.,Use perf_counter_ns and process_time_ns only. Buffer events. Do not time each internal function.,"Do not record tokens, credentials, request or response bodies, SQL text, file paths, MAC addresses, IP addresses, organization identifiers, site identifiers, device identifiers, or user text. Use allowlisted labels, coarse buckets, and one-way run-local correlation identifiers.",1 algorithms/repeated work; 2 I/O/sequential batching; 7 measured Python loops
hook-0248,aggregate boundary only,src/maps/_viewer_launch.py,_ViewerStateInputs,cProfile correlation,"profile.call_count,profile.primitive_call_count,profile.total_time_ns,profile.cumulative_time_ns",Run an opt-in cProfile session around the parent workload. Correlate this exact symbol with the AST inventory.,"file,symbol,class,workload_name,workload_size,state,python_version",Do not emit a production event. Profile one bounded benchmark run for each workload cell.,Do not add a local timer. Use a separate unprofiled run for acceptance timing.,"Do not record tokens, credentials, request or response bodies, SQL text, file paths, MAC addresses, IP addresses, organization identifiers, site identifiers, device identifiers, or user text. Use allowlisted labels, coarse buckets, and one-way run-local correlation identifiers.",1 algorithms/repeated work; 3 data structures; 4 allocations/copying; 7 measured Python loops; 8 object layout/GC
hook-0249,aggregate boundary only,src/maps/launcher/_viewer_clone.py,_error_span,cProfile correlation,"profile.call_count,profile.primitive_call_count,profile.total_time_ns,profile.cumulative_time_ns",Run an opt-in cProfile session around the parent workload. Correlate this exact symbol with the AST inventory.,"file,symbol,class,workload_name,workload_size,state,python_version",Do not emit a production event. Profile one bounded benchmark run for each workload cell.,Do not add a local timer. Use a separate unprofiled run for acceptance timing.,"Do not record tokens, credentials, request or response bodies, SQL text, file paths, MAC addresses, IP addresses, organization identifiers, site identifiers, device identifiers, or user text. Use allowlisted labels, coarse buckets, and one-way run-local correlation identifiers.",1 algorithms/repeated work; 3 data structures; 4 allocations/copying; 7 measured Python loops; 8 object layout/GC
hook-0250,aggregate boundary only,src/maps/launcher/_viewer_drawing.py,_DrawingConfig,cProfile correlation,"profile.call_count,profile.primitive_call_count,profile.total_time_ns,profile.cumulative_time_ns",Run an opt-in cProfile session around the parent workload. Correlate this exact symbol with the AST inventory.,"file,symbol,class,workload_name,workload_size,state,python_version",Do not emit a production event. Profile one bounded benchmark run for each workload cell.,Do not add a local timer. Use a separate unprofiled run for acceptance timing.,"Do not record tokens, credentials, request or response bodies, SQL text, file paths, MAC addresses, IP addresses, organization identifiers, site identifiers, device identifiers, or user text. Use allowlisted labels, coarse buckets, and one-way run-local correlation identifiers.",1 algorithms/repeated work; 3 data structures; 4 allocations/copying; 7 measured Python loops; 8 object layout/GC
hook-0251,aggregate boundary only,src/maps/launcher/_viewer_refresh.py,_MapContext,cProfile correlation,"profile.call_count,profile.primitive_call_count,profile.total_time_ns,profile.cumulative_time_ns",Run an opt-in cProfile session around the parent workload. Correlate this exact symbol with the AST inventory.,"file,symbol,class,workload_name,workload_size,state,python_version",Do not emit a production event. Profile one bounded benchmark run for each workload cell.,Do not add a local timer. Use a separate unprofiled run for acceptance timing.,"Do not record tokens, credentials, request or response bodies, SQL text, file paths, MAC addresses, IP addresses, organization identifiers, site identifiers, device identifiers, or user text. Use allowlisted labels, coarse buckets, and one-way run-local correlation identifiers.",1 algorithms/repeated work; 3 data structures; 4 allocations/copying; 7 measured Python loops; 8 object layout/GC
hook-0252,aggregate boundary only,src/maps/launcher/_viewer_site_switch.py,_ViewerSiteSwitch,cProfile correlation,"profile.call_count,profile.primitive_call_count,profile.total_time_ns,profile.cumulative_time_ns",Run an opt-in cProfile session around the parent workload. Correlate this exact symbol with the AST inventory.,"file,symbol,class,workload_name,workload_size,state,python_version",Do not emit a production event. Profile one bounded benchmark run for each workload cell.,Do not add a local timer. Use a separate unprofiled run for acceptance timing.,"Do not record tokens, credentials, request or response bodies, SQL text, file paths, MAC addresses, IP addresses, organization identifiers, site identifiers, device identifiers, or user text. Use allowlisted labels, coarse buckets, and one-way run-local correlation identifiers.",1 algorithms/repeated work; 3 data structures; 4 allocations/copying; 7 measured Python loops; 8 object layout/GC
hook-0253,aggregate boundary only,src/maps/launcher/_viewer_ui.py,_RefreshPayload,cProfile correlation,"profile.call_count,profile.primitive_call_count,profile.total_time_ns,profile.cumulative_time_ns",Run an opt-in cProfile session around the parent workload. Correlate this exact symbol with the AST inventory.,"file,symbol,class,workload_name,workload_size,state,python_version",Do not emit a production event. Profile one bounded benchmark run for each workload cell.,Do not add a local timer. Use a separate unprofiled run for acceptance timing.,"Do not record tokens, credentials, request or response bodies, SQL text, file paths, MAC addresses, IP addresses, organization identifiers, site identifiers, device identifiers, or user text. Use allowlisted labels, coarse buckets, and one-way run-local correlation identifiers.",1 algorithms/repeated work; 3 data structures; 4 allocations/copying; 7 measured Python loops; 8 object layout/GC
hook-0254,aggregate boundary only,src/maps/launcher/_viewer_url_switch.py,_MapLayers,cProfile correlation,"profile.call_count,profile.primitive_call_count,profile.total_time_ns,profile.cumulative_time_ns",Run an opt-in cProfile session around the parent workload. Correlate this exact symbol with the AST inventory.,"file,symbol,class,workload_name,workload_size,state,python_version",Do not emit a production event. Profile one bounded benchmark run for each workload cell.,Do not add a local timer. Use a separate unprofiled run for acceptance timing.,"Do not record tokens, credentials, request or response bodies, SQL text, file paths, MAC addresses, IP addresses, organization identifiers, site identifiers, device identifiers, or user text. Use allowlisted labels, coarse buckets, and one-way run-local correlation identifiers.",1 algorithms/repeated work; 3 data structures; 4 allocations/copying; 7 measured Python loops; 8 object layout/GC
hook-0255,aggregate boundary only,src/maps/launcher/viewer_callbacks.py,MapViewerCallbacks,cProfile correlation,"profile.call_count,profile.primitive_call_count,profile.total_time_ns,profile.cumulative_time_ns",Run an opt-in cProfile session around the parent workload. Correlate this exact symbol with the AST inventory.,"file,symbol,class,workload_name,workload_size,state,python_version",Do not emit a production event. Profile one bounded benchmark run for each workload cell.,Do not add a local timer. Use a separate unprofiled run for acceptance timing.,"Do not record tokens, credentials, request or response bodies, SQL text, file paths, MAC addresses, IP addresses, organization identifiers, site identifiers, device identifiers, or user text. Use allowlisted labels, coarse buckets, and one-way run-local correlation identifiers.",1 algorithms/repeated work; 3 data structures; 4 allocations/copying; 7 measured Python loops; 8 object layout/GC
hook-0256,aggregate boundary only,src/maps/launcher/viewer_state.py,MapViewerState,cProfile correlation,"profile.call_count,profile.primitive_call_count,profile.total_time_ns,profile.cumulative_time_ns",Run an opt-in cProfile session around the parent workload. Correlate this exact symbol with the AST inventory.,"file,symbol,class,workload_name,workload_size,state,python_version",Do not emit a production event. Profile one bounded benchmark run for each workload cell.,Do not add a local timer. Use a separate unprofiled run for acceptance timing.,"Do not record tokens, credentials, request or response bodies, SQL text, file paths, MAC addresses, IP addresses, organization identifiers, site identifiers, device identifiers, or user text. Use allowlisted labels, coarse buckets, and one-way run-local correlation identifiers.",1 algorithms/repeated work; 3 data structures; 4 allocations/copying; 7 measured Python loops; 8 object layout/GC
hook-0257,aggregate boundary only,src/maps/maps_manager.py,tqdm,cProfile correlation,"profile.call_count,profile.primitive_call_count,profile.total_time_ns,profile.cumulative_time_ns",Run an opt-in cProfile session around the parent workload. Correlate this exact symbol with the AST inventory.,"file,symbol,class,workload_name,workload_size,state,python_version",Do not emit a production event. Profile one bounded benchmark run for each workload cell.,Do not add a local timer. Use a separate unprofiled run for acceptance timing.,"Do not record tokens, credentials, request or response bodies, SQL text, file paths, MAC addresses, IP addresses, organization identifiers, site identifiers, device identifiers, or user text. Use allowlisted labels, coarse buckets, and one-way run-local correlation identifiers.",1 algorithms/repeated work; 3 data structures; 4 allocations/copying; 7 measured Python loops; 8 object layout/GC
hook-0258,aggregate boundary only,src/maps/plotly_heatmap_renderer.py,PlotlyCoverageHeatmapRenderer,cProfile correlation,"profile.call_count,profile.primitive_call_count,profile.total_time_ns,profile.cumulative_time_ns",Run an opt-in cProfile session around the parent workload. Correlate this exact symbol with the AST inventory.,"file,symbol,class,workload_name,workload_size,state,python_version",Do not emit a production event. Profile one bounded benchmark run for each workload cell.,Do not add a local timer. Use a separate unprofiled run for acceptance timing.,"Do not record tokens, credentials, request or response bodies, SQL text, file paths, MAC addresses, IP addresses, organization identifiers, site identifiers, device identifiers, or user text. Use allowlisted labels, coarse buckets, and one-way run-local correlation identifiers.",1 algorithms/repeated work; 3 data structures; 4 allocations/copying; 5 serialization/validation; 7 measured Python loops
hook-0259,aggregate boundary only,src/maps/plotly_map_callback_manager.py,LayerToggleInputs,cProfile correlation,"profile.call_count,profile.primitive_call_count,profile.total_time_ns,profile.cumulative_time_ns",Run an opt-in cProfile session around the parent workload. Correlate this exact symbol with the AST inventory.,"file,symbol,class,workload_name,workload_size,state,python_version",Do not emit a production event. Profile one bounded benchmark run for each workload cell.,Do not add a local timer. Use a separate unprofiled run for acceptance timing.,"Do not record tokens, credentials, request or response bodies, SQL text, file paths, MAC addresses, IP addresses, organization identifiers, site identifiers, device identifiers, or user text. Use allowlisted labels, coarse buckets, and one-way run-local correlation identifiers.",1 algorithms/repeated work; 3 data structures; 4 allocations/copying; 7 measured Python loops; 8 object layout/GC
hook-0260,aggregate boundary only,src/maps/plotly_map_figure_builder.py,PlotlyMapFigureBuilder,cProfile correlation,"profile.call_count,profile.primitive_call_count,profile.total_time_ns,profile.cumulative_time_ns",Run an opt-in cProfile session around the parent workload. Correlate this exact symbol with the AST inventory.,"file,symbol,class,workload_name,workload_size,state,python_version",Do not emit a production event. Profile one bounded benchmark run for each workload cell.,Do not add a local timer. Use a separate unprofiled run for acceptance timing.,"Do not record tokens, credentials, request or response bodies, SQL text, file paths, MAC addresses, IP addresses, organization identifiers, site identifiers, device identifiers, or user text. Use allowlisted labels, coarse buckets, and one-way run-local correlation identifiers.",1 algorithms/repeated work; 3 data structures; 4 allocations/copying; 7 measured Python loops; 8 object layout/GC
hook-0261,aggregate boundary only,src/maps/plotly_map_serializer.py,MapConfigParams,cProfile correlation,"profile.call_count,profile.primitive_call_count,profile.total_time_ns,profile.cumulative_time_ns",Run an opt-in cProfile session around the parent workload. Correlate this exact symbol with the AST inventory.,"file,symbol,class,workload_name,workload_size,state,python_version",Do not emit a production event. Profile one bounded benchmark run for each workload cell.,Do not add a local timer. Use a separate unprofiled run for acceptance timing.,"Do not record tokens, credentials, request or response bodies, SQL text, file paths, MAC addresses, IP addresses, organization identifiers, site identifiers, device identifiers, or user text. Use allowlisted labels, coarse buckets, and one-way run-local correlation identifiers.",1 algorithms/repeated work; 3 data structures; 4 allocations/copying; 5 serialization/validation; 7 measured Python loops
hook-0262,aggregate boundary only,src/maps/plotly_map_templates.py,DashTemplateManager,cProfile correlation,"profile.call_count,profile.primitive_call_count,profile.total_time_ns,profile.cumulative_time_ns",Run an opt-in cProfile session around the parent workload. Correlate this exact symbol with the AST inventory.,"file,symbol,class,workload_name,workload_size,state,python_version",Do not emit a production event. Profile one bounded benchmark run for each workload cell.,Do not add a local timer. Use a separate unprofiled run for acceptance timing.,"Do not record tokens, credentials, request or response bodies, SQL text, file paths, MAC addresses, IP addresses, organization identifiers, site identifiers, device identifiers, or user text. Use allowlisted labels, coarse buckets, and one-way run-local correlation identifiers.",1 algorithms/repeated work; 3 data structures; 4 allocations/copying; 7 measured Python loops; 8 object layout/GC
hook-0263,aggregate boundary only,src/marvis/marvis_utils.py,MarvisDataUtils,cProfile correlation,"profile.call_count,profile.primitive_call_count,profile.total_time_ns,profile.cumulative_time_ns",Run an opt-in cProfile session around the parent workload. Correlate this exact symbol with the AST inventory.,"file,symbol,class,workload_name,workload_size,state,python_version",Do not emit a production event. Profile one bounded benchmark run for each workload cell.,Do not add a local timer. Use a separate unprofiled run for acceptance timing.,"Do not record tokens, credentials, request or response bodies, SQL text, file paths, MAC addresses, IP addresses, organization identifiers, site identifiers, device identifiers, or user text. Use allowlisted labels, coarse buckets, and one-way run-local correlation identifiers.",1 algorithms/repeated work; 3 data structures; 4 allocations/copying; 7 measured Python loops; 8 object layout/GC
hook-0264,aggregate boundary only,src/metrics_gateway/__init__.py,__getattr__,cProfile correlation,"profile.call_count,profile.primitive_call_count,profile.total_time_ns,profile.cumulative_time_ns",Run an opt-in cProfile session around the parent workload. Correlate this exact symbol with the AST inventory.,"file,symbol,class,workload_name,workload_size,state,python_version",Do not emit a production event. Profile one bounded benchmark run for each workload cell.,Do not add a local timer. Use a separate unprofiled run for acceptance timing.,"Do not record tokens, credentials, request or response bodies, SQL text, file paths, MAC addresses, IP addresses, organization identifiers, site identifiers, device identifiers, or user text. Use allowlisted labels, coarse buckets, and one-way run-local correlation identifiers.",1 algorithms/repeated work; 3 data structures; 4 allocations/copying; 7 measured Python loops; 8 object layout/GC
hook-0265,production hook,src/metrics_gateway/cache.py,MetricsCache.refresh_now,cache,"cache.lookup_wall_ns,cache.hits_total,cache.misses_total,cache.evictions_total,cache.entries,cache.bytes_estimate,cache.populate_wall_ns","Measure lookup, population, invalidation, and eviction separately. Record the configured bound and lifetime.","file,symbol,cache_name,outcome,size_bucket,workload_size,state",Count each outcome with bounded labels. Sample lookup timing at most 1 in 1000 calls. Never record keys.,Use existing cache state. Do not walk values to calculate size. Require a fixed entry or byte bound.,"Do not record tokens, credentials, request or response bodies, SQL text, file paths, MAC addresses, IP addresses, organization identifiers, site identifiers, device identifiers, or user text. Use allowlisted labels, coarse buckets, and one-way run-local correlation identifiers.",1 algorithms/repeated work; 3 data structures; 4 allocations/copying; 6 bounded caching; 8 object layout/GC
hook-0266,production hook,src/metrics_gateway/cache.py,MetricsCache.snapshot,cache,"cache.lookup_wall_ns,cache.hits_total,cache.misses_total,cache.evictions_total,cache.entries,cache.bytes_estimate,cache.populate_wall_ns","Measure lookup, population, invalidation, and eviction separately. Record the configured bound and lifetime.","file,symbol,cache_name,outcome,size_bucket,workload_size,state",Count each outcome with bounded labels. Sample lookup timing at most 1 in 1000 calls. Never record keys.,Use existing cache state. Do not walk values to calculate size. Require a fixed entry or byte bound.,"Do not record tokens, credentials, request or response bodies, SQL text, file paths, MAC addresses, IP addresses, organization identifiers, site identifiers, device identifiers, or user text. Use allowlisted labels, coarse buckets, and one-way run-local correlation identifiers.",1 algorithms/repeated work; 3 data structures; 4 allocations/copying; 6 bounded caching; 8 object layout/GC
hook-0267,aggregate boundary only,src/metrics_gateway/catalog.py,MetricKind,cProfile correlation,"profile.call_count,profile.primitive_call_count,profile.total_time_ns,profile.cumulative_time_ns",Run an opt-in cProfile session around the parent workload. Correlate this exact symbol with the AST inventory.,"file,symbol,class,workload_name,workload_size,state,python_version",Do not emit a production event. Profile one bounded benchmark run for each workload cell.,Do not add a local timer. Use a separate unprofiled run for acceptance timing.,"Do not record tokens, credentials, request or response bodies, SQL text, file paths, MAC addresses, IP addresses, organization identifiers, site identifiers, device identifiers, or user text. Use allowlisted labels, coarse buckets, and one-way run-local correlation identifiers.",1 algorithms/repeated work; 3 data structures; 4 allocations/copying; 7 measured Python loops; 8 object layout/GC
hook-0268,production hook,src/metrics_gateway/collector.py,MistStatsReader.org_stats,http_transport,"http.wall_ns,http.process_cpu_ns,http.requests_total,http.retries_total,http.pages_total,http.request_bytes,http.response_bytes,http.items_total,http.status_total","Measure the transport call, each retry, each page, and response decoding as separate nonoverlapping stages.","file,symbol,endpoint_template,method,status_class,retry_reason,page_bucket,workload_size,state",Count every request. Sample timing for at most 1 in 20 successes. Keep all retries and failures. Never label raw URLs or identifiers.,Use monotonic nanosecond clocks. Reuse transport metadata. Do not serialize payloads to measure their size.,"Do not record tokens, credentials, request or response bodies, SQL text, file paths, MAC addresses, IP addresses, organization identifiers, site identifiers, device identifiers, or user text. Use allowlisted labels, coarse buckets, and one-way run-local correlation identifiers.",2 I/O/sequential batching; 5 serialization/validation; 6 bounded caching
hook-0269,production hook,src/metrics_gateway/collector.py,MistStatsReader._rows,http_transport,"http.wall_ns,http.process_cpu_ns,http.requests_total,http.retries_total,http.pages_total,http.request_bytes,http.response_bytes,http.items_total,http.status_total","Measure the transport call, each retry, each page, and response decoding as separate nonoverlapping stages.","file,symbol,endpoint_template,method,status_class,retry_reason,page_bucket,workload_size,state",Count every request. Sample timing for at most 1 in 20 successes. Keep all retries and failures. Never label raw URLs or identifiers.,Use monotonic nanosecond clocks. Reuse transport metadata. Do not serialize payloads to measure their size.,"Do not record tokens, credentials, request or response bodies, SQL text, file paths, MAC addresses, IP addresses, organization identifiers, site identifiers, device identifiers, or user text. Use allowlisted labels, coarse buckets, and one-way run-local correlation identifiers.",2 I/O/sequential batching; 5 serialization/validation; 6 bounded caching
hook-0270,production hook,src/metrics_gateway/collector.py,MistMetricsCollector.collect,operation_span,"perf.wall_ns,perf.process_cpu_ns,perf.calls_total,perf.errors_total,work.items_total",Measure the complete named operation from entry through cleanup. Correlate nested costs with cProfile.,"file,symbol,operation,status,workload_size,state",Off by default. Enable for a named operation. Sample at most 1 in 100 successful calls. Keep all failures.,Use perf_counter_ns and process_time_ns only. Buffer events. Do not time each internal function.,"Do not record tokens, credentials, request or response bodies, SQL text, file paths, MAC addresses, IP addresses, organization identifiers, site identifiers, device identifiers, or user text. Use allowlisted labels, coarse buckets, and one-way run-local correlation identifiers.",1 algorithms/repeated work; 2 I/O/sequential batching; 7 measured Python loops
hook-0271,production hook,src/metrics_gateway/prometheus.py,PrometheusRenderer.render,serializer,"serialize.wall_ns,serialize.process_cpu_ns,serialize.calls_total,serialize.input_bytes,serialize.output_bytes,serialize.items_total,serialize.errors_total","Measure one encode, decode, flatten, validation, or render boundary, including required conversion work.","file,symbol,format,operation,size_bucket,workload_size,state",Enable only for named workloads. Bucket sizes. Sample at most 1 in 100 production calls.,Use length metadata when available. Do not copy a payload only to count bytes. Use tracemalloc in a separate diagnostic run.,"Do not record tokens, credentials, request or response bodies, SQL text, file paths, MAC addresses, IP addresses, organization identifiers, site identifiers, device identifiers, or user text. Use allowlisted labels, coarse buckets, and one-way run-local correlation identifiers.",1 algorithms/repeated work; 3 data structures; 4 allocations/copying; 5 serialization/validation; 7 measured Python loops; 10 native acceleration
hook-0272,aggregate boundary only,src/metrics_gateway/samples.py,MetricSample,cProfile correlation,"profile.call_count,profile.primitive_call_count,profile.total_time_ns,profile.cumulative_time_ns",Run an opt-in cProfile session around the parent workload. Correlate this exact symbol with the AST inventory.,"file,symbol,class,workload_name,workload_size,state,python_version",Do not emit a production event. Profile one bounded benchmark run for each workload cell.,Do not add a local timer. Use a separate unprofiled run for acceptance timing.,"Do not record tokens, credentials, request or response bodies, SQL text, file paths, MAC addresses, IP addresses, organization identifiers, site identifiers, device identifiers, or user text. Use allowlisted labels, coarse buckets, and one-way run-local correlation identifiers.",1 algorithms/repeated work; 3 data structures; 4 allocations/copying; 7 measured Python loops; 8 object layout/GC
hook-0273,aggregate boundary only,src/metrics_gateway/service.py,resolve_host,cProfile correlation,"profile.call_count,profile.primitive_call_count,profile.total_time_ns,profile.cumulative_time_ns",Run an opt-in cProfile session around the parent workload. Correlate this exact symbol with the AST inventory.,"file,symbol,class,workload_name,workload_size,state,python_version",Do not emit a production event. Profile one bounded benchmark run for each workload cell.,Do not add a local timer. Use a separate unprofiled run for acceptance timing.,"Do not record tokens, credentials, request or response bodies, SQL text, file paths, MAC addresses, IP addresses, organization identifiers, site identifiers, device identifiers, or user text. Use allowlisted labels, coarse buckets, and one-way run-local correlation identifiers.",1 algorithms/repeated work; 3 data structures; 4 allocations/copying; 7 measured Python loops; 8 object layout/GC
hook-0274,production hook,src/metrics_gateway/snmp.py,SnmpPassPersistResponder.run,operation_span,"perf.wall_ns,perf.process_cpu_ns,perf.calls_total,perf.errors_total,work.items_total",Measure the complete named operation from entry through cleanup. Correlate nested costs with cProfile.,"file,symbol,operation,status,workload_size,state",Off by default. Enable for a named operation. Sample at most 1 in 100 successful calls. Keep all failures.,Use perf_counter_ns and process_time_ns only. Buffer events. Do not time each internal function.,"Do not record tokens, credentials, request or response bodies, SQL text, file paths, MAC addresses, IP addresses, organization identifiers, site identifiers, device identifiers, or user text. Use allowlisted labels, coarse buckets, and one-way run-local correlation identifiers.",1 algorithms/repeated work; 2 I/O/sequential batching; 7 measured Python loops
hook-0275,production hook,src/metrics_gateway/web.py,create_app.metrics,operation_span,"perf.wall_ns,perf.process_cpu_ns,perf.calls_total,perf.errors_total,work.items_total",Measure the complete named operation from entry through cleanup. Correlate nested costs with cProfile.,"file,symbol,operation,status,workload_size,state",Off by default. Enable for a named operation. Sample at most 1 in 100 successful calls. Keep all failures.,Use perf_counter_ns and process_time_ns only. Buffer events. Do not time each internal function.,"Do not record tokens, credentials, request or response bodies, SQL text, file paths, MAC addresses, IP addresses, organization identifiers, site identifiers, device identifiers, or user text. Use allowlisted labels, coarse buckets, and one-way run-local correlation identifiers.",1 algorithms/repeated work; 2 I/O/sequential batching; 7 measured Python loops
hook-0276,aggregate boundary only,src/mib_generator/assignment.py,LedgerError,cProfile correlation,"profile.call_count,profile.primitive_call_count,profile.total_time_ns,profile.cumulative_time_ns",Run an opt-in cProfile session around the parent workload. Correlate this exact symbol with the AST inventory.,"file,symbol,class,workload_name,workload_size,state,python_version",Do not emit a production event. Profile one bounded benchmark run for each workload cell.,Do not add a local timer. Use a separate unprofiled run for acceptance timing.,"Do not record tokens, credentials, request or response bodies, SQL text, file paths, MAC addresses, IP addresses, organization identifiers, site identifiers, device identifiers, or user text. Use allowlisted labels, coarse buckets, and one-way run-local correlation identifiers.",1 algorithms/repeated work; 3 data structures; 4 allocations/copying; 7 measured Python loops; 8 object layout/GC
hook-0277,aggregate boundary only,src/mib_generator/document.py,OpenApiVersionError,cProfile correlation,"profile.call_count,profile.primitive_call_count,profile.total_time_ns,profile.cumulative_time_ns",Run an opt-in cProfile session around the parent workload. Correlate this exact symbol with the AST inventory.,"file,symbol,class,workload_name,workload_size,state,python_version",Do not emit a production event. Profile one bounded benchmark run for each workload cell.,Do not add a local timer. Use a separate unprofiled run for acceptance timing.,"Do not record tokens, credentials, request or response bodies, SQL text, file paths, MAC addresses, IP addresses, organization identifiers, site identifiers, device identifiers, or user text. Use allowlisted labels, coarse buckets, and one-way run-local correlation identifiers.",1 algorithms/repeated work; 3 data structures; 4 allocations/copying; 7 measured Python loops; 8 object layout/GC
hook-0278,aggregate boundary only,src/mib_generator/mib.py,MibRenderError,cProfile correlation,"profile.call_count,profile.primitive_call_count,profile.total_time_ns,profile.cumulative_time_ns",Run an opt-in cProfile session around the parent workload. Correlate this exact symbol with the AST inventory.,"file,symbol,class,workload_name,workload_size,state,python_version",Do not emit a production event. Profile one bounded benchmark run for each workload cell.,Do not add a local timer. Use a separate unprofiled run for acceptance timing.,"Do not record tokens, credentials, request or response bodies, SQL text, file paths, MAC addresses, IP addresses, organization identifiers, site identifiers, device identifiers, or user text. Use allowlisted labels, coarse buckets, and one-way run-local correlation identifiers.",1 algorithms/repeated work; 3 data structures; 4 allocations/copying; 7 measured Python loops; 8 object layout/GC
hook-0279,aggregate boundary only,src/mib_generator/runner.py,CandidateReport,cProfile correlation,"profile.call_count,profile.primitive_call_count,profile.total_time_ns,profile.cumulative_time_ns",Run an opt-in cProfile session around the parent workload. Correlate this exact symbol with the AST inventory.,"file,symbol,class,workload_name,workload_size,state,python_version",Do not emit a production event. Profile one bounded benchmark run for each workload cell.,Do not add a local timer. Use a separate unprofiled run for acceptance timing.,"Do not record tokens, credentials, request or response bodies, SQL text, file paths, MAC addresses, IP addresses, organization identifiers, site identifiers, device identifiers, or user text. Use allowlisted labels, coarse buckets, and one-way run-local correlation identifiers.",1 algorithms/repeated work; 3 data structures; 4 allocations/copying; 7 measured Python loops; 8 object layout/GC
hook-0280,aggregate boundary only,src/mib_generator/schema.py,FieldRecord,cProfile correlation,"profile.call_count,profile.primitive_call_count,profile.total_time_ns,profile.cumulative_time_ns",Run an opt-in cProfile session around the parent workload. Correlate this exact symbol with the AST inventory.,"file,symbol,class,workload_name,workload_size,state,python_version",Do not emit a production event. Profile one bounded benchmark run for each workload cell.,Do not add a local timer. Use a separate unprofiled run for acceptance timing.,"Do not record tokens, credentials, request or response bodies, SQL text, file paths, MAC addresses, IP addresses, organization identifiers, site identifiers, device identifiers, or user text. Use allowlisted labels, coarse buckets, and one-way run-local correlation identifiers.",1 algorithms/repeated work; 3 data structures; 4 allocations/copying; 5 serialization/validation; 7 measured Python loops
hook-0281,aggregate boundary only,src/network/_routing_utils_display.py,RoutingStatsAcc,cProfile correlation,"profile.call_count,profile.primitive_call_count,profile.total_time_ns,profile.cumulative_time_ns",Run an opt-in cProfile session around the parent workload. Correlate this exact symbol with the AST inventory.,"file,symbol,class,workload_name,workload_size,state,python_version",Do not emit a production event. Profile one bounded benchmark run for each workload cell.,Do not add a local timer. Use a separate unprofiled run for acceptance timing.,"Do not record tokens, credentials, request or response bodies, SQL text, file paths, MAC addresses, IP addresses, organization identifiers, site identifiers, device identifiers, or user text. Use allowlisted labels, coarse buckets, and one-way run-local correlation identifiers.",1 algorithms/repeated work; 2 I/O/sequential batching; 5 serialization/validation; 7 measured Python loops
hook-0282,aggregate boundary only,src/network/_routing_utils_forwarding.py,_RoutingUtilsForwarding,cProfile correlation,"profile.call_count,profile.primitive_call_count,profile.total_time_ns,profile.cumulative_time_ns",Run an opt-in cProfile session around the parent workload. Correlate this exact symbol with the AST inventory.,"file,symbol,class,workload_name,workload_size,state,python_version",Do not emit a production event. Profile one bounded benchmark run for each workload cell.,Do not add a local timer. Use a separate unprofiled run for acceptance timing.,"Do not record tokens, credentials, request or response bodies, SQL text, file paths, MAC addresses, IP addresses, organization identifiers, site identifiers, device identifiers, or user text. Use allowlisted labels, coarse buckets, and one-way run-local correlation identifiers.",1 algorithms/repeated work; 2 I/O/sequential batching; 5 serialization/validation; 7 measured Python loops
hook-0283,aggregate boundary only,src/network/_routing_utils_parsing.py,_empty_route_entry,cProfile correlation,"profile.call_count,profile.primitive_call_count,profile.total_time_ns,profile.cumulative_time_ns",Run an opt-in cProfile session around the parent workload. Correlate this exact symbol with the AST inventory.,"file,symbol,class,workload_name,workload_size,state,python_version",Do not emit a production event. Profile one bounded benchmark run for each workload cell.,Do not add a local timer. Use a separate unprofiled run for acceptance timing.,"Do not record tokens, credentials, request or response bodies, SQL text, file paths, MAC addresses, IP addresses, organization identifiers, site identifiers, device identifiers, or user text. Use allowlisted labels, coarse buckets, and one-way run-local correlation identifiers.",1 algorithms/repeated work; 2 I/O/sequential batching; 5 serialization/validation; 7 measured Python loops
hook-0284,aggregate boundary only,src/network/_routing_utils_payload.py,RoutingPayloadQuery,cProfile correlation,"profile.call_count,profile.primitive_call_count,profile.total_time_ns,profile.cumulative_time_ns",Run an opt-in cProfile session around the parent workload. Correlate this exact symbol with the AST inventory.,"file,symbol,class,workload_name,workload_size,state,python_version",Do not emit a production event. Profile one bounded benchmark run for each workload cell.,Do not add a local timer. Use a separate unprofiled run for acceptance timing.,"Do not record tokens, credentials, request or response bodies, SQL text, file paths, MAC addresses, IP addresses, organization identifiers, site identifiers, device identifiers, or user text. Use allowlisted labels, coarse buckets, and one-way run-local correlation identifiers.",1 algorithms/repeated work; 2 I/O/sequential batching; 5 serialization/validation; 7 measured Python loops
hook-0285,aggregate boundary only,src/network/_routing_utils_routing.py,_RoutingUtilsRouting,cProfile correlation,"profile.call_count,profile.primitive_call_count,profile.total_time_ns,profile.cumulative_time_ns",Run an opt-in cProfile session around the parent workload. Correlate this exact symbol with the AST inventory.,"file,symbol,class,workload_name,workload_size,state,python_version",Do not emit a production event. Profile one bounded benchmark run for each workload cell.,Do not add a local timer. Use a separate unprofiled run for acceptance timing.,"Do not record tokens, credentials, request or response bodies, SQL text, file paths, MAC addresses, IP addresses, organization identifiers, site identifiers, device identifiers, or user text. Use allowlisted labels, coarse buckets, and one-way run-local correlation identifiers.",1 algorithms/repeated work; 2 I/O/sequential batching; 5 serialization/validation; 7 measured Python loops
hook-0286,aggregate boundary only,src/network/_routing_utils_ssr.py,_RoutingUtilsSSR,cProfile correlation,"profile.call_count,profile.primitive_call_count,profile.total_time_ns,profile.cumulative_time_ns",Run an opt-in cProfile session around the parent workload. Correlate this exact symbol with the AST inventory.,"file,symbol,class,workload_name,workload_size,state,python_version",Do not emit a production event. Profile one bounded benchmark run for each workload cell.,Do not add a local timer. Use a separate unprofiled run for acceptance timing.,"Do not record tokens, credentials, request or response bodies, SQL text, file paths, MAC addresses, IP addresses, organization identifiers, site identifiers, device identifiers, or user text. Use allowlisted labels, coarse buckets, and one-way run-local correlation identifiers.",1 algorithms/repeated work; 2 I/O/sequential batching; 5 serialization/validation; 7 measured Python loops
hook-0287,production hook,src/network/routing_utils.py,RoutingUtils._connect_websocket,http_transport,"http.wall_ns,http.process_cpu_ns,http.requests_total,http.retries_total,http.pages_total,http.request_bytes,http.response_bytes,http.items_total,http.status_total","Measure the transport call, each retry, each page, and response decoding as separate nonoverlapping stages.","file,symbol,endpoint_template,method,status_class,retry_reason,page_bucket,workload_size,state",Count every request. Sample timing for at most 1 in 20 successes. Keep all retries and failures. Never label raw URLs or identifiers.,Use monotonic nanosecond clocks. Reuse transport metadata. Do not serialize payloads to measure their size.,"Do not record tokens, credentials, request or response bodies, SQL text, file paths, MAC addresses, IP addresses, organization identifiers, site identifiers, device identifiers, or user text. Use allowlisted labels, coarse buckets, and one-way run-local correlation identifiers.",2 I/O/sequential batching; 5 serialization/validation; 6 bounded caching
hook-0288,aggregate boundary only,src/org/org_config_migration_manager.py,OrgConfigMigrationManager,cProfile correlation,"profile.call_count,profile.primitive_call_count,profile.total_time_ns,profile.cumulative_time_ns",Run an opt-in cProfile session around the parent workload. Correlate this exact symbol with the AST inventory.,"file,symbol,class,workload_name,workload_size,state,python_version",Do not emit a production event. Profile one bounded benchmark run for each workload cell.,Do not add a local timer. Use a separate unprofiled run for acceptance timing.,"Do not record tokens, credentials, request or response bodies, SQL text, file paths, MAC addresses, IP addresses, organization identifiers, site identifiers, device identifiers, or user text. Use allowlisted labels, coarse buckets, and one-way run-local correlation identifiers.",1 algorithms/repeated work; 3 data structures; 4 allocations/copying; 6 bounded caching; 8 object layout/GC
hook-0289,aggregate boundary only,src/org/org_synthetic_probes_manager.py,manage_org_synthetic_probes,cProfile correlation,"profile.call_count,profile.primitive_call_count,profile.total_time_ns,profile.cumulative_time_ns",Run an opt-in cProfile session around the parent workload. Correlate this exact symbol with the AST inventory.,"file,symbol,class,workload_name,workload_size,state,python_version",Do not emit a production event. Profile one bounded benchmark run for each workload cell.,Do not add a local timer. Use a separate unprofiled run for acceptance timing.,"Do not record tokens, credentials, request or response bodies, SQL text, file paths, MAC addresses, IP addresses, organization identifiers, site identifiers, device identifiers, or user text. Use allowlisted labels, coarse buckets, and one-way run-local correlation identifiers.",1 algorithms/repeated work; 3 data structures; 4 allocations/copying; 7 measured Python loops; 8 object layout/GC
hook-0290,aggregate boundary only,src/org/org_ticket_manager.py,OrgTicketManager,cProfile correlation,"profile.call_count,profile.primitive_call_count,profile.total_time_ns,profile.cumulative_time_ns",Run an opt-in cProfile session around the parent workload. Correlate this exact symbol with the AST inventory.,"file,symbol,class,workload_name,workload_size,state,python_version",Do not emit a production event. Profile one bounded benchmark run for each workload cell.,Do not add a local timer. Use a separate unprofiled run for acceptance timing.,"Do not record tokens, credentials, request or response bodies, SQL text, file paths, MAC addresses, IP addresses, organization identifiers, site identifiers, device identifiers, or user text. Use allowlisted labels, coarse buckets, and one-way run-local correlation identifiers.",1 algorithms/repeated work; 3 data structures; 4 allocations/copying; 7 measured Python loops; 8 object layout/GC
hook-0291,aggregate boundary only,src/org_data_collector.py,Operation,cProfile correlation,"profile.call_count,profile.primitive_call_count,profile.total_time_ns,profile.cumulative_time_ns",Run an opt-in cProfile session around the parent workload. Correlate this exact symbol with the AST inventory.,"file,symbol,class,workload_name,workload_size,state,python_version",Do not emit a production event. Profile one bounded benchmark run for each workload cell.,Do not add a local timer. Use a separate unprofiled run for acceptance timing.,"Do not record tokens, credentials, request or response bodies, SQL text, file paths, MAC addresses, IP addresses, organization identifiers, site identifiers, device identifiers, or user text. Use allowlisted labels, coarse buckets, and one-way run-local correlation identifiers.",1 algorithms/repeated work; 3 data structures; 4 allocations/copying; 7 measured Python loops; 8 object layout/GC
hook-0292,aggregate boundary only,src/refactors/anomaly_metrics_discovery.py,AnomalyMetricsDiscovery,cProfile correlation,"profile.call_count,profile.primitive_call_count,profile.total_time_ns,profile.cumulative_time_ns",Run an opt-in cProfile session around the parent workload. Correlate this exact symbol with the AST inventory.,"file,symbol,class,workload_name,workload_size,state,python_version",Do not emit a production event. Profile one bounded benchmark run for each workload cell.,Do not add a local timer. Use a separate unprofiled run for acceptance timing.,"Do not record tokens, credentials, request or response bodies, SQL text, file paths, MAC addresses, IP addresses, organization identifiers, site identifiers, device identifiers, or user text. Use allowlisted labels, coarse buckets, and one-way run-local correlation identifiers.",1 algorithms/repeated work; 3 data structures; 4 allocations/copying; 7 measured Python loops; 8 object layout/GC
hook-0293,aggregate boundary only,src/refactors/connection_pool_executor.py,ConnectionPoolExecutor,cProfile correlation,"profile.call_count,profile.primitive_call_count,profile.total_time_ns,profile.cumulative_time_ns",Run an opt-in cProfile session around the parent workload. Correlate this exact symbol with the AST inventory.,"file,symbol,class,workload_name,workload_size,state,python_version",Do not emit a production event. Profile one bounded benchmark run for each workload cell.,Do not add a local timer. Use a separate unprofiled run for acceptance timing.,"Do not record tokens, credentials, request or response bodies, SQL text, file paths, MAC addresses, IP addresses, organization identifiers, site identifiers, device identifiers, or user text. Use allowlisted labels, coarse buckets, and one-way run-local correlation identifiers.",1 algorithms/repeated work; 3 data structures; 4 allocations/copying; 7 measured Python loops; 8 object layout/GC
hook-0294,aggregate boundary only,src/refactors/data_directory_checker.py,DataDirectoryChecker,cProfile correlation,"profile.call_count,profile.primitive_call_count,profile.total_time_ns,profile.cumulative_time_ns",Run an opt-in cProfile session around the parent workload. Correlate this exact symbol with the AST inventory.,"file,symbol,class,workload_name,workload_size,state,python_version",Do not emit a production event. Profile one bounded benchmark run for each workload cell.,Do not add a local timer. Use a separate unprofiled run for acceptance timing.,"Do not record tokens, credentials, request or response bodies, SQL text, file paths, MAC addresses, IP addresses, organization identifiers, site identifiers, device identifiers, or user text. Use allowlisted labels, coarse buckets, and one-way run-local correlation identifiers.",1 algorithms/repeated work; 3 data structures; 4 allocations/copying; 7 measured Python loops; 8 object layout/GC
hook-0295,aggregate boundary only,src/refactors/device_config_template_cloner_manager.py,DeviceConfigTemplateClonerManager,cProfile correlation,"profile.call_count,profile.primitive_call_count,profile.total_time_ns,profile.cumulative_time_ns",Run an opt-in cProfile session around the parent workload. Correlate this exact symbol with the AST inventory.,"file,symbol,class,workload_name,workload_size,state,python_version",Do not emit a production event. Profile one bounded benchmark run for each workload cell.,Do not add a local timer. Use a separate unprofiled run for acceptance timing.,"Do not record tokens, credentials, request or response bodies, SQL text, file paths, MAC addresses, IP addresses, organization identifiers, site identifiers, device identifiers, or user text. Use allowlisted labels, coarse buckets, and one-way run-local correlation identifiers.",1 algorithms/repeated work; 3 data structures; 4 allocations/copying; 6 bounded caching; 8 object layout/GC
hook-0296,aggregate boundary only,src/refactors/device_data_fetcher.py,DeviceFetchConfig,cProfile correlation,"profile.call_count,profile.primitive_call_count,profile.total_time_ns,profile.cumulative_time_ns",Run an opt-in cProfile session around the parent workload. Correlate this exact symbol with the AST inventory.,"file,symbol,class,workload_name,workload_size,state,python_version",Do not emit a production event. Profile one bounded benchmark run for each workload cell.,Do not add a local timer. Use a separate unprofiled run for acceptance timing.,"Do not record tokens, credentials, request or response bodies, SQL text, file paths, MAC addresses, IP addresses, organization identifiers, site identifiers, device identifiers, or user text. Use allowlisted labels, coarse buckets, and one-way run-local correlation identifiers.",1 algorithms/repeated work; 3 data structures; 4 allocations/copying; 7 measured Python loops; 8 object layout/GC
hook-0297,aggregate boundary only,src/refactors/fast_mode_backoff_multiplier.py,FastModeBackoffMultiplier,cProfile correlation,"profile.call_count,profile.primitive_call_count,profile.total_time_ns,profile.cumulative_time_ns",Run an opt-in cProfile session around the parent workload. Correlate this exact symbol with the AST inventory.,"file,symbol,class,workload_name,workload_size,state,python_version",Do not emit a production event. Profile one bounded benchmark run for each workload cell.,Do not add a local timer. Use a separate unprofiled run for acceptance timing.,"Do not record tokens, credentials, request or response bodies, SQL text, file paths, MAC addresses, IP addresses, organization identifiers, site identifiers, device identifiers, or user text. Use allowlisted labels, coarse buckets, and one-way run-local correlation identifiers.",1 algorithms/repeated work; 3 data structures; 4 allocations/copying; 7 measured Python loops; 8 object layout/GC
hook-0298,aggregate boundary only,src/refactors/fast_mode_devices_per_thread.py,FastModeDevicesPerThread,cProfile correlation,"profile.call_count,profile.primitive_call_count,profile.total_time_ns,profile.cumulative_time_ns",Run an opt-in cProfile session around the parent workload. Correlate this exact symbol with the AST inventory.,"file,symbol,class,workload_name,workload_size,state,python_version",Do not emit a production event. Profile one bounded benchmark run for each workload cell.,Do not add a local timer. Use a separate unprofiled run for acceptance timing.,"Do not record tokens, credentials, request or response bodies, SQL text, file paths, MAC addresses, IP addresses, organization identifiers, site identifiers, device identifiers, or user text. Use allowlisted labels, coarse buckets, and one-way run-local correlation identifiers.",1 algorithms/repeated work; 3 data structures; 4 allocations/copying; 7 measured Python loops; 8 object layout/GC
hook-0299,aggregate boundary only,src/refactors/fast_mode_sequential_max_retries.py,FastModeSequentialMaxRetries,cProfile correlation,"profile.call_count,profile.primitive_call_count,profile.total_time_ns,profile.cumulative_time_ns",Run an opt-in cProfile session around the parent workload. Correlate this exact symbol with the AST inventory.,"file,symbol,class,workload_name,workload_size,state,python_version",Do not emit a production event. Profile one bounded benchmark run for each workload cell.,Do not add a local timer. Use a separate unprofiled run for acceptance timing.,"Do not record tokens, credentials, request or response bodies, SQL text, file paths, MAC addresses, IP addresses, organization identifiers, site identifiers, device identifiers, or user text. Use allowlisted labels, coarse buckets, and one-way run-local correlation identifiers.",1 algorithms/repeated work; 3 data structures; 4 allocations/copying; 7 measured Python loops; 8 object layout/GC
hook-0300,aggregate boundary only,src/refactors/initialize_mist_session.py,MistSessionInitializer,cProfile correlation,"profile.call_count,profile.primitive_call_count,profile.total_time_ns,profile.cumulative_time_ns",Run an opt-in cProfile session around the parent workload. Correlate this exact symbol with the AST inventory.,"file,symbol,class,workload_name,workload_size,state,python_version",Do not emit a production event. Profile one bounded benchmark run for each workload cell.,Do not add a local timer. Use a separate unprofiled run for acceptance timing.,"Do not record tokens, credentials, request or response bodies, SQL text, file paths, MAC addresses, IP addresses, organization identifiers, site identifiers, device identifiers, or user text. Use allowlisted labels, coarse buckets, and one-way run-local correlation identifiers.",1 algorithms/repeated work; 3 data structures; 4 allocations/copying; 6 bounded caching; 8 object layout/GC
hook-0301,aggregate boundary only,src/refactors/initialize_mist_session_interactive.py,MistSessionInteractiveInitializer,cProfile correlation,"profile.call_count,profile.primitive_call_count,profile.total_time_ns,profile.cumulative_time_ns",Run an opt-in cProfile session around the parent workload. Correlate this exact symbol with the AST inventory.,"file,symbol,class,workload_name,workload_size,state,python_version",Do not emit a production event. Profile one bounded benchmark run for each workload cell.,Do not add a local timer. Use a separate unprofiled run for acceptance timing.,"Do not record tokens, credentials, request or response bodies, SQL text, file paths, MAC addresses, IP addresses, organization identifiers, site identifiers, device identifiers, or user text. Use allowlisted labels, coarse buckets, and one-way run-local correlation identifiers.",1 algorithms/repeated work; 3 data structures; 4 allocations/copying; 6 bounded caching; 8 object layout/GC
hook-0302,aggregate boundary only,src/refactors/inventory_csvcomparator.py,InventoryCSVComparator,cProfile correlation,"profile.call_count,profile.primitive_call_count,profile.total_time_ns,profile.cumulative_time_ns",Run an opt-in cProfile session around the parent workload. Correlate this exact symbol with the AST inventory.,"file,symbol,class,workload_name,workload_size,state,python_version",Do not emit a production event. Profile one bounded benchmark run for each workload cell.,Do not add a local timer. Use a separate unprofiled run for acceptance timing.,"Do not record tokens, credentials, request or response bodies, SQL text, file paths, MAC addresses, IP addresses, organization identifiers, site identifiers, device identifiers, or user text. Use allowlisted labels, coarse buckets, and one-way run-local correlation identifiers.",1 algorithms/repeated work; 3 data structures; 4 allocations/copying; 7 measured Python loops; 8 object layout/GC
hook-0303,aggregate boundary only,src/refactors/is_debug_mode.py,IsDebugMode,cProfile correlation,"profile.call_count,profile.primitive_call_count,profile.total_time_ns,profile.cumulative_time_ns",Run an opt-in cProfile session around the parent workload. Correlate this exact symbol with the AST inventory.,"file,symbol,class,workload_name,workload_size,state,python_version",Do not emit a production event. Profile one bounded benchmark run for each workload cell.,Do not add a local timer. Use a separate unprofiled run for acceptance timing.,"Do not record tokens, credentials, request or response bodies, SQL text, file paths, MAC addresses, IP addresses, organization identifiers, site identifiers, device identifiers, or user text. Use allowlisted labels, coarse buckets, and one-way run-local correlation identifiers.",1 algorithms/repeated work; 3 data structures; 4 allocations/copying; 7 measured Python loops; 8 object layout/GC
hook-0304,aggregate boundary only,src/refactors/keyboard_listener.py,KeyboardListener,cProfile correlation,"profile.call_count,profile.primitive_call_count,profile.total_time_ns,profile.cumulative_time_ns",Run an opt-in cProfile session around the parent workload. Correlate this exact symbol with the AST inventory.,"file,symbol,class,workload_name,workload_size,state,python_version",Do not emit a production event. Profile one bounded benchmark run for each workload cell.,Do not add a local timer. Use a separate unprofiled run for acceptance timing.,"Do not record tokens, credentials, request or response bodies, SQL text, file paths, MAC addresses, IP addresses, organization identifiers, site identifiers, device identifiers, or user text. Use allowlisted labels, coarse buckets, and one-way run-local correlation identifiers.",1 algorithms/repeated work; 3 data structures; 4 allocations/copying; 7 measured Python loops; 8 object layout/GC
hook-0305,production hook,src/refactors/main_entrypoint.py,MainEntrypoint.run,startup_import,"startup.wall_ns,startup.process_cpu_ns,startup.import_self_ns,startup.import_cumulative_ns,startup.modules_total,startup.first_use_wall_ns",Measure a fresh process to useful readiness. Collect import attribution with Python -X importtime in a separate run.,"file,symbol,entrypoint,phase,cold_or_warm,platform,python_version",Run only in a benchmark or bounded startup diagnostic. Collect at least three independent process starts.,Do not run importtime in normal service operation. Measure deferred first use separately.,"Do not record tokens, credentials, request or response bodies, SQL text, file paths, MAC addresses, IP addresses, organization identifiers, site identifiers, device identifiers, or user text. Use allowlisted labels, coarse buckets, and one-way run-local correlation identifiers.",4 allocations/copying; 5 serialization/validation; 9 startup/imports; 10 native acceleration
hook-0306,aggregate boundary only,src/refactors/maps_manager_launcher.py,MapsManagerLauncher,cProfile correlation,"profile.call_count,profile.primitive_call_count,profile.total_time_ns,profile.cumulative_time_ns",Run an opt-in cProfile session around the parent workload. Correlate this exact symbol with the AST inventory.,"file,symbol,class,workload_name,workload_size,state,python_version",Do not emit a production event. Profile one bounded benchmark run for each workload cell.,Do not add a local timer. Use a separate unprofiled run for acceptance timing.,"Do not record tokens, credentials, request or response bodies, SQL text, file paths, MAC addresses, IP addresses, organization identifiers, site identifiers, device identifiers, or user text. Use allowlisted labels, coarse buckets, and one-way run-local correlation identifiers.",1 algorithms/repeated work; 3 data structures; 4 allocations/copying; 7 measured Python loops; 8 object layout/GC
hook-0307,aggregate boundary only,src/refactors/marvis_data_utils.py,MarvisDataUtilsFactory,cProfile correlation,"profile.call_count,profile.primitive_call_count,profile.total_time_ns,profile.cumulative_time_ns",Run an opt-in cProfile session around the parent workload. Correlate this exact symbol with the AST inventory.,"file,symbol,class,workload_name,workload_size,state,python_version",Do not emit a production event. Profile one bounded benchmark run for each workload cell.,Do not add a local timer. Use a separate unprofiled run for acceptance timing.,"Do not record tokens, credentials, request or response bodies, SQL text, file paths, MAC addresses, IP addresses, organization identifiers, site identifiers, device identifiers, or user text. Use allowlisted labels, coarse buckets, and one-way run-local correlation identifiers.",1 algorithms/repeated work; 3 data structures; 4 allocations/copying; 7 measured Python loops; 8 object layout/GC
hook-0308,aggregate boundary only,src/refactors/mist_wan_target_ports.py,MistWanTargetPorts,cProfile correlation,"profile.call_count,profile.primitive_call_count,profile.total_time_ns,profile.cumulative_time_ns",Run an opt-in cProfile session around the parent workload. Correlate this exact symbol with the AST inventory.,"file,symbol,class,workload_name,workload_size,state,python_version",Do not emit a production event. Profile one bounded benchmark run for each workload cell.,Do not add a local timer. Use a separate unprofiled run for acceptance timing.,"Do not record tokens, credentials, request or response bodies, SQL text, file paths, MAC addresses, IP addresses, organization identifiers, site identifiers, device identifiers, or user text. Use allowlisted labels, coarse buckets, and one-way run-local correlation identifiers.",1 algorithms/repeated work; 3 data structures; 4 allocations/copying; 7 measured Python loops; 8 object layout/GC
hook-0309,aggregate boundary only,src/refactors/msp_privilege_detection.py,detect_msp_privileges,cProfile correlation,"profile.call_count,profile.primitive_call_count,profile.total_time_ns,profile.cumulative_time_ns",Run an opt-in cProfile session around the parent workload. Correlate this exact symbol with the AST inventory.,"file,symbol,class,workload_name,workload_size,state,python_version",Do not emit a production event. Profile one bounded benchmark run for each workload cell.,Do not add a local timer. Use a separate unprofiled run for acceptance timing.,"Do not record tokens, credentials, request or response bodies, SQL text, file paths, MAC addresses, IP addresses, organization identifiers, site identifiers, device identifiers, or user text. Use allowlisted labels, coarse buckets, and one-way run-local correlation identifiers.",1 algorithms/repeated work; 3 data structures; 4 allocations/copying; 7 measured Python loops; 8 object layout/GC
hook-0310,aggregate boundary only,src/refactors/package_import_map.py,PackageImportMapManager,cProfile correlation,"profile.call_count,profile.primitive_call_count,profile.total_time_ns,profile.cumulative_time_ns",Run an opt-in cProfile session around the parent workload. Correlate this exact symbol with the AST inventory.,"file,symbol,class,workload_name,workload_size,state,python_version",Do not emit a production event. Profile one bounded benchmark run for each workload cell.,Do not add a local timer. Use a separate unprofiled run for acceptance timing.,"Do not record tokens, credentials, request or response bodies, SQL text, file paths, MAC addresses, IP addresses, organization identifiers, site identifiers, device identifiers, or user text. Use allowlisted labels, coarse buckets, and one-way run-local correlation identifiers.",1 algorithms/repeated work; 3 data structures; 4 allocations/copying; 7 measured Python loops; 8 object layout/GC
hook-0311,aggregate boundary only,src/refactors/run_interactive_test.py,RunInteractiveTestManager,cProfile correlation,"profile.call_count,profile.primitive_call_count,profile.total_time_ns,profile.cumulative_time_ns",Run an opt-in cProfile session around the parent workload. Correlate this exact symbol with the AST inventory.,"file,symbol,class,workload_name,workload_size,state,python_version",Do not emit a production event. Profile one bounded benchmark run for each workload cell.,Do not add a local timer. Use a separate unprofiled run for acceptance timing.,"Do not record tokens, credentials, request or response bodies, SQL text, file paths, MAC addresses, IP addresses, organization identifiers, site identifiers, device identifiers, or user text. Use allowlisted labels, coarse buckets, and one-way run-local correlation identifiers.",1 algorithms/repeated work; 3 data structures; 4 allocations/copying; 7 measured Python loops; 8 object layout/GC
hook-0312,aggregate boundary only,src/refactors/run_systematic_test.py,RunSystematicTestManager,cProfile correlation,"profile.call_count,profile.primitive_call_count,profile.total_time_ns,profile.cumulative_time_ns",Run an opt-in cProfile session around the parent workload. Correlate this exact symbol with the AST inventory.,"file,symbol,class,workload_name,workload_size,state,python_version",Do not emit a production event. Profile one bounded benchmark run for each workload cell.,Do not add a local timer. Use a separate unprofiled run for acceptance timing.,"Do not record tokens, credentials, request or response bodies, SQL text, file paths, MAC addresses, IP addresses, organization identifiers, site identifiers, device identifiers, or user text. Use allowlisted labels, coarse buckets, and one-way run-local correlation identifiers.",1 algorithms/repeated work; 3 data structures; 4 allocations/copying; 7 measured Python loops; 8 object layout/GC
hook-0313,aggregate boundary only,src/refactors/serial_cc/global_assignments_builder.py,GlobalAssignmentsBuilderService,cProfile correlation,"profile.call_count,profile.primitive_call_count,profile.total_time_ns,profile.cumulative_time_ns",Run an opt-in cProfile session around the parent workload. Correlate this exact symbol with the AST inventory.,"file,symbol,class,workload_name,workload_size,state,python_version",Do not emit a production event. Profile one bounded benchmark run for each workload cell.,Do not add a local timer. Use a separate unprofiled run for acceptance timing.,"Do not record tokens, credentials, request or response bodies, SQL text, file paths, MAC addresses, IP addresses, organization identifiers, site identifiers, device identifiers, or user text. Use allowlisted labels, coarse buckets, and one-way run-local correlation identifiers.",1 algorithms/repeated work; 3 data structures; 4 allocations/copying; 5 serialization/validation; 7 measured Python loops
hook-0314,production hook,src/refactors/serial_cc/import_initialization_service.py,ImportInitializationService.execute,startup_import,"startup.wall_ns,startup.process_cpu_ns,startup.import_self_ns,startup.import_cumulative_ns,startup.modules_total,startup.first_use_wall_ns",Measure a fresh process to useful readiness. Collect import attribution with Python -X importtime in a separate run.,"file,symbol,entrypoint,phase,cold_or_warm,platform,python_version",Run only in a benchmark or bounded startup diagnostic. Collect at least three independent process starts.,Do not run importtime in normal service operation. Measure deferred first use separately.,"Do not record tokens, credentials, request or response bodies, SQL text, file paths, MAC addresses, IP addresses, organization identifiers, site identifiers, device identifiers, or user text. Use allowlisted labels, coarse buckets, and one-way run-local correlation identifiers.",4 allocations/copying; 5 serialization/validation; 9 startup/imports; 10 native acceleration
hook-0315,aggregate boundary only,src/refactors/serial_cc/security_events.py,SecurityEventsService,cProfile correlation,"profile.call_count,profile.primitive_call_count,profile.total_time_ns,profile.cumulative_time_ns",Run an opt-in cProfile session around the parent workload. Correlate this exact symbol with the AST inventory.,"file,symbol,class,workload_name,workload_size,state,python_version",Do not emit a production event. Profile one bounded benchmark run for each workload cell.,Do not add a local timer. Use a separate unprofiled run for acceptance timing.,"Do not record tokens, credentials, request or response bodies, SQL text, file paths, MAC addresses, IP addresses, organization identifiers, site identifiers, device identifiers, or user text. Use allowlisted labels, coarse buckets, and one-way run-local correlation identifiers.",1 algorithms/repeated work; 3 data structures; 4 allocations/copying; 5 serialization/validation; 7 measured Python loops
hook-0316,aggregate boundary only,src/refactors/serial_cc/site_client_insights.py,SiteClientInsightsService,cProfile correlation,"profile.call_count,profile.primitive_call_count,profile.total_time_ns,profile.cumulative_time_ns",Run an opt-in cProfile session around the parent workload. Correlate this exact symbol with the AST inventory.,"file,symbol,class,workload_name,workload_size,state,python_version",Do not emit a production event. Profile one bounded benchmark run for each workload cell.,Do not add a local timer. Use a separate unprofiled run for acceptance timing.,"Do not record tokens, credentials, request or response bodies, SQL text, file paths, MAC addresses, IP addresses, organization identifiers, site identifiers, device identifiers, or user text. Use allowlisted labels, coarse buckets, and one-way run-local correlation identifiers.",1 algorithms/repeated work; 3 data structures; 4 allocations/copying; 5 serialization/validation; 7 measured Python loops
hook-0317,aggregate boundary only,src/refactors/serial_cc/sle_metrics.py,SLEMetricsService,cProfile correlation,"profile.call_count,profile.primitive_call_count,profile.total_time_ns,profile.cumulative_time_ns",Run an opt-in cProfile session around the parent workload. Correlate this exact symbol with the AST inventory.,"file,symbol,class,workload_name,workload_size,state,python_version",Do not emit a production event. Profile one bounded benchmark run for each workload cell.,Do not add a local timer. Use a separate unprofiled run for acceptance timing.,"Do not record tokens, credentials, request or response bodies, SQL text, file paths, MAC addresses, IP addresses, organization identifiers, site identifiers, device identifiers, or user text. Use allowlisted labels, coarse buckets, and one-way run-local correlation identifiers.",1 algorithms/repeated work; 3 data structures; 4 allocations/copying; 5 serialization/validation; 7 measured Python loops
hook-0318,aggregate boundary only,src/refactors/serial_cc/start_site_client_capture_wireless.py,SiteWirelessClientCaptureService,cProfile correlation,"profile.call_count,profile.primitive_call_count,profile.total_time_ns,profile.cumulative_time_ns",Run an opt-in cProfile session around the parent workload. Correlate this exact symbol with the AST inventory.,"file,symbol,class,workload_name,workload_size,state,python_version",Do not emit a production event. Profile one bounded benchmark run for each workload cell.,Do not add a local timer. Use a separate unprofiled run for acceptance timing.,"Do not record tokens, credentials, request or response bodies, SQL text, file paths, MAC addresses, IP addresses, organization identifiers, site identifiers, device identifiers, or user text. Use allowlisted labels, coarse buckets, and one-way run-local correlation identifiers.",1 algorithms/repeated work; 3 data structures; 4 allocations/copying; 5 serialization/validation; 7 measured Python loops
hook-0319,aggregate boundary only,src/refactors/serial_cc/start_site_scan_capture.py,SiteScanCaptureService,cProfile correlation,"profile.call_count,profile.primitive_call_count,profile.total_time_ns,profile.cumulative_time_ns",Run an opt-in cProfile session around the parent workload. Correlate this exact symbol with the AST inventory.,"file,symbol,class,workload_name,workload_size,state,python_version",Do not emit a production event. Profile one bounded benchmark run for each workload cell.,Do not add a local timer. Use a separate unprofiled run for acceptance timing.,"Do not record tokens, credentials, request or response bodies, SQL text, file paths, MAC addresses, IP addresses, organization identifiers, site identifiers, device identifiers, or user text. Use allowlisted labels, coarse buckets, and one-way run-local correlation identifiers.",1 algorithms/repeated work; 3 data structures; 4 allocations/copying; 5 serialization/validation; 7 measured Python loops
hook-0320,aggregate boundary only,src/refactors/serial_cc/switch_vc_stats.py,SwitchVcStatsService,cProfile correlation,"profile.call_count,profile.primitive_call_count,profile.total_time_ns,profile.cumulative_time_ns",Run an opt-in cProfile session around the parent workload. Correlate this exact symbol with the AST inventory.,"file,symbol,class,workload_name,workload_size,state,python_version",Do not emit a production event. Profile one bounded benchmark run for each workload cell.,Do not add a local timer. Use a separate unprofiled run for acceptance timing.,"Do not record tokens, credentials, request or response bodies, SQL text, file paths, MAC addresses, IP addresses, organization identifiers, site identifiers, device identifiers, or user text. Use allowlisted labels, coarse buckets, and one-way run-local correlation identifiers.",1 algorithms/repeated work; 3 data structures; 4 allocations/copying; 5 serialization/validation; 7 measured Python loops
hook-0321,aggregate boundary only,src/refactors/serial_cc/test_results_by_site.py,GatewayTestResultsService,cProfile correlation,"profile.call_count,profile.primitive_call_count,profile.total_time_ns,profile.cumulative_time_ns",Run an opt-in cProfile session around the parent workload. Correlate this exact symbol with the AST inventory.,"file,symbol,class,workload_name,workload_size,state,python_version",Do not emit a production event. Profile one bounded benchmark run for each workload cell.,Do not add a local timer. Use a separate unprofiled run for acceptance timing.,"Do not record tokens, credentials, request or response bodies, SQL text, file paths, MAC addresses, IP addresses, organization identifiers, site identifiers, device identifiers, or user text. Use allowlisted labels, coarse buckets, and one-way run-local correlation identifiers.",1 algorithms/repeated work; 3 data structures; 4 allocations/copying; 5 serialization/validation; 7 measured Python loops
hook-0322,aggregate boundary only,src/refactors/service_ping_launcher.py,ServicePingLauncher,cProfile correlation,"profile.call_count,profile.primitive_call_count,profile.total_time_ns,profile.cumulative_time_ns",Run an opt-in cProfile session around the parent workload. Correlate this exact symbol with the AST inventory.,"file,symbol,class,workload_name,workload_size,state,python_version",Do not emit a production event. Profile one bounded benchmark run for each workload cell.,Do not add a local timer. Use a separate unprofiled run for acceptance timing.,"Do not record tokens, credentials, request or response bodies, SQL text, file paths, MAC addresses, IP addresses, organization identifiers, site identifiers, device identifiers, or user text. Use allowlisted labels, coarse buckets, and one-way run-local correlation identifiers.",1 algorithms/repeated work; 3 data structures; 4 allocations/copying; 7 measured Python loops; 8 object layout/GC
hook-0323,production hook,src/refactors/sqlite_database_writer.py,SQLiteDatabaseWriter.write,database,"db.wall_ns,db.process_cpu_ns,db.operations_total,db.rows_total,db.statement_bytes,db.errors_total,db.retries_total",Measure the logical database operation. Use backend or SQLAlchemy events for each physical query and transaction.,"file,symbol,backend,operation,statement_kind,status,row_bucket,workload_size,state","Count every query. Sample duration at most 1 in 20 successful queries. Keep all slow, retried, and failed queries. Never label statement text.",Use event hooks and cursor row counts. Do not format SQL or copy result rows for telemetry.,"Do not record tokens, credentials, request or response bodies, SQL text, file paths, MAC addresses, IP addresses, organization identifiers, site identifiers, device identifiers, or user text. Use allowlisted labels, coarse buckets, and one-way run-local correlation identifiers.",1 algorithms/repeated work; 2 I/O/sequential batching; 3 data structures; 6 bounded caching
hook-0324,aggregate boundary only,src/refactors/switch_to_interactive_login.py,SwitchToInteractiveLoginManager,cProfile correlation,"profile.call_count,profile.primitive_call_count,profile.total_time_ns,profile.cumulative_time_ns",Run an opt-in cProfile session around the parent workload. Correlate this exact symbol with the AST inventory.,"file,symbol,class,workload_name,workload_size,state,python_version",Do not emit a production event. Profile one bounded benchmark run for each workload cell.,Do not add a local timer. Use a separate unprofiled run for acceptance timing.,"Do not record tokens, credentials, request or response bodies, SQL text, file paths, MAC addresses, IP addresses, organization identifiers, site identifiers, device identifiers, or user text. Use allowlisted labels, coarse buckets, and one-way run-local correlation identifiers.",1 algorithms/repeated work; 3 data structures; 4 allocations/copying; 7 measured Python loops; 8 object layout/GC
hook-0325,aggregate boundary only,src/refactors/tui_launcher.py,TUILauncher,cProfile correlation,"profile.call_count,profile.primitive_call_count,profile.total_time_ns,profile.cumulative_time_ns",Run an opt-in cProfile session around the parent workload. Correlate this exact symbol with the AST inventory.,"file,symbol,class,workload_name,workload_size,state,python_version",Do not emit a production event. Profile one bounded benchmark run for each workload cell.,Do not add a local timer. Use a separate unprofiled run for acceptance timing.,"Do not record tokens, credentials, request or response bodies, SQL text, file paths, MAC addresses, IP addresses, organization identifiers, site identifiers, device identifiers, or user text. Use allowlisted labels, coarse buckets, and one-way run-local correlation identifiers.",1 algorithms/repeated work; 3 data structures; 4 allocations/copying; 7 measured Python loops; 8 object layout/GC
hook-0326,aggregate boundary only,src/refactors/wan2_migration_launcher.py,WAN2MigrationLauncher,cProfile correlation,"profile.call_count,profile.primitive_call_count,profile.total_time_ns,profile.cumulative_time_ns",Run an opt-in cProfile session around the parent workload. Correlate this exact symbol with the AST inventory.,"file,symbol,class,workload_name,workload_size,state,python_version",Do not emit a production event. Profile one bounded benchmark run for each workload cell.,Do not add a local timer. Use a separate unprofiled run for acceptance timing.,"Do not record tokens, credentials, request or response bodies, SQL text, file paths, MAC addresses, IP addresses, organization identifiers, site identifiers, device identifiers, or user text. Use allowlisted labels, coarse buckets, and one-way run-local correlation identifiers.",1 algorithms/repeated work; 3 data structures; 4 allocations/copying; 7 measured Python loops; 8 object layout/GC
hook-0327,aggregate boundary only,src/refactors/wan_probe_device_override_manager.py,WANProbeDeviceOverrideManager,cProfile correlation,"profile.call_count,profile.primitive_call_count,profile.total_time_ns,profile.cumulative_time_ns",Run an opt-in cProfile session around the parent workload. Correlate this exact symbol with the AST inventory.,"file,symbol,class,workload_name,workload_size,state,python_version",Do not emit a production event. Profile one bounded benchmark run for each workload cell.,Do not add a local timer. Use a separate unprofiled run for acceptance timing.,"Do not record tokens, credentials, request or response bodies, SQL text, file paths, MAC addresses, IP addresses, organization identifiers, site identifiers, device identifiers, or user text. Use allowlisted labels, coarse buckets, and one-way run-local correlation identifiers.",1 algorithms/repeated work; 3 data structures; 4 allocations/copying; 7 measured Python loops; 8 object layout/GC
hook-0328,aggregate boundary only,src/refactors/wanprobe_config_manager.py,WANProbeConfigManager,cProfile correlation,"profile.call_count,profile.primitive_call_count,profile.total_time_ns,profile.cumulative_time_ns",Run an opt-in cProfile session around the parent workload. Correlate this exact symbol with the AST inventory.,"file,symbol,class,workload_name,workload_size,state,python_version",Do not emit a production event. Profile one bounded benchmark run for each workload cell.,Do not add a local timer. Use a separate unprofiled run for acceptance timing.,"Do not record tokens, credentials, request or response bodies, SQL text, file paths, MAC addresses, IP addresses, organization identifiers, site identifiers, device identifiers, or user text. Use allowlisted labels, coarse buckets, and one-way run-local correlation identifiers.",1 algorithms/repeated work; 3 data structures; 4 allocations/copying; 6 bounded caching; 8 object layout/GC
hook-0329,aggregate boundary only,src/refactors/wlanradius_timer_manager.py,WLANRadiusTimerManager,cProfile correlation,"profile.call_count,profile.primitive_call_count,profile.total_time_ns,profile.cumulative_time_ns",Run an opt-in cProfile session around the parent workload. Correlate this exact symbol with the AST inventory.,"file,symbol,class,workload_name,workload_size,state,python_version",Do not emit a production event. Profile one bounded benchmark run for each workload cell.,Do not add a local timer. Use a separate unprofiled run for acceptance timing.,"Do not record tokens, credentials, request or response bodies, SQL text, file paths, MAC addresses, IP addresses, organization identifiers, site identifiers, device identifiers, or user text. Use allowlisted labels, coarse buckets, and one-way run-local correlation identifiers.",1 algorithms/repeated work; 3 data structures; 4 allocations/copying; 7 measured Python loops; 8 object layout/GC
hook-0330,aggregate boundary only,src/reports/e911_bssid.py,SiteBatchContext,cProfile correlation,"profile.call_count,profile.primitive_call_count,profile.total_time_ns,profile.cumulative_time_ns",Run an opt-in cProfile session around the parent workload. Correlate this exact symbol with the AST inventory.,"file,symbol,class,workload_name,workload_size,state,python_version",Do not emit a production event. Profile one bounded benchmark run for each workload cell.,Do not add a local timer. Use a separate unprofiled run for acceptance timing.,"Do not record tokens, credentials, request or response bodies, SQL text, file paths, MAC addresses, IP addresses, organization identifiers, site identifiers, device identifiers, or user text. Use allowlisted labels, coarse buckets, and one-way run-local correlation identifiers.",1 algorithms/repeated work; 3 data structures; 4 allocations/copying; 7 measured Python loops; 8 object layout/GC
hook-0331,aggregate boundary only,src/reports/global_wired_client_report_generator.py,GlobalWiredClientReportGenerator,cProfile correlation,"profile.call_count,profile.primitive_call_count,profile.total_time_ns,profile.cumulative_time_ns",Run an opt-in cProfile session around the parent workload. Correlate this exact symbol with the AST inventory.,"file,symbol,class,workload_name,workload_size,state,python_version",Do not emit a production event. Profile one bounded benchmark run for each workload cell.,Do not add a local timer. Use a separate unprofiled run for acceptance timing.,"Do not record tokens, credentials, request or response bodies, SQL text, file paths, MAC addresses, IP addresses, organization identifiers, site identifiers, device identifiers, or user text. Use allowlisted labels, coarse buckets, and one-way run-local correlation identifiers.",1 algorithms/repeated work; 3 data structures; 4 allocations/copying; 7 measured Python loops; 8 object layout/GC
hook-0332,aggregate boundary only,src/reports/offline_device_reporter.py,OfflineDeviceReporter,cProfile correlation,"profile.call_count,profile.primitive_call_count,profile.total_time_ns,profile.cumulative_time_ns",Run an opt-in cProfile session around the parent workload. Correlate this exact symbol with the AST inventory.,"file,symbol,class,workload_name,workload_size,state,python_version",Do not emit a production event. Profile one bounded benchmark run for each workload cell.,Do not add a local timer. Use a separate unprofiled run for acceptance timing.,"Do not record tokens, credentials, request or response bodies, SQL text, file paths, MAC addresses, IP addresses, organization identifiers, site identifiers, device identifiers, or user text. Use allowlisted labels, coarse buckets, and one-way run-local correlation identifiers.",1 algorithms/repeated work; 3 data structures; 4 allocations/copying; 7 measured Python loops; 8 object layout/GC
hook-0333,aggregate boundary only,src/reports/sfp_transceiver_data_processor.py,SFPTransceiverDataProcessor,cProfile correlation,"profile.call_count,profile.primitive_call_count,profile.total_time_ns,profile.cumulative_time_ns",Run an opt-in cProfile session around the parent workload. Correlate this exact symbol with the AST inventory.,"file,symbol,class,workload_name,workload_size,state,python_version",Do not emit a production event. Profile one bounded benchmark run for each workload cell.,Do not add a local timer. Use a separate unprofiled run for acceptance timing.,"Do not record tokens, credentials, request or response bodies, SQL text, file paths, MAC addresses, IP addresses, organization identifiers, site identifiers, device identifiers, or user text. Use allowlisted labels, coarse buckets, and one-way run-local correlation identifiers.",1 algorithms/repeated work; 3 data structures; 4 allocations/copying; 7 measured Python loops; 8 object layout/GC
hook-0334,aggregate boundary only,src/reports/ssid_broadcast_gap_report.py,SSIDBroadcastGapReport,cProfile correlation,"profile.call_count,profile.primitive_call_count,profile.total_time_ns,profile.cumulative_time_ns",Run an opt-in cProfile session around the parent workload. Correlate this exact symbol with the AST inventory.,"file,symbol,class,workload_name,workload_size,state,python_version",Do not emit a production event. Profile one bounded benchmark run for each workload cell.,Do not add a local timer. Use a separate unprofiled run for acceptance timing.,"Do not record tokens, credentials, request or response bodies, SQL text, file paths, MAC addresses, IP addresses, organization identifiers, site identifiers, device identifiers, or user text. Use allowlisted labels, coarse buckets, and one-way run-local correlation identifiers.",1 algorithms/repeated work; 3 data structures; 4 allocations/copying; 7 measured Python loops; 8 object layout/GC
hook-0335,aggregate boundary only,src/reports/wired_client_manufacturer_report_generator.py,WiredClientManufacturerReportGenerator,cProfile correlation,"profile.call_count,profile.primitive_call_count,profile.total_time_ns,profile.cumulative_time_ns",Run an opt-in cProfile session around the parent workload. Correlate this exact symbol with the AST inventory.,"file,symbol,class,workload_name,workload_size,state,python_version",Do not emit a production event. Profile one bounded benchmark run for each workload cell.,Do not add a local timer. Use a separate unprofiled run for acceptance timing.,"Do not record tokens, credentials, request or response bodies, SQL text, file paths, MAC addresses, IP addresses, organization identifiers, site identifiers, device identifiers, or user text. Use allowlisted labels, coarse buckets, and one-way run-local correlation identifiers.",1 algorithms/repeated work; 3 data structures; 4 allocations/copying; 7 measured Python loops; 8 object layout/GC
hook-0336,aggregate boundary only,src/security/credential_redaction.py,CredentialRedactor,cProfile correlation,"profile.call_count,profile.primitive_call_count,profile.total_time_ns,profile.cumulative_time_ns",Run an opt-in cProfile session around the parent workload. Correlate this exact symbol with the AST inventory.,"file,symbol,class,workload_name,workload_size,state,python_version",Do not emit a production event. Profile one bounded benchmark run for each workload cell.,Do not add a local timer. Use a separate unprofiled run for acceptance timing.,"Do not record tokens, credentials, request or response bodies, SQL text, file paths, MAC addresses, IP addresses, organization identifiers, site identifiers, device identifiers, or user text. Use allowlisted labels, coarse buckets, and one-way run-local correlation identifiers.",1 algorithms/repeated work; 3 data structures; 4 allocations/copying; 7 measured Python loops; 8 object layout/GC
hook-0337,aggregate boundary only,src/site/address_audit/address_corrector.py,AddressCorrector,cProfile correlation,"profile.call_count,profile.primitive_call_count,profile.total_time_ns,profile.cumulative_time_ns",Run an opt-in cProfile session around the parent workload. Correlate this exact symbol with the AST inventory.,"file,symbol,class,workload_name,workload_size,state,python_version",Do not emit a production event. Profile one bounded benchmark run for each workload cell.,Do not add a local timer. Use a separate unprofiled run for acceptance timing.,"Do not record tokens, credentials, request or response bodies, SQL text, file paths, MAC addresses, IP addresses, organization identifiers, site identifiers, device identifiers, or user text. Use allowlisted labels, coarse buckets, and one-way run-local correlation identifiers.",1 algorithms/repeated work; 3 data structures; 4 allocations/copying; 7 measured Python loops; 8 object layout/GC
hook-0338,aggregate boundary only,src/site/address_audit/address_resolver.py,AddressResolver,cProfile correlation,"profile.call_count,profile.primitive_call_count,profile.total_time_ns,profile.cumulative_time_ns",Run an opt-in cProfile session around the parent workload. Correlate this exact symbol with the AST inventory.,"file,symbol,class,workload_name,workload_size,state,python_version",Do not emit a production event. Profile one bounded benchmark run for each workload cell.,Do not add a local timer. Use a separate unprofiled run for acceptance timing.,"Do not record tokens, credentials, request or response bodies, SQL text, file paths, MAC addresses, IP addresses, organization identifiers, site identifiers, device identifiers, or user text. Use allowlisted labels, coarse buckets, and one-way run-local correlation identifiers.",1 algorithms/repeated work; 3 data structures; 4 allocations/copying; 7 measured Python loops; 8 object layout/GC
hook-0339,aggregate boundary only,src/site/address_audit/audit_engine.py,AddressAuditEngine,cProfile correlation,"profile.call_count,profile.primitive_call_count,profile.total_time_ns,profile.cumulative_time_ns",Run an opt-in cProfile session around the parent workload. Correlate this exact symbol with the AST inventory.,"file,symbol,class,workload_name,workload_size,state,python_version",Do not emit a production event. Profile one bounded benchmark run for each workload cell.,Do not add a local timer. Use a separate unprofiled run for acceptance timing.,"Do not record tokens, credentials, request or response bodies, SQL text, file paths, MAC addresses, IP addresses, organization identifiers, site identifiers, device identifiers, or user text. Use allowlisted labels, coarse buckets, and one-way run-local correlation identifiers.",1 algorithms/repeated work; 3 data structures; 4 allocations/copying; 7 measured Python loops; 8 object layout/GC
hook-0340,aggregate boundary only,src/site/address_audit/audit_reporter.py,AddressAuditReporter,cProfile correlation,"profile.call_count,profile.primitive_call_count,profile.total_time_ns,profile.cumulative_time_ns",Run an opt-in cProfile session around the parent workload. Correlate this exact symbol with the AST inventory.,"file,symbol,class,workload_name,workload_size,state,python_version",Do not emit a production event. Profile one bounded benchmark run for each workload cell.,Do not add a local timer. Use a separate unprofiled run for acceptance timing.,"Do not record tokens, credentials, request or response bodies, SQL text, file paths, MAC addresses, IP addresses, organization identifiers, site identifiers, device identifiers, or user text. Use allowlisted labels, coarse buckets, and one-way run-local correlation identifiers.",1 algorithms/repeated work; 3 data structures; 4 allocations/copying; 7 measured Python loops; 8 object layout/GC
hook-0341,aggregate boundary only,src/site/address_audit/business_authority_ingester.py,BusinessAuthorityRow,cProfile correlation,"profile.call_count,profile.primitive_call_count,profile.total_time_ns,profile.cumulative_time_ns",Run an opt-in cProfile session around the parent workload. Correlate this exact symbol with the AST inventory.,"file,symbol,class,workload_name,workload_size,state,python_version",Do not emit a production event. Profile one bounded benchmark run for each workload cell.,Do not add a local timer. Use a separate unprofiled run for acceptance timing.,"Do not record tokens, credentials, request or response bodies, SQL text, file paths, MAC addresses, IP addresses, organization identifiers, site identifiers, device identifiers, or user text. Use allowlisted labels, coarse buckets, and one-way run-local correlation identifiers.",1 algorithms/repeated work; 3 data structures; 4 allocations/copying; 7 measured Python loops; 8 object layout/GC
hook-0342,aggregate boundary only,src/site/address_audit/comparison_display.py,ComparisonTableRenderer,cProfile correlation,"profile.call_count,profile.primitive_call_count,profile.total_time_ns,profile.cumulative_time_ns",Run an opt-in cProfile session around the parent workload. Correlate this exact symbol with the AST inventory.,"file,symbol,class,workload_name,workload_size,state,python_version",Do not emit a production event. Profile one bounded benchmark run for each workload cell.,Do not add a local timer. Use a separate unprofiled run for acceptance timing.,"Do not record tokens, credentials, request or response bodies, SQL text, file paths, MAC addresses, IP addresses, organization identifiers, site identifiers, device identifiers, or user text. Use allowlisted labels, coarse buckets, and one-way run-local correlation identifiers.",1 algorithms/repeated work; 3 data structures; 4 allocations/copying; 7 measured Python loops; 8 object layout/GC
hook-0343,aggregate boundary only,src/site/address_audit/csv_ingester.py,CSVAddressIngester,cProfile correlation,"profile.call_count,profile.primitive_call_count,profile.total_time_ns,profile.cumulative_time_ns",Run an opt-in cProfile session around the parent workload. Correlate this exact symbol with the AST inventory.,"file,symbol,class,workload_name,workload_size,state,python_version",Do not emit a production event. Profile one bounded benchmark run for each workload cell.,Do not add a local timer. Use a separate unprofiled run for acceptance timing.,"Do not record tokens, credentials, request or response bodies, SQL text, file paths, MAC addresses, IP addresses, organization identifiers, site identifiers, device identifiers, or user text. Use allowlisted labels, coarse buckets, and one-way run-local correlation identifiers.",1 algorithms/repeated work; 3 data structures; 4 allocations/copying; 7 measured Python loops; 8 object layout/GC
hook-0344,aggregate boundary only,src/site/address_audit/models.py,AddressRow,cProfile correlation,"profile.call_count,profile.primitive_call_count,profile.total_time_ns,profile.cumulative_time_ns",Run an opt-in cProfile session around the parent workload. Correlate this exact symbol with the AST inventory.,"file,symbol,class,workload_name,workload_size,state,python_version",Do not emit a production event. Profile one bounded benchmark run for each workload cell.,Do not add a local timer. Use a separate unprofiled run for acceptance timing.,"Do not record tokens, credentials, request or response bodies, SQL text, file paths, MAC addresses, IP addresses, organization identifiers, site identifiers, device identifiers, or user text. Use allowlisted labels, coarse buckets, and one-way run-local correlation identifiers.",1 algorithms/repeated work; 3 data structures; 4 allocations/copying; 5 serialization/validation; 7 measured Python loops
hook-0345,production hook,src/site/address_audit/perf.py,PhaseTimer.phase,bounded_diagnostic,"diagnostic.wall_ns,diagnostic.process_cpu_ns,diagnostic.traced_current_bytes,diagnostic.traced_peak_bytes,diagnostic.rss_bytes,diagnostic.gc_collections_total","Measure one named diagnostic phase. Run tracemalloc, RSS sampling, and GC callbacks in separate bounded sessions.","file,symbol,phase,workload_size,state,python_version",Diagnostic mode only. Limit duration and event count. Remove the GC callback in a finally block.,Use perf_counter_ns and process_time_ns. Never treat tracemalloc bytes as RSS. Do not enable tracing permanently.,"Do not record tokens, credentials, request or response bodies, SQL text, file paths, MAC addresses, IP addresses, organization identifiers, site identifiers, device identifiers, or user text. Use allowlisted labels, coarse buckets, and one-way run-local correlation identifiers.",4 allocations/copying; 7 measured Python loops; 8 object layout/GC; 10 native acceleration
hook-0346,aggregate boundary only,src/site/address_audit/site_matcher.py,SiteMatchingEngine,cProfile correlation,"profile.call_count,profile.primitive_call_count,profile.total_time_ns,profile.cumulative_time_ns",Run an opt-in cProfile session around the parent workload. Correlate this exact symbol with the AST inventory.,"file,symbol,class,workload_name,workload_size,state,python_version",Do not emit a production event. Profile one bounded benchmark run for each workload cell.,Do not add a local timer. Use a separate unprofiled run for acceptance timing.,"Do not record tokens, credentials, request or response bodies, SQL text, file paths, MAC addresses, IP addresses, organization identifiers, site identifiers, device identifiers, or user text. Use allowlisted labels, coarse buckets, and one-way run-local correlation identifiers.",1 algorithms/repeated work; 3 data structures; 4 allocations/copying; 7 measured Python loops; 8 object layout/GC
hook-0347,aggregate boundary only,src/site/address_audit/snmp_enricher.py,SNMPLocationEnricher,cProfile correlation,"profile.call_count,profile.primitive_call_count,profile.total_time_ns,profile.cumulative_time_ns",Run an opt-in cProfile session around the parent workload. Correlate this exact symbol with the AST inventory.,"file,symbol,class,workload_name,workload_size,state,python_version",Do not emit a production event. Profile one bounded benchmark run for each workload cell.,Do not add a local timer. Use a separate unprofiled run for acceptance timing.,"Do not record tokens, credentials, request or response bodies, SQL text, file paths, MAC addresses, IP addresses, organization identifiers, site identifiers, device identifiers, or user text. Use allowlisted labels, coarse buckets, and one-way run-local correlation identifiers.",1 algorithms/repeated work; 3 data structures; 4 allocations/copying; 7 measured Python loops; 8 object layout/GC
hook-0348,aggregate boundary only,src/site/address_audit/ui_geocoder.py,SpawnedBrowser,cProfile correlation,"profile.call_count,profile.primitive_call_count,profile.total_time_ns,profile.cumulative_time_ns",Run an opt-in cProfile session around the parent workload. Correlate this exact symbol with the AST inventory.,"file,symbol,class,workload_name,workload_size,state,python_version",Do not emit a production event. Profile one bounded benchmark run for each workload cell.,Do not add a local timer. Use a separate unprofiled run for acceptance timing.,"Do not record tokens, credentials, request or response bodies, SQL text, file paths, MAC addresses, IP addresses, organization identifiers, site identifiers, device identifiers, or user text. Use allowlisted labels, coarse buckets, and one-way run-local correlation identifiers.",1 algorithms/repeated work; 3 data structures; 4 allocations/copying; 7 measured Python loops; 8 object layout/GC
hook-0349,aggregate boundary only,src/site/bulk_radius_wlan_config_manager.py,BulkRadiusWLANConfigManager,cProfile correlation,"profile.call_count,profile.primitive_call_count,profile.total_time_ns,profile.cumulative_time_ns",Run an opt-in cProfile session around the parent workload. Correlate this exact symbol with the AST inventory.,"file,symbol,class,workload_name,workload_size,state,python_version",Do not emit a production event. Profile one bounded benchmark run for each workload cell.,Do not add a local timer. Use a separate unprofiled run for acceptance timing.,"Do not record tokens, credentials, request or response bodies, SQL text, file paths, MAC addresses, IP addresses, organization identifiers, site identifiers, device identifiers, or user text. Use allowlisted labels, coarse buckets, and one-way run-local correlation identifiers.",1 algorithms/repeated work; 3 data structures; 4 allocations/copying; 6 bounded caching; 8 object layout/GC
hook-0350,aggregate boundary only,src/site/site_config_manager.py,SiteConfigDependencies,cProfile correlation,"profile.call_count,profile.primitive_call_count,profile.total_time_ns,profile.cumulative_time_ns",Run an opt-in cProfile session around the parent workload. Correlate this exact symbol with the AST inventory.,"file,symbol,class,workload_name,workload_size,state,python_version",Do not emit a production event. Profile one bounded benchmark run for each workload cell.,Do not add a local timer. Use a separate unprofiled run for acceptance timing.,"Do not record tokens, credentials, request or response bodies, SQL text, file paths, MAC addresses, IP addresses, organization identifiers, site identifiers, device identifiers, or user text. Use allowlisted labels, coarse buckets, and one-way run-local correlation identifiers.",1 algorithms/repeated work; 3 data structures; 4 allocations/copying; 6 bounded caching; 8 object layout/GC
hook-0351,production hook,src/ssh/batch/batch_executor.py,BatchExecutor.run,operation_span,"perf.wall_ns,perf.process_cpu_ns,perf.calls_total,perf.errors_total,work.items_total",Measure the complete named operation from entry through cleanup. Correlate nested costs with cProfile.,"file,symbol,operation,status,workload_size,state",Off by default. Enable for a named operation. Sample at most 1 in 100 successful calls. Keep all failures.,Use perf_counter_ns and process_time_ns only. Buffer events. Do not time each internal function.,"Do not record tokens, credentials, request or response bodies, SQL text, file paths, MAC addresses, IP addresses, organization identifiers, site identifiers, device identifiers, or user text. Use allowlisted labels, coarse buckets, and one-way run-local correlation identifiers.",1 algorithms/repeated work; 2 I/O/sequential batching; 7 measured Python loops
hook-0352,aggregate boundary only,src/ssh/batch/host_runner.py,HostRunRequest,cProfile correlation,"profile.call_count,profile.primitive_call_count,profile.total_time_ns,profile.cumulative_time_ns",Run an opt-in cProfile session around the parent workload. Correlate this exact symbol with the AST inventory.,"file,symbol,class,workload_name,workload_size,state,python_version",Do not emit a production event. Profile one bounded benchmark run for each workload cell.,Do not add a local timer. Use a separate unprofiled run for acceptance timing.,"Do not record tokens, credentials, request or response bodies, SQL text, file paths, MAC addresses, IP addresses, organization identifiers, site identifiers, device identifiers, or user text. Use allowlisted labels, coarse buckets, and one-way run-local correlation identifiers.",1 algorithms/repeated work; 2 I/O/sequential batching; 5 serialization/validation; 7 measured Python loops
hook-0353,aggregate boundary only,src/ssh/batch/interactive_batch_executor.py,InteractiveSessionRequest,cProfile correlation,"profile.call_count,profile.primitive_call_count,profile.total_time_ns,profile.cumulative_time_ns",Run an opt-in cProfile session around the parent workload. Correlate this exact symbol with the AST inventory.,"file,symbol,class,workload_name,workload_size,state,python_version",Do not emit a production event. Profile one bounded benchmark run for each workload cell.,Do not add a local timer. Use a separate unprofiled run for acceptance timing.,"Do not record tokens, credentials, request or response bodies, SQL text, file paths, MAC addresses, IP addresses, organization identifiers, site identifiers, device identifiers, or user text. Use allowlisted labels, coarse buckets, and one-way run-local correlation identifiers.",1 algorithms/repeated work; 2 I/O/sequential batching; 5 serialization/validation; 7 measured Python loops
hook-0354,aggregate boundary only,src/ssh/batch/multi_host_runner.py,MultiHostRunRequest,cProfile correlation,"profile.call_count,profile.primitive_call_count,profile.total_time_ns,profile.cumulative_time_ns",Run an opt-in cProfile session around the parent workload. Correlate this exact symbol with the AST inventory.,"file,symbol,class,workload_name,workload_size,state,python_version",Do not emit a production event. Profile one bounded benchmark run for each workload cell.,Do not add a local timer. Use a separate unprofiled run for acceptance timing.,"Do not record tokens, credentials, request or response bodies, SQL text, file paths, MAC addresses, IP addresses, organization identifiers, site identifiers, device identifiers, or user text. Use allowlisted labels, coarse buckets, and one-way run-local correlation identifiers.",1 algorithms/repeated work; 2 I/O/sequential batching; 5 serialization/validation; 7 measured Python loops
hook-0355,aggregate boundary only,src/ssh/cli_shell_manager.py,CLIShellManager,cProfile correlation,"profile.call_count,profile.primitive_call_count,profile.total_time_ns,profile.cumulative_time_ns",Run an opt-in cProfile session around the parent workload. Correlate this exact symbol with the AST inventory.,"file,symbol,class,workload_name,workload_size,state,python_version",Do not emit a production event. Profile one bounded benchmark run for each workload cell.,Do not add a local timer. Use a separate unprofiled run for acceptance timing.,"Do not record tokens, credentials, request or response bodies, SQL text, file paths, MAC addresses, IP addresses, organization identifiers, site identifiers, device identifiers, or user text. Use allowlisted labels, coarse buckets, and one-way run-local correlation identifiers.",1 algorithms/repeated work; 2 I/O/sequential batching; 5 serialization/validation; 7 measured Python loops
hook-0356,production hook,src/ssh/command/command_runner.py,SingleCommandRunner.run,operation_span,"perf.wall_ns,perf.process_cpu_ns,perf.calls_total,perf.errors_total,work.items_total",Measure the complete named operation from entry through cleanup. Correlate nested costs with cProfile.,"file,symbol,operation,status,workload_size,state",Off by default. Enable for a named operation. Sample at most 1 in 100 successful calls. Keep all failures.,Use perf_counter_ns and process_time_ns only. Buffer events. Do not time each internal function.,"Do not record tokens, credentials, request or response bodies, SQL text, file paths, MAC addresses, IP addresses, organization identifiers, site identifiers, device identifiers, or user text. Use allowlisted labels, coarse buckets, and one-way run-local correlation identifiers.",1 algorithms/repeated work; 2 I/O/sequential batching; 7 measured Python loops
hook-0357,aggregate boundary only,src/ssh/config/command_parser.py,CommandListParser,cProfile correlation,"profile.call_count,profile.primitive_call_count,profile.total_time_ns,profile.cumulative_time_ns",Run an opt-in cProfile session around the parent workload. Correlate this exact symbol with the AST inventory.,"file,symbol,class,workload_name,workload_size,state,python_version",Do not emit a production event. Profile one bounded benchmark run for each workload cell.,Do not add a local timer. Use a separate unprofiled run for acceptance timing.,"Do not record tokens, credentials, request or response bodies, SQL text, file paths, MAC addresses, IP addresses, organization identifiers, site identifiers, device identifiers, or user text. Use allowlisted labels, coarse buckets, and one-way run-local correlation identifiers.",1 algorithms/repeated work; 2 I/O/sequential batching; 5 serialization/validation; 7 measured Python loops
hook-0358,aggregate boundary only,src/ssh/config/csv_loader.py,CommandCsvLoader,cProfile correlation,"profile.call_count,profile.primitive_call_count,profile.total_time_ns,profile.cumulative_time_ns",Run an opt-in cProfile session around the parent workload. Correlate this exact symbol with the AST inventory.,"file,symbol,class,workload_name,workload_size,state,python_version",Do not emit a production event. Profile one bounded benchmark run for each workload cell.,Do not add a local timer. Use a separate unprofiled run for acceptance timing.,"Do not record tokens, credentials, request or response bodies, SQL text, file paths, MAC addresses, IP addresses, organization identifiers, site identifiers, device identifiers, or user text. Use allowlisted labels, coarse buckets, and one-way run-local correlation identifiers.",1 algorithms/repeated work; 2 I/O/sequential batching; 5 serialization/validation; 7 measured Python loops
hook-0359,aggregate boundary only,src/ssh/config/env_loader.py,load_dotenv,cProfile correlation,"profile.call_count,profile.primitive_call_count,profile.total_time_ns,profile.cumulative_time_ns",Run an opt-in cProfile session around the parent workload. Correlate this exact symbol with the AST inventory.,"file,symbol,class,workload_name,workload_size,state,python_version",Do not emit a production event. Profile one bounded benchmark run for each workload cell.,Do not add a local timer. Use a separate unprofiled run for acceptance timing.,"Do not record tokens, credentials, request or response bodies, SQL text, file paths, MAC addresses, IP addresses, organization identifiers, site identifiers, device identifiers, or user text. Use allowlisted labels, coarse buckets, and one-way run-local correlation identifiers.",1 algorithms/repeated work; 2 I/O/sequential batching; 5 serialization/validation; 7 measured Python loops
hook-0360,aggregate boundary only,src/ssh/config/host_parser.py,HostListParser,cProfile correlation,"profile.call_count,profile.primitive_call_count,profile.total_time_ns,profile.cumulative_time_ns",Run an opt-in cProfile session around the parent workload. Correlate this exact symbol with the AST inventory.,"file,symbol,class,workload_name,workload_size,state,python_version",Do not emit a production event. Profile one bounded benchmark run for each workload cell.,Do not add a local timer. Use a separate unprofiled run for acceptance timing.,"Do not record tokens, credentials, request or response bodies, SQL text, file paths, MAC addresses, IP addresses, organization identifiers, site identifiers, device identifiers, or user text. Use allowlisted labels, coarse buckets, and one-way run-local correlation identifiers.",1 algorithms/repeated work; 2 I/O/sequential batching; 5 serialization/validation; 7 measured Python loops
hook-0361,aggregate boundary only,src/ssh/config/validators.py,validate_hostname,cProfile correlation,"profile.call_count,profile.primitive_call_count,profile.total_time_ns,profile.cumulative_time_ns",Run an opt-in cProfile session around the parent workload. Correlate this exact symbol with the AST inventory.,"file,symbol,class,workload_name,workload_size,state,python_version",Do not emit a production event. Profile one bounded benchmark run for each workload cell.,Do not add a local timer. Use a separate unprofiled run for acceptance timing.,"Do not record tokens, credentials, request or response bodies, SQL text, file paths, MAC addresses, IP addresses, organization identifiers, site identifiers, device identifiers, or user text. Use allowlisted labels, coarse buckets, and one-way run-local correlation identifiers.",1 algorithms/repeated work; 2 I/O/sequential batching; 5 serialization/validation; 7 measured Python loops
hook-0362,production hook,src/ssh/connection/connector.py,SshConnector.connect,http_transport,"http.wall_ns,http.process_cpu_ns,http.requests_total,http.retries_total,http.pages_total,http.request_bytes,http.response_bytes,http.items_total,http.status_total","Measure the transport call, each retry, each page, and response decoding as separate nonoverlapping stages.","file,symbol,endpoint_template,method,status_class,retry_reason,page_bucket,workload_size,state",Count every request. Sample timing for at most 1 in 20 successes. Keep all retries and failures. Never label raw URLs or identifiers.,Use monotonic nanosecond clocks. Reuse transport metadata. Do not serialize payloads to measure their size.,"Do not record tokens, credentials, request or response bodies, SQL text, file paths, MAC addresses, IP addresses, organization identifiers, site identifiers, device identifiers, or user text. Use allowlisted labels, coarse buckets, and one-way run-local correlation identifiers.",2 I/O/sequential batching; 5 serialization/validation; 6 bounded caching
hook-0363,aggregate boundary only,src/ssh/runtime/app_runner.py,AppRunner,cProfile correlation,"profile.call_count,profile.primitive_call_count,profile.total_time_ns,profile.cumulative_time_ns",Run an opt-in cProfile session around the parent workload. Correlate this exact symbol with the AST inventory.,"file,symbol,class,workload_name,workload_size,state,python_version",Do not emit a production event. Profile one bounded benchmark run for each workload cell.,Do not add a local timer. Use a separate unprofiled run for acceptance timing.,"Do not record tokens, credentials, request or response bodies, SQL text, file paths, MAC addresses, IP addresses, organization identifiers, site identifiers, device identifiers, or user text. Use allowlisted labels, coarse buckets, and one-way run-local correlation identifiers.",1 algorithms/repeated work; 2 I/O/sequential batching; 5 serialization/validation; 7 measured Python loops
hook-0364,aggregate boundary only,src/ssh/runtime/interactive_mode.py,InteractiveMode,cProfile correlation,"profile.call_count,profile.primitive_call_count,profile.total_time_ns,profile.cumulative_time_ns",Run an opt-in cProfile session around the parent workload. Correlate this exact symbol with the AST inventory.,"file,symbol,class,workload_name,workload_size,state,python_version",Do not emit a production event. Profile one bounded benchmark run for each workload cell.,Do not add a local timer. Use a separate unprofiled run for acceptance timing.,"Do not record tokens, credentials, request or response bodies, SQL text, file paths, MAC addresses, IP addresses, organization identifiers, site identifiers, device identifiers, or user text. Use allowlisted labels, coarse buckets, and one-way run-local correlation identifiers.",1 algorithms/repeated work; 2 I/O/sequential batching; 5 serialization/validation; 7 measured Python loops
hook-0365,production hook,src/ssh/shell_execution/shell_executor.py,ShellExecutor.execute,operation_span,"perf.wall_ns,perf.process_cpu_ns,perf.calls_total,perf.errors_total,work.items_total",Measure the complete named operation from entry through cleanup. Correlate nested costs with cProfile.,"file,symbol,operation,status,workload_size,state",Off by default. Enable for a named operation. Sample at most 1 in 100 successful calls. Keep all failures.,Use perf_counter_ns and process_time_ns only. Buffer events. Do not time each internal function.,"Do not record tokens, credentials, request or response bodies, SQL text, file paths, MAC addresses, IP addresses, organization identifiers, site identifiers, device identifiers, or user text. Use allowlisted labels, coarse buckets, and one-way run-local correlation identifiers.",1 algorithms/repeated work; 2 I/O/sequential batching; 7 measured Python loops
hook-0366,aggregate boundary only,src/ssh/ssh_runner.py,SSHConnectionConfig,cProfile correlation,"profile.call_count,profile.primitive_call_count,profile.total_time_ns,profile.cumulative_time_ns",Run an opt-in cProfile session around the parent workload. Correlate this exact symbol with the AST inventory.,"file,symbol,class,workload_name,workload_size,state,python_version",Do not emit a production event. Profile one bounded benchmark run for each workload cell.,Do not add a local timer. Use a separate unprofiled run for acceptance timing.,"Do not record tokens, credentials, request or response bodies, SQL text, file paths, MAC addresses, IP addresses, organization identifiers, site identifiers, device identifiers, or user text. Use allowlisted labels, coarse buckets, and one-way run-local correlation identifiers.",1 algorithms/repeated work; 2 I/O/sequential batching; 5 serialization/validation; 7 measured Python loops
hook-0367,aggregate boundary only,src/ssh/ssh_runner_manager.py,SSHRunnerManagerDeps,cProfile correlation,"profile.call_count,profile.primitive_call_count,profile.total_time_ns,profile.cumulative_time_ns",Run an opt-in cProfile session around the parent workload. Correlate this exact symbol with the AST inventory.,"file,symbol,class,workload_name,workload_size,state,python_version",Do not emit a production event. Profile one bounded benchmark run for each workload cell.,Do not add a local timer. Use a separate unprofiled run for acceptance timing.,"Do not record tokens, credentials, request or response bodies, SQL text, file paths, MAC addresses, IP addresses, organization identifiers, site identifiers, device identifiers, or user text. Use allowlisted labels, coarse buckets, and one-way run-local correlation identifiers.",1 algorithms/repeated work; 2 I/O/sequential batching; 5 serialization/validation; 7 measured Python loops
hook-0368,aggregate boundary only,src/ssid_consolidation/_ssid_template_cache.py,_cache_age_minutes,cProfile correlation,"profile.call_count,profile.primitive_call_count,profile.total_time_ns,profile.cumulative_time_ns",Run an opt-in cProfile session around the parent workload. Correlate this exact symbol with the AST inventory.,"file,symbol,class,workload_name,workload_size,state,python_version",Do not emit a production event. Profile one bounded benchmark run for each workload cell.,Do not add a local timer. Use a separate unprofiled run for acceptance timing.,"Do not record tokens, credentials, request or response bodies, SQL text, file paths, MAC addresses, IP addresses, organization identifiers, site identifiers, device identifiers, or user text. Use allowlisted labels, coarse buckets, and one-way run-local correlation identifiers.",1 algorithms/repeated work; 3 data structures; 4 allocations/copying; 6 bounded caching; 8 object layout/GC
hook-0369,aggregate boundary only,src/ssid_consolidation/_ssid_template_cluster.py,_ClusterBase,cProfile correlation,"profile.call_count,profile.primitive_call_count,profile.total_time_ns,profile.cumulative_time_ns",Run an opt-in cProfile session around the parent workload. Correlate this exact symbol with the AST inventory.,"file,symbol,class,workload_name,workload_size,state,python_version",Do not emit a production event. Profile one bounded benchmark run for each workload cell.,Do not add a local timer. Use a separate unprofiled run for acceptance timing.,"Do not record tokens, credentials, request or response bodies, SQL text, file paths, MAC addresses, IP addresses, organization identifiers, site identifiers, device identifiers, or user text. Use allowlisted labels, coarse buckets, and one-way run-local correlation identifiers.",1 algorithms/repeated work; 3 data structures; 4 allocations/copying; 7 measured Python loops; 8 object layout/GC
hook-0370,aggregate boundary only,src/ssid_consolidation/_ssid_template_phase1.py,_fetch_and_log,cProfile correlation,"profile.call_count,profile.primitive_call_count,profile.total_time_ns,profile.cumulative_time_ns",Run an opt-in cProfile session around the parent workload. Correlate this exact symbol with the AST inventory.,"file,symbol,class,workload_name,workload_size,state,python_version",Do not emit a production event. Profile one bounded benchmark run for each workload cell.,Do not add a local timer. Use a separate unprofiled run for acceptance timing.,"Do not record tokens, credentials, request or response bodies, SQL text, file paths, MAC addresses, IP addresses, organization identifiers, site identifiers, device identifiers, or user text. Use allowlisted labels, coarse buckets, and one-way run-local correlation identifiers.",1 algorithms/repeated work; 3 data structures; 4 allocations/copying; 7 measured Python loops; 8 object layout/GC
hook-0371,aggregate boundary only,src/ssid_consolidation/_ssid_template_phase2.py,_compute_variable_plan,cProfile correlation,"profile.call_count,profile.primitive_call_count,profile.total_time_ns,profile.cumulative_time_ns",Run an opt-in cProfile session around the parent workload. Correlate this exact symbol with the AST inventory.,"file,symbol,class,workload_name,workload_size,state,python_version",Do not emit a production event. Profile one bounded benchmark run for each workload cell.,Do not add a local timer. Use a separate unprofiled run for acceptance timing.,"Do not record tokens, credentials, request or response bodies, SQL text, file paths, MAC addresses, IP addresses, organization identifiers, site identifiers, device identifiers, or user text. Use allowlisted labels, coarse buckets, and one-way run-local correlation identifiers.",1 algorithms/repeated work; 3 data structures; 4 allocations/copying; 7 measured Python loops; 8 object layout/GC
hook-0372,aggregate boundary only,src/ssid_consolidation/_ssid_template_phase3.py,_AssignRowContext,cProfile correlation,"profile.call_count,profile.primitive_call_count,profile.total_time_ns,profile.cumulative_time_ns",Run an opt-in cProfile session around the parent workload. Correlate this exact symbol with the AST inventory.,"file,symbol,class,workload_name,workload_size,state,python_version",Do not emit a production event. Profile one bounded benchmark run for each workload cell.,Do not add a local timer. Use a separate unprofiled run for acceptance timing.,"Do not record tokens, credentials, request or response bodies, SQL text, file paths, MAC addresses, IP addresses, organization identifiers, site identifiers, device identifiers, or user text. Use allowlisted labels, coarse buckets, and one-way run-local correlation identifiers.",1 algorithms/repeated work; 3 data structures; 4 allocations/copying; 7 measured Python loops; 8 object layout/GC
hook-0373,aggregate boundary only,src/ssid_consolidation/_ssid_template_phase45.py,TemplateOpParams,cProfile correlation,"profile.call_count,profile.primitive_call_count,profile.total_time_ns,profile.cumulative_time_ns",Run an opt-in cProfile session around the parent workload. Correlate this exact symbol with the AST inventory.,"file,symbol,class,workload_name,workload_size,state,python_version",Do not emit a production event. Profile one bounded benchmark run for each workload cell.,Do not add a local timer. Use a separate unprofiled run for acceptance timing.,"Do not record tokens, credentials, request or response bodies, SQL text, file paths, MAC addresses, IP addresses, organization identifiers, site identifiers, device identifiers, or user text. Use allowlisted labels, coarse buckets, and one-way run-local correlation identifiers.",1 algorithms/repeated work; 3 data structures; 4 allocations/copying; 7 measured Python loops; 8 object layout/GC
hook-0374,aggregate boundary only,src/ssid_consolidation/ssid_template_consolidation.py,SsidTemplateDeps,cProfile correlation,"profile.call_count,profile.primitive_call_count,profile.total_time_ns,profile.cumulative_time_ns",Run an opt-in cProfile session around the parent workload. Correlate this exact symbol with the AST inventory.,"file,symbol,class,workload_name,workload_size,state,python_version",Do not emit a production event. Profile one bounded benchmark run for each workload cell.,Do not add a local timer. Use a separate unprofiled run for acceptance timing.,"Do not record tokens, credentials, request or response bodies, SQL text, file paths, MAC addresses, IP addresses, organization identifiers, site identifiers, device identifiers, or user text. Use allowlisted labels, coarse buckets, and one-way run-local correlation identifiers.",1 algorithms/repeated work; 3 data structures; 4 allocations/copying; 7 measured Python loops; 8 object layout/GC
hook-0375,aggregate boundary only,src/time/time_utils.py,TimeUtils,cProfile correlation,"profile.call_count,profile.primitive_call_count,profile.total_time_ns,profile.cumulative_time_ns",Run an opt-in cProfile session around the parent workload. Correlate this exact symbol with the AST inventory.,"file,symbol,class,workload_name,workload_size,state,python_version",Do not emit a production event. Profile one bounded benchmark run for each workload cell.,Do not add a local timer. Use a separate unprofiled run for acceptance timing.,"Do not record tokens, credentials, request or response bodies, SQL text, file paths, MAC addresses, IP addresses, organization identifiers, site identifiers, device identifiers, or user text. Use allowlisted labels, coarse buckets, and one-way run-local correlation identifiers.",1 algorithms/repeated work; 3 data structures; 4 allocations/copying; 7 measured Python loops; 8 object layout/GC
hook-0376,aggregate boundary only,src/troubleshooting/interactive_test_runner.py,TestSiteSelectorUnresolved,cProfile correlation,"profile.call_count,profile.primitive_call_count,profile.total_time_ns,profile.cumulative_time_ns",Run an opt-in cProfile session around the parent workload. Correlate this exact symbol with the AST inventory.,"file,symbol,class,workload_name,workload_size,state,python_version",Do not emit a production event. Profile one bounded benchmark run for each workload cell.,Do not add a local timer. Use a separate unprofiled run for acceptance timing.,"Do not record tokens, credentials, request or response bodies, SQL text, file paths, MAC addresses, IP addresses, organization identifiers, site identifiers, device identifiers, or user text. Use allowlisted labels, coarse buckets, and one-way run-local correlation identifiers.",1 algorithms/repeated work; 3 data structures; 4 allocations/copying; 7 measured Python loops; 8 object layout/GC
hook-0377,aggregate boundary only,src/troubleshooting/marvis_troubleshoot_utils.py,MarvisTroubleshootDeps,cProfile correlation,"profile.call_count,profile.primitive_call_count,profile.total_time_ns,profile.cumulative_time_ns",Run an opt-in cProfile session around the parent workload. Correlate this exact symbol with the AST inventory.,"file,symbol,class,workload_name,workload_size,state,python_version",Do not emit a production event. Profile one bounded benchmark run for each workload cell.,Do not add a local timer. Use a separate unprofiled run for acceptance timing.,"Do not record tokens, credentials, request or response bodies, SQL text, file paths, MAC addresses, IP addresses, organization identifiers, site identifiers, device identifiers, or user text. Use allowlisted labels, coarse buckets, and one-way run-local correlation identifiers.",1 algorithms/repeated work; 3 data structures; 4 allocations/copying; 7 measured Python loops; 8 object layout/GC
hook-0378,aggregate boundary only,src/troubleshooting/troubleshoot_utils.py,TroubleshootUtils,cProfile correlation,"profile.call_count,profile.primitive_call_count,profile.total_time_ns,profile.cumulative_time_ns",Run an opt-in cProfile session around the parent workload. Correlate this exact symbol with the AST inventory.,"file,symbol,class,workload_name,workload_size,state,python_version",Do not emit a production event. Profile one bounded benchmark run for each workload cell.,Do not add a local timer. Use a separate unprofiled run for acceptance timing.,"Do not record tokens, credentials, request or response bodies, SQL text, file paths, MAC addresses, IP addresses, organization identifiers, site identifiers, device identifiers, or user text. Use allowlisted labels, coarse buckets, and one-way run-local correlation identifiers.",1 algorithms/repeated work; 3 data structures; 4 allocations/copying; 7 measured Python loops; 8 object layout/GC
hook-0379,aggregate boundary only,src/ui/display_utils.py,DisplayUtils,cProfile correlation,"profile.call_count,profile.primitive_call_count,profile.total_time_ns,profile.cumulative_time_ns",Run an opt-in cProfile session around the parent workload. Correlate this exact symbol with the AST inventory.,"file,symbol,class,workload_name,workload_size,state,python_version",Do not emit a production event. Profile one bounded benchmark run for each workload cell.,Do not add a local timer. Use a separate unprofiled run for acceptance timing.,"Do not record tokens, credentials, request or response bodies, SQL text, file paths, MAC addresses, IP addresses, organization identifiers, site identifiers, device identifiers, or user text. Use allowlisted labels, coarse buckets, and one-way run-local correlation identifiers.",1 algorithms/repeated work; 3 data structures; 4 allocations/copying; 7 measured Python loops; 8 object layout/GC
hook-0380,aggregate boundary only,src/ui/execution/debug_saver.py,DebugResultSaver,cProfile correlation,"profile.call_count,profile.primitive_call_count,profile.total_time_ns,profile.cumulative_time_ns",Run an opt-in cProfile session around the parent workload. Correlate this exact symbol with the AST inventory.,"file,symbol,class,workload_name,workload_size,state,python_version",Do not emit a production event. Profile one bounded benchmark run for each workload cell.,Do not add a local timer. Use a separate unprofiled run for acceptance timing.,"Do not record tokens, credentials, request or response bodies, SQL text, file paths, MAC addresses, IP addresses, organization identifiers, site identifiers, device identifiers, or user text. Use allowlisted labels, coarse buckets, and one-way run-local correlation identifiers.",1 algorithms/repeated work; 3 data structures; 4 allocations/copying; 7 measured Python loops; 8 object layout/GC
hook-0381,aggregate boundary only,src/ui/execution/function_executor.py,FunctionExecutor,cProfile correlation,"profile.call_count,profile.primitive_call_count,profile.total_time_ns,profile.cumulative_time_ns",Run an opt-in cProfile session around the parent workload. Correlate this exact symbol with the AST inventory.,"file,symbol,class,workload_name,workload_size,state,python_version",Do not emit a production event. Profile one bounded benchmark run for each workload cell.,Do not add a local timer. Use a separate unprofiled run for acceptance timing.,"Do not record tokens, credentials, request or response bodies, SQL text, file paths, MAC addresses, IP addresses, organization identifiers, site identifiers, device identifiers, or user text. Use allowlisted labels, coarse buckets, and one-way run-local correlation identifiers.",1 algorithms/repeated work; 3 data structures; 4 allocations/copying; 7 measured Python loops; 8 object layout/GC
hook-0382,aggregate boundary only,src/ui/execution/item_executor.py,ItemExecutor,cProfile correlation,"profile.call_count,profile.primitive_call_count,profile.total_time_ns,profile.cumulative_time_ns",Run an opt-in cProfile session around the parent workload. Correlate this exact symbol with the AST inventory.,"file,symbol,class,workload_name,workload_size,state,python_version",Do not emit a production event. Profile one bounded benchmark run for each workload cell.,Do not add a local timer. Use a separate unprofiled run for acceptance timing.,"Do not record tokens, credentials, request or response bodies, SQL text, file paths, MAC addresses, IP addresses, organization identifiers, site identifiers, device identifiers, or user text. Use allowlisted labels, coarse buckets, and one-way run-local correlation identifiers.",1 algorithms/repeated work; 3 data structures; 4 allocations/copying; 7 measured Python loops; 8 object layout/GC
hook-0383,aggregate boundary only,src/ui/execution/output_formatter.py,APIResponseParser,cProfile correlation,"profile.call_count,profile.primitive_call_count,profile.total_time_ns,profile.cumulative_time_ns",Run an opt-in cProfile session around the parent workload. Correlate this exact symbol with the AST inventory.,"file,symbol,class,workload_name,workload_size,state,python_version",Do not emit a production event. Profile one bounded benchmark run for each workload cell.,Do not add a local timer. Use a separate unprofiled run for acceptance timing.,"Do not record tokens, credentials, request or response bodies, SQL text, file paths, MAC addresses, IP addresses, organization identifiers, site identifiers, device identifiers, or user text. Use allowlisted labels, coarse buckets, and one-way run-local correlation identifiers.",1 algorithms/repeated work; 3 data structures; 4 allocations/copying; 7 measured Python loops; 8 object layout/GC
hook-0384,aggregate boundary only,src/ui/execution/parameter_collector.py,ParameterCollector,cProfile correlation,"profile.call_count,profile.primitive_call_count,profile.total_time_ns,profile.cumulative_time_ns",Run an opt-in cProfile session around the parent workload. Correlate this exact symbol with the AST inventory.,"file,symbol,class,workload_name,workload_size,state,python_version",Do not emit a production event. Profile one bounded benchmark run for each workload cell.,Do not add a local timer. Use a separate unprofiled run for acceptance timing.,"Do not record tokens, credentials, request or response bodies, SQL text, file paths, MAC addresses, IP addresses, organization identifiers, site identifiers, device identifiers, or user text. Use allowlisted labels, coarse buckets, and one-way run-local correlation identifiers.",1 algorithms/repeated work; 3 data structures; 4 allocations/copying; 7 measured Python loops; 8 object layout/GC
hook-0385,aggregate boundary only,src/ui/input_handlers/key_poller.py,KeyPoller,cProfile correlation,"profile.call_count,profile.primitive_call_count,profile.total_time_ns,profile.cumulative_time_ns",Run an opt-in cProfile session around the parent workload. Correlate this exact symbol with the AST inventory.,"file,symbol,class,workload_name,workload_size,state,python_version",Do not emit a production event. Profile one bounded benchmark run for each workload cell.,Do not add a local timer. Use a separate unprofiled run for acceptance timing.,"Do not record tokens, credentials, request or response bodies, SQL text, file paths, MAC addresses, IP addresses, organization identifiers, site identifiers, device identifiers, or user text. Use allowlisted labels, coarse buckets, and one-way run-local correlation identifiers.",1 algorithms/repeated work; 3 data structures; 4 allocations/copying; 7 measured Python loops; 8 object layout/GC
hook-0386,aggregate boundary only,src/ui/input_handlers/keyboard_dispatch.py,KeyboardDispatchTable,cProfile correlation,"profile.call_count,profile.primitive_call_count,profile.total_time_ns,profile.cumulative_time_ns",Run an opt-in cProfile session around the parent workload. Correlate this exact symbol with the AST inventory.,"file,symbol,class,workload_name,workload_size,state,python_version",Do not emit a production event. Profile one bounded benchmark run for each workload cell.,Do not add a local timer. Use a separate unprofiled run for acceptance timing.,"Do not record tokens, credentials, request or response bodies, SQL text, file paths, MAC addresses, IP addresses, organization identifiers, site identifiers, device identifiers, or user text. Use allowlisted labels, coarse buckets, and one-way run-local correlation identifiers.",1 algorithms/repeated work; 3 data structures; 4 allocations/copying; 7 measured Python loops; 8 object layout/GC
hook-0387,aggregate boundary only,src/ui/interactive_display_utils.py,InteractiveDisplayUtils,cProfile correlation,"profile.call_count,profile.primitive_call_count,profile.total_time_ns,profile.cumulative_time_ns",Run an opt-in cProfile session around the parent workload. Correlate this exact symbol with the AST inventory.,"file,symbol,class,workload_name,workload_size,state,python_version",Do not emit a production event. Profile one bounded benchmark run for each workload cell.,Do not add a local timer. Use a separate unprofiled run for acceptance timing.,"Do not record tokens, credentials, request or response bodies, SQL text, file paths, MAC addresses, IP addresses, organization identifiers, site identifiers, device identifiers, or user text. Use allowlisted labels, coarse buckets, and one-way run-local correlation identifiers.",1 algorithms/repeated work; 3 data structures; 4 allocations/copying; 7 measured Python loops; 8 object layout/GC
hook-0388,aggregate boundary only,src/ui/layout/layout_builder.py,LayoutBuilder,cProfile correlation,"profile.call_count,profile.primitive_call_count,profile.total_time_ns,profile.cumulative_time_ns",Run an opt-in cProfile session around the parent workload. Correlate this exact symbol with the AST inventory.,"file,symbol,class,workload_name,workload_size,state,python_version",Do not emit a production event. Profile one bounded benchmark run for each workload cell.,Do not add a local timer. Use a separate unprofiled run for acceptance timing.,"Do not record tokens, credentials, request or response bodies, SQL text, file paths, MAC addresses, IP addresses, organization identifiers, site identifiers, device identifiers, or user text. Use allowlisted labels, coarse buckets, and one-way run-local correlation identifiers.",1 algorithms/repeated work; 3 data structures; 4 allocations/copying; 7 measured Python loops; 8 object layout/GC
hook-0389,aggregate boundary only,src/ui/layout/results_grid_builder.py,ResultsGridBuilder,cProfile correlation,"profile.call_count,profile.primitive_call_count,profile.total_time_ns,profile.cumulative_time_ns",Run an opt-in cProfile session around the parent workload. Correlate this exact symbol with the AST inventory.,"file,symbol,class,workload_name,workload_size,state,python_version",Do not emit a production event. Profile one bounded benchmark run for each workload cell.,Do not add a local timer. Use a separate unprofiled run for acceptance timing.,"Do not record tokens, credentials, request or response bodies, SQL text, file paths, MAC addresses, IP addresses, organization identifiers, site identifiers, device identifiers, or user text. Use allowlisted labels, coarse buckets, and one-way run-local correlation identifiers.",1 algorithms/repeated work; 3 data structures; 4 allocations/copying; 7 measured Python loops; 8 object layout/GC
hook-0390,aggregate boundary only,src/ui/prompt_utils.py,PromptUtils,cProfile correlation,"profile.call_count,profile.primitive_call_count,profile.total_time_ns,profile.cumulative_time_ns",Run an opt-in cProfile session around the parent workload. Correlate this exact symbol with the AST inventory.,"file,symbol,class,workload_name,workload_size,state,python_version",Do not emit a production event. Profile one bounded benchmark run for each workload cell.,Do not add a local timer. Use a separate unprofiled run for acceptance timing.,"Do not record tokens, credentials, request or response bodies, SQL text, file paths, MAC addresses, IP addresses, organization identifiers, site identifiers, device identifiers, or user text. Use allowlisted labels, coarse buckets, and one-way run-local correlation identifiers.",1 algorithms/repeated work; 3 data structures; 4 allocations/copying; 7 measured Python loops; 8 object layout/GC
hook-0391,aggregate boundary only,src/ui/runtime/dotenv_loader.py,DotenvLoader,cProfile correlation,"profile.call_count,profile.primitive_call_count,profile.total_time_ns,profile.cumulative_time_ns",Run an opt-in cProfile session around the parent workload. Correlate this exact symbol with the AST inventory.,"file,symbol,class,workload_name,workload_size,state,python_version",Do not emit a production event. Profile one bounded benchmark run for each workload cell.,Do not add a local timer. Use a separate unprofiled run for acceptance timing.,"Do not record tokens, credentials, request or response bodies, SQL text, file paths, MAC addresses, IP addresses, organization identifiers, site identifiers, device identifiers, or user text. Use allowlisted labels, coarse buckets, and one-way run-local correlation identifiers.",1 algorithms/repeated work; 3 data structures; 4 allocations/copying; 7 measured Python loops; 8 object layout/GC
hook-0392,aggregate boundary only,src/ui/runtime/level_discoverer.py,LevelDiscoverer,cProfile correlation,"profile.call_count,profile.primitive_call_count,profile.total_time_ns,profile.cumulative_time_ns",Run an opt-in cProfile session around the parent workload. Correlate this exact symbol with the AST inventory.,"file,symbol,class,workload_name,workload_size,state,python_version",Do not emit a production event. Profile one bounded benchmark run for each workload cell.,Do not add a local timer. Use a separate unprofiled run for acceptance timing.,"Do not record tokens, credentials, request or response bodies, SQL text, file paths, MAC addresses, IP addresses, organization identifiers, site identifiers, device identifiers, or user text. Use allowlisted labels, coarse buckets, and one-way run-local correlation identifiers.",1 algorithms/repeated work; 3 data structures; 4 allocations/copying; 7 measured Python loops; 8 object layout/GC
hook-0393,aggregate boundary only,src/ui/runtime/tui_runner.py,TuiRunner,cProfile correlation,"profile.call_count,profile.primitive_call_count,profile.total_time_ns,profile.cumulative_time_ns",Run an opt-in cProfile session around the parent workload. Correlate this exact symbol with the AST inventory.,"file,symbol,class,workload_name,workload_size,state,python_version",Do not emit a production event. Profile one bounded benchmark run for each workload cell.,Do not add a local timer. Use a separate unprofiled run for acceptance timing.,"Do not record tokens, credentials, request or response bodies, SQL text, file paths, MAC addresses, IP addresses, organization identifiers, site identifiers, device identifiers, or user text. Use allowlisted labels, coarse buckets, and one-way run-local correlation identifiers.",1 algorithms/repeated work; 3 data structures; 4 allocations/copying; 7 measured Python loops; 8 object layout/GC
hook-0394,aggregate boundary only,src/ui/tui.py,MistHelperTUI,cProfile correlation,"profile.call_count,profile.primitive_call_count,profile.total_time_ns,profile.cumulative_time_ns",Run an opt-in cProfile session around the parent workload. Correlate this exact symbol with the AST inventory.,"file,symbol,class,workload_name,workload_size,state,python_version",Do not emit a production event. Profile one bounded benchmark run for each workload cell.,Do not add a local timer. Use a separate unprofiled run for acceptance timing.,"Do not record tokens, credentials, request or response bodies, SQL text, file paths, MAC addresses, IP addresses, organization identifiers, site identifiers, device identifiers, or user text. Use allowlisted labels, coarse buckets, and one-way run-local correlation identifiers.",1 algorithms/repeated work; 3 data structures; 4 allocations/copying; 7 measured Python loops; 8 object layout/GC
hook-0395,aggregate boundary only,src/upgrade_portal/api/mist_client.py,MistAPIClient,cProfile correlation,"profile.call_count,profile.primitive_call_count,profile.total_time_ns,profile.cumulative_time_ns",Run an opt-in cProfile session around the parent workload. Correlate this exact symbol with the AST inventory.,"file,symbol,class,workload_name,workload_size,state,python_version",Do not emit a production event. Profile one bounded benchmark run for each workload cell.,Do not add a local timer. Use a separate unprofiled run for acceptance timing.,"Do not record tokens, credentials, request or response bodies, SQL text, file paths, MAC addresses, IP addresses, organization identifiers, site identifiers, device identifiers, or user text. Use allowlisted labels, coarse buckets, and one-way run-local correlation identifiers.",1 algorithms/repeated work; 2 I/O/sequential batching; 5 serialization/validation; 7 measured Python loops
hook-0396,aggregate boundary only,src/upgrade_portal/app/config.py,SettingsError,cProfile correlation,"profile.call_count,profile.primitive_call_count,profile.total_time_ns,profile.cumulative_time_ns",Run an opt-in cProfile session around the parent workload. Correlate this exact symbol with the AST inventory.,"file,symbol,class,workload_name,workload_size,state,python_version",Do not emit a production event. Profile one bounded benchmark run for each workload cell.,Do not add a local timer. Use a separate unprofiled run for acceptance timing.,"Do not record tokens, credentials, request or response bodies, SQL text, file paths, MAC addresses, IP addresses, organization identifiers, site identifiers, device identifiers, or user text. Use allowlisted labels, coarse buckets, and one-way run-local correlation identifiers.",1 algorithms/repeated work; 3 data structures; 4 allocations/copying; 6 bounded caching; 8 object layout/GC
hook-0397,production hook,src/upgrade_portal/app/factory.py,create_app,startup_import,"startup.wall_ns,startup.process_cpu_ns,startup.import_self_ns,startup.import_cumulative_ns,startup.modules_total,startup.first_use_wall_ns",Measure a fresh process to useful readiness. Collect import attribution with Python -X importtime in a separate run.,"file,symbol,entrypoint,phase,cold_or_warm,platform,python_version",Run only in a benchmark or bounded startup diagnostic. Collect at least three independent process starts.,Do not run importtime in normal service operation. Measure deferred first use separately.,"Do not record tokens, credentials, request or response bodies, SQL text, file paths, MAC addresses, IP addresses, organization identifiers, site identifiers, device identifiers, or user text. Use allowlisted labels, coarse buckets, and one-way run-local correlation identifiers.",4 allocations/copying; 5 serialization/validation; 9 startup/imports; 10 native acceleration
hook-0398,production hook,src/upgrade_portal/app/factory.py,read_readiness,cache,"cache.lookup_wall_ns,cache.hits_total,cache.misses_total,cache.evictions_total,cache.entries,cache.bytes_estimate,cache.populate_wall_ns","Measure lookup, population, invalidation, and eviction separately. Record the configured bound and lifetime.","file,symbol,cache_name,outcome,size_bucket,workload_size,state",Count each outcome with bounded labels. Sample lookup timing at most 1 in 1000 calls. Never record keys.,Use existing cache state. Do not walk values to calculate size. Require a fixed entry or byte bound.,"Do not record tokens, credentials, request or response bodies, SQL text, file paths, MAC addresses, IP addresses, organization identifiers, site identifiers, device identifiers, or user text. Use allowlisted labels, coarse buckets, and one-way run-local correlation identifiers.",1 algorithms/repeated work; 3 data structures; 4 allocations/copying; 6 bounded caching; 8 object layout/GC
hook-0399,aggregate boundary only,src/upgrade_portal/app/routes/audit.py,create_audit_routes,cProfile correlation,"profile.call_count,profile.primitive_call_count,profile.total_time_ns,profile.cumulative_time_ns",Run an opt-in cProfile session around the parent workload. Correlate this exact symbol with the AST inventory.,"file,symbol,class,workload_name,workload_size,state,python_version",Do not emit a production event. Profile one bounded benchmark run for each workload cell.,Do not add a local timer. Use a separate unprofiled run for acceptance timing.,"Do not record tokens, credentials, request or response bodies, SQL text, file paths, MAC addresses, IP addresses, organization identifiers, site identifiers, device identifiers, or user text. Use allowlisted labels, coarse buckets, and one-way run-local correlation identifiers.",1 algorithms/repeated work; 2 I/O/sequential batching; 5 serialization/validation; 7 measured Python loops
hook-0400,aggregate boundary only,src/upgrade_portal/app/routes/auth.py,PendingSignIn,cProfile correlation,"profile.call_count,profile.primitive_call_count,profile.total_time_ns,profile.cumulative_time_ns",Run an opt-in cProfile session around the parent workload. Correlate this exact symbol with the AST inventory.,"file,symbol,class,workload_name,workload_size,state,python_version",Do not emit a production event. Profile one bounded benchmark run for each workload cell.,Do not add a local timer. Use a separate unprofiled run for acceptance timing.,"Do not record tokens, credentials, request or response bodies, SQL text, file paths, MAC addresses, IP addresses, organization identifiers, site identifiers, device identifiers, or user text. Use allowlisted labels, coarse buckets, and one-way run-local correlation identifiers.",1 algorithms/repeated work; 2 I/O/sequential batching; 5 serialization/validation; 7 measured Python loops
hook-0401,production hook,src/upgrade_portal/app/routes/capture.py,worker_body,operation_span,"perf.wall_ns,perf.process_cpu_ns,perf.calls_total,perf.errors_total,work.items_total",Measure the complete named operation from entry through cleanup. Correlate nested costs with cProfile.,"file,symbol,operation,status,workload_size,state",Off by default. Enable for a named operation. Sample at most 1 in 100 successful calls. Keep all failures.,Use perf_counter_ns and process_time_ns only. Buffer events. Do not time each internal function.,"Do not record tokens, credentials, request or response bodies, SQL text, file paths, MAC addresses, IP addresses, organization identifiers, site identifiers, device identifiers, or user text. Use allowlisted labels, coarse buckets, and one-way run-local correlation identifiers.",1 algorithms/repeated work; 2 I/O/sequential batching; 7 measured Python loops
hook-0402,aggregate boundary only,src/upgrade_portal/app/routes/comparison.py,create_comparison_routes,cProfile correlation,"profile.call_count,profile.primitive_call_count,profile.total_time_ns,profile.cumulative_time_ns",Run an opt-in cProfile session around the parent workload. Correlate this exact symbol with the AST inventory.,"file,symbol,class,workload_name,workload_size,state,python_version",Do not emit a production event. Profile one bounded benchmark run for each workload cell.,Do not add a local timer. Use a separate unprofiled run for acceptance timing.,"Do not record tokens, credentials, request or response bodies, SQL text, file paths, MAC addresses, IP addresses, organization identifiers, site identifiers, device identifiers, or user text. Use allowlisted labels, coarse buckets, and one-way run-local correlation identifiers.",1 algorithms/repeated work; 2 I/O/sequential batching; 5 serialization/validation; 7 measured Python loops
hook-0403,aggregate boundary only,src/upgrade_portal/app/routes/jwt_auth.py,create_jwt_auth_routes,cProfile correlation,"profile.call_count,profile.primitive_call_count,profile.total_time_ns,profile.cumulative_time_ns",Run an opt-in cProfile session around the parent workload. Correlate this exact symbol with the AST inventory.,"file,symbol,class,workload_name,workload_size,state,python_version",Do not emit a production event. Profile one bounded benchmark run for each workload cell.,Do not add a local timer. Use a separate unprofiled run for acceptance timing.,"Do not record tokens, credentials, request or response bodies, SQL text, file paths, MAC addresses, IP addresses, organization identifiers, site identifiers, device identifiers, or user text. Use allowlisted labels, coarse buckets, and one-way run-local correlation identifiers.",1 algorithms/repeated work; 2 I/O/sequential batching; 5 serialization/validation; 7 measured Python loops
hook-0404,aggregate boundary only,src/upgrade_portal/app/routes/mist.py,create_mist_routes,cProfile correlation,"profile.call_count,profile.primitive_call_count,profile.total_time_ns,profile.cumulative_time_ns",Run an opt-in cProfile session around the parent workload. Correlate this exact symbol with the AST inventory.,"file,symbol,class,workload_name,workload_size,state,python_version",Do not emit a production event. Profile one bounded benchmark run for each workload cell.,Do not add a local timer. Use a separate unprofiled run for acceptance timing.,"Do not record tokens, credentials, request or response bodies, SQL text, file paths, MAC addresses, IP addresses, organization identifiers, site identifiers, device identifiers, or user text. Use allowlisted labels, coarse buckets, and one-way run-local correlation identifiers.",1 algorithms/repeated work; 2 I/O/sequential batching; 5 serialization/validation; 7 measured Python loops
hook-0405,aggregate boundary only,src/upgrade_portal/app/routes/org_upgrade.py,upgrade_service,cProfile correlation,"profile.call_count,profile.primitive_call_count,profile.total_time_ns,profile.cumulative_time_ns",Run an opt-in cProfile session around the parent workload. Correlate this exact symbol with the AST inventory.,"file,symbol,class,workload_name,workload_size,state,python_version",Do not emit a production event. Profile one bounded benchmark run for each workload cell.,Do not add a local timer. Use a separate unprofiled run for acceptance timing.,"Do not record tokens, credentials, request or response bodies, SQL text, file paths, MAC addresses, IP addresses, organization identifiers, site identifiers, device identifiers, or user text. Use allowlisted labels, coarse buckets, and one-way run-local correlation identifiers.",1 algorithms/repeated work; 2 I/O/sequential batching; 5 serialization/validation; 7 measured Python loops
hook-0406,aggregate boundary only,src/upgrade_portal/app/routes/review.py,load_optional_module,cProfile correlation,"profile.call_count,profile.primitive_call_count,profile.total_time_ns,profile.cumulative_time_ns",Run an opt-in cProfile session around the parent workload. Correlate this exact symbol with the AST inventory.,"file,symbol,class,workload_name,workload_size,state,python_version",Do not emit a production event. Profile one bounded benchmark run for each workload cell.,Do not add a local timer. Use a separate unprofiled run for acceptance timing.,"Do not record tokens, credentials, request or response bodies, SQL text, file paths, MAC addresses, IP addresses, organization identifiers, site identifiers, device identifiers, or user text. Use allowlisted labels, coarse buckets, and one-way run-local correlation identifiers.",1 algorithms/repeated work; 2 I/O/sequential batching; 5 serialization/validation; 7 measured Python loops
hook-0407,aggregate boundary only,src/upgrade_portal/app/routes/runs.py,create_runs_routes,cProfile correlation,"profile.call_count,profile.primitive_call_count,profile.total_time_ns,profile.cumulative_time_ns",Run an opt-in cProfile session around the parent workload. Correlate this exact symbol with the AST inventory.,"file,symbol,class,workload_name,workload_size,state,python_version",Do not emit a production event. Profile one bounded benchmark run for each workload cell.,Do not add a local timer. Use a separate unprofiled run for acceptance timing.,"Do not record tokens, credentials, request or response bodies, SQL text, file paths, MAC addresses, IP addresses, organization identifiers, site identifiers, device identifiers, or user text. Use allowlisted labels, coarse buckets, and one-way run-local correlation identifiers.",1 algorithms/repeated work; 2 I/O/sequential batching; 5 serialization/validation; 7 measured Python loops
hook-0408,aggregate boundary only,src/upgrade_portal/app/routes/select.py,load_optional_module,cProfile correlation,"profile.call_count,profile.primitive_call_count,profile.total_time_ns,profile.cumulative_time_ns",Run an opt-in cProfile session around the parent workload. Correlate this exact symbol with the AST inventory.,"file,symbol,class,workload_name,workload_size,state,python_version",Do not emit a production event. Profile one bounded benchmark run for each workload cell.,Do not add a local timer. Use a separate unprofiled run for acceptance timing.,"Do not record tokens, credentials, request or response bodies, SQL text, file paths, MAC addresses, IP addresses, organization identifiers, site identifiers, device identifiers, or user text. Use allowlisted labels, coarse buckets, and one-way run-local correlation identifiers.",1 algorithms/repeated work; 2 I/O/sequential batching; 5 serialization/validation; 7 measured Python loops
hook-0409,production hook,src/upgrade_portal/app/routes/upgrade.py,launch_run,operation_span,"perf.wall_ns,perf.process_cpu_ns,perf.calls_total,perf.errors_total,work.items_total",Measure the complete named operation from entry through cleanup. Correlate nested costs with cProfile.,"file,symbol,operation,status,workload_size,state",Off by default. Enable for a named operation. Sample at most 1 in 100 successful calls. Keep all failures.,Use perf_counter_ns and process_time_ns only. Buffer events. Do not time each internal function.,"Do not record tokens, credentials, request or response bodies, SQL text, file paths, MAC addresses, IP addresses, organization identifiers, site identifiers, device identifiers, or user text. Use allowlisted labels, coarse buckets, and one-way run-local correlation identifiers.",1 algorithms/repeated work; 2 I/O/sequential batching; 7 measured Python loops
hook-0410,aggregate boundary only,src/upgrade_portal/app/seam_shapes.py,SeamShapeError,cProfile correlation,"profile.call_count,profile.primitive_call_count,profile.total_time_ns,profile.cumulative_time_ns",Run an opt-in cProfile session around the parent workload. Correlate this exact symbol with the AST inventory.,"file,symbol,class,workload_name,workload_size,state,python_version",Do not emit a production event. Profile one bounded benchmark run for each workload cell.,Do not add a local timer. Use a separate unprofiled run for acceptance timing.,"Do not record tokens, credentials, request or response bodies, SQL text, file paths, MAC addresses, IP addresses, organization identifiers, site identifiers, device identifiers, or user text. Use allowlisted labels, coarse buckets, and one-way run-local correlation identifiers.",1 algorithms/repeated work; 3 data structures; 4 allocations/copying; 7 measured Python loops; 8 object layout/GC
hook-0411,aggregate boundary only,src/upgrade_portal/app/security.py,PortalSecurity,cProfile correlation,"profile.call_count,profile.primitive_call_count,profile.total_time_ns,profile.cumulative_time_ns",Run an opt-in cProfile session around the parent workload. Correlate this exact symbol with the AST inventory.,"file,symbol,class,workload_name,workload_size,state,python_version",Do not emit a production event. Profile one bounded benchmark run for each workload cell.,Do not add a local timer. Use a separate unprofiled run for acceptance timing.,"Do not record tokens, credentials, request or response bodies, SQL text, file paths, MAC addresses, IP addresses, organization identifiers, site identifiers, device identifiers, or user text. Use allowlisted labels, coarse buckets, and one-way run-local correlation identifiers.",1 algorithms/repeated work; 3 data structures; 4 allocations/copying; 7 measured Python loops; 8 object layout/GC
hook-0412,aggregate boundary only,src/upgrade_portal/app/wiring.py,mirror_run,cProfile correlation,"profile.call_count,profile.primitive_call_count,profile.total_time_ns,profile.cumulative_time_ns",Run an opt-in cProfile session around the parent workload. Correlate this exact symbol with the AST inventory.,"file,symbol,class,workload_name,workload_size,state,python_version",Do not emit a production event. Profile one bounded benchmark run for each workload cell.,Do not add a local timer. Use a separate unprofiled run for acceptance timing.,"Do not record tokens, credentials, request or response bodies, SQL text, file paths, MAC addresses, IP addresses, organization identifiers, site identifiers, device identifiers, or user text. Use allowlisted labels, coarse buckets, and one-way run-local correlation identifiers.",1 algorithms/repeated work; 3 data structures; 4 allocations/copying; 7 measured Python loops; 8 object layout/GC
hook-0413,aggregate boundary only,src/upgrade_portal/audit/logger.py,AuditLogger,cProfile correlation,"profile.call_count,profile.primitive_call_count,profile.total_time_ns,profile.cumulative_time_ns",Run an opt-in cProfile session around the parent workload. Correlate this exact symbol with the AST inventory.,"file,symbol,class,workload_name,workload_size,state,python_version",Do not emit a production event. Profile one bounded benchmark run for each workload cell.,Do not add a local timer. Use a separate unprofiled run for acceptance timing.,"Do not record tokens, credentials, request or response bodies, SQL text, file paths, MAC addresses, IP addresses, organization identifiers, site identifiers, device identifiers, or user text. Use allowlisted labels, coarse buckets, and one-way run-local correlation identifiers.",1 algorithms/repeated work; 3 data structures; 4 allocations/copying; 7 measured Python loops; 8 object layout/GC
hook-0414,aggregate boundary only,src/upgrade_portal/audit/masker.py,SecretMasker,cProfile correlation,"profile.call_count,profile.primitive_call_count,profile.total_time_ns,profile.cumulative_time_ns",Run an opt-in cProfile session around the parent workload. Correlate this exact symbol with the AST inventory.,"file,symbol,class,workload_name,workload_size,state,python_version",Do not emit a production event. Profile one bounded benchmark run for each workload cell.,Do not add a local timer. Use a separate unprofiled run for acceptance timing.,"Do not record tokens, credentials, request or response bodies, SQL text, file paths, MAC addresses, IP addresses, organization identifiers, site identifiers, device identifiers, or user text. Use allowlisted labels, coarse buckets, and one-way run-local correlation identifiers.",1 algorithms/repeated work; 3 data structures; 4 allocations/copying; 7 measured Python loops; 8 object layout/GC
hook-0415,aggregate boundary only,src/upgrade_portal/auth/session.py,JWTSessionManager,cProfile correlation,"profile.call_count,profile.primitive_call_count,profile.total_time_ns,profile.cumulative_time_ns",Run an opt-in cProfile session around the parent workload. Correlate this exact symbol with the AST inventory.,"file,symbol,class,workload_name,workload_size,state,python_version",Do not emit a production event. Profile one bounded benchmark run for each workload cell.,Do not add a local timer. Use a separate unprofiled run for acceptance timing.,"Do not record tokens, credentials, request or response bodies, SQL text, file paths, MAC addresses, IP addresses, organization identifiers, site identifiers, device identifiers, or user text. Use allowlisted labels, coarse buckets, and one-way run-local correlation identifiers.",1 algorithms/repeated work; 3 data structures; 4 allocations/copying; 6 bounded caching; 8 object layout/GC
hook-0416,aggregate boundary only,src/upgrade_portal/capture/assembly.py,CaptureIdentity,cProfile correlation,"profile.call_count,profile.primitive_call_count,profile.total_time_ns,profile.cumulative_time_ns",Run an opt-in cProfile session around the parent workload. Correlate this exact symbol with the AST inventory.,"file,symbol,class,workload_name,workload_size,state,python_version",Do not emit a production event. Profile one bounded benchmark run for each workload cell.,Do not add a local timer. Use a separate unprofiled run for acceptance timing.,"Do not record tokens, credentials, request or response bodies, SQL text, file paths, MAC addresses, IP addresses, organization identifiers, site identifiers, device identifiers, or user text. Use allowlisted labels, coarse buckets, and one-way run-local correlation identifiers.",1 algorithms/repeated work; 2 I/O/sequential batching; 5 serialization/validation; 7 measured Python loops
hook-0417,aggregate boundary only,src/upgrade_portal/capture/clients.py,ClientIdentity,cProfile correlation,"profile.call_count,profile.primitive_call_count,profile.total_time_ns,profile.cumulative_time_ns",Run an opt-in cProfile session around the parent workload. Correlate this exact symbol with the AST inventory.,"file,symbol,class,workload_name,workload_size,state,python_version",Do not emit a production event. Profile one bounded benchmark run for each workload cell.,Do not add a local timer. Use a separate unprofiled run for acceptance timing.,"Do not record tokens, credentials, request or response bodies, SQL text, file paths, MAC addresses, IP addresses, organization identifiers, site identifiers, device identifiers, or user text. Use allowlisted labels, coarse buckets, and one-way run-local correlation identifiers.",1 algorithms/repeated work; 2 I/O/sequential batching; 5 serialization/validation; 7 measured Python loops
hook-0418,aggregate boundary only,src/upgrade_portal/capture/collector.py,starting_rows,cProfile correlation,"profile.call_count,profile.primitive_call_count,profile.total_time_ns,profile.cumulative_time_ns",Run an opt-in cProfile session around the parent workload. Correlate this exact symbol with the AST inventory.,"file,symbol,class,workload_name,workload_size,state,python_version",Do not emit a production event. Profile one bounded benchmark run for each workload cell.,Do not add a local timer. Use a separate unprofiled run for acceptance timing.,"Do not record tokens, credentials, request or response bodies, SQL text, file paths, MAC addresses, IP addresses, organization identifiers, site identifiers, device identifiers, or user text. Use allowlisted labels, coarse buckets, and one-way run-local correlation identifiers.",1 algorithms/repeated work; 2 I/O/sequential batching; 5 serialization/validation; 7 measured Python loops
hook-0419,aggregate boundary only,src/upgrade_portal/capture/devices.py,DeviceRead,cProfile correlation,"profile.call_count,profile.primitive_call_count,profile.total_time_ns,profile.cumulative_time_ns",Run an opt-in cProfile session around the parent workload. Correlate this exact symbol with the AST inventory.,"file,symbol,class,workload_name,workload_size,state,python_version",Do not emit a production event. Profile one bounded benchmark run for each workload cell.,Do not add a local timer. Use a separate unprofiled run for acceptance timing.,"Do not record tokens, credentials, request or response bodies, SQL text, file paths, MAC addresses, IP addresses, organization identifiers, site identifiers, device identifiers, or user text. Use allowlisted labels, coarse buckets, and one-way run-local correlation identifiers.",1 algorithms/repeated work; 2 I/O/sequential batching; 5 serialization/validation; 7 measured Python loops
hook-0420,aggregate boundary only,src/upgrade_portal/capture/export.py,is_credential_field,cProfile correlation,"profile.call_count,profile.primitive_call_count,profile.total_time_ns,profile.cumulative_time_ns",Run an opt-in cProfile session around the parent workload. Correlate this exact symbol with the AST inventory.,"file,symbol,class,workload_name,workload_size,state,python_version",Do not emit a production event. Profile one bounded benchmark run for each workload cell.,Do not add a local timer. Use a separate unprofiled run for acceptance timing.,"Do not record tokens, credentials, request or response bodies, SQL text, file paths, MAC addresses, IP addresses, organization identifiers, site identifiers, device identifiers, or user text. Use allowlisted labels, coarse buckets, and one-way run-local correlation identifiers.",1 algorithms/repeated work; 3 data structures; 4 allocations/copying; 5 serialization/validation; 7 measured Python loops
hook-0421,aggregate boundary only,src/upgrade_portal/capture/extras.py,SiteScope,cProfile correlation,"profile.call_count,profile.primitive_call_count,profile.total_time_ns,profile.cumulative_time_ns",Run an opt-in cProfile session around the parent workload. Correlate this exact symbol with the AST inventory.,"file,symbol,class,workload_name,workload_size,state,python_version",Do not emit a production event. Profile one bounded benchmark run for each workload cell.,Do not add a local timer. Use a separate unprofiled run for acceptance timing.,"Do not record tokens, credentials, request or response bodies, SQL text, file paths, MAC addresses, IP addresses, organization identifiers, site identifiers, device identifiers, or user text. Use allowlisted labels, coarse buckets, and one-way run-local correlation identifiers.",1 algorithms/repeated work; 2 I/O/sequential batching; 5 serialization/validation; 7 measured Python loops
hook-0422,aggregate boundary only,src/upgrade_portal/capture/service.py,CaptureService,cProfile correlation,"profile.call_count,profile.primitive_call_count,profile.total_time_ns,profile.cumulative_time_ns",Run an opt-in cProfile session around the parent workload. Correlate this exact symbol with the AST inventory.,"file,symbol,class,workload_name,workload_size,state,python_version",Do not emit a production event. Profile one bounded benchmark run for each workload cell.,Do not add a local timer. Use a separate unprofiled run for acceptance timing.,"Do not record tokens, credentials, request or response bodies, SQL text, file paths, MAC addresses, IP addresses, organization identifiers, site identifiers, device identifiers, or user text. Use allowlisted labels, coarse buckets, and one-way run-local correlation identifiers.",1 algorithms/repeated work; 2 I/O/sequential batching; 5 serialization/validation; 7 measured Python loops
hook-0423,production hook,src/upgrade_portal/capture/store.py,write_capture,database,"db.wall_ns,db.process_cpu_ns,db.operations_total,db.rows_total,db.statement_bytes,db.errors_total,db.retries_total",Measure the logical database operation. Use backend or SQLAlchemy events for each physical query and transaction.,"file,symbol,backend,operation,statement_kind,status,row_bucket,workload_size,state","Count every query. Sample duration at most 1 in 20 successful queries. Keep all slow, retried, and failed queries. Never label statement text.",Use event hooks and cursor row counts. Do not format SQL or copy result rows for telemetry.,"Do not record tokens, credentials, request or response bodies, SQL text, file paths, MAC addresses, IP addresses, organization identifiers, site identifiers, device identifiers, or user text. Use allowlisted labels, coarse buckets, and one-way run-local correlation identifiers.",1 algorithms/repeated work; 2 I/O/sequential batching; 3 data structures; 6 bounded caching
hook-0424,production hook,src/upgrade_portal/capture/store.py,list_captures,database,"db.wall_ns,db.process_cpu_ns,db.operations_total,db.rows_total,db.statement_bytes,db.errors_total,db.retries_total",Measure the logical database operation. Use backend or SQLAlchemy events for each physical query and transaction.,"file,symbol,backend,operation,statement_kind,status,row_bucket,workload_size,state","Count every query. Sample duration at most 1 in 20 successful queries. Keep all slow, retried, and failed queries. Never label statement text.",Use event hooks and cursor row counts. Do not format SQL or copy result rows for telemetry.,"Do not record tokens, credentials, request or response bodies, SQL text, file paths, MAC addresses, IP addresses, organization identifiers, site identifiers, device identifiers, or user text. Use allowlisted labels, coarse buckets, and one-way run-local correlation identifiers.",1 algorithms/repeated work; 2 I/O/sequential batching; 3 data structures; 6 bounded caching
hook-0425,aggregate boundary only,src/upgrade_portal/capture/tables.py,cell_text,cProfile correlation,"profile.call_count,profile.primitive_call_count,profile.total_time_ns,profile.cumulative_time_ns",Run an opt-in cProfile session around the parent workload. Correlate this exact symbol with the AST inventory.,"file,symbol,class,workload_name,workload_size,state,python_version",Do not emit a production event. Profile one bounded benchmark run for each workload cell.,Do not add a local timer. Use a separate unprofiled run for acceptance timing.,"Do not record tokens, credentials, request or response bodies, SQL text, file paths, MAC addresses, IP addresses, organization identifiers, site identifiers, device identifiers, or user text. Use allowlisted labels, coarse buckets, and one-way run-local correlation identifiers.",1 algorithms/repeated work; 2 I/O/sequential batching; 5 serialization/validation; 7 measured Python loops
hook-0426,aggregate boundary only,src/upgrade_portal/compare/clients.py,ClientMove,cProfile correlation,"profile.call_count,profile.primitive_call_count,profile.total_time_ns,profile.cumulative_time_ns",Run an opt-in cProfile session around the parent workload. Correlate this exact symbol with the AST inventory.,"file,symbol,class,workload_name,workload_size,state,python_version",Do not emit a production event. Profile one bounded benchmark run for each workload cell.,Do not add a local timer. Use a separate unprofiled run for acceptance timing.,"Do not record tokens, credentials, request or response bodies, SQL text, file paths, MAC addresses, IP addresses, organization identifiers, site identifiers, device identifiers, or user text. Use allowlisted labels, coarse buckets, and one-way run-local correlation identifiers.",1 algorithms/repeated work; 3 data structures; 4 allocations/copying; 7 measured Python loops; 8 object layout/GC
hook-0427,aggregate boundary only,src/upgrade_portal/compare/diff.py,FieldChange,cProfile correlation,"profile.call_count,profile.primitive_call_count,profile.total_time_ns,profile.cumulative_time_ns",Run an opt-in cProfile session around the parent workload. Correlate this exact symbol with the AST inventory.,"file,symbol,class,workload_name,workload_size,state,python_version",Do not emit a production event. Profile one bounded benchmark run for each workload cell.,Do not add a local timer. Use a separate unprofiled run for acceptance timing.,"Do not record tokens, credentials, request or response bodies, SQL text, file paths, MAC addresses, IP addresses, organization identifiers, site identifiers, device identifiers, or user text. Use allowlisted labels, coarse buckets, and one-way run-local correlation identifiers.",1 algorithms/repeated work; 3 data structures; 4 allocations/copying; 7 measured Python loops; 8 object layout/GC
hook-0428,aggregate boundary only,src/upgrade_portal/compare/download.py,RowChange,cProfile correlation,"profile.call_count,profile.primitive_call_count,profile.total_time_ns,profile.cumulative_time_ns",Run an opt-in cProfile session around the parent workload. Correlate this exact symbol with the AST inventory.,"file,symbol,class,workload_name,workload_size,state,python_version",Do not emit a production event. Profile one bounded benchmark run for each workload cell.,Do not add a local timer. Use a separate unprofiled run for acceptance timing.,"Do not record tokens, credentials, request or response bodies, SQL text, file paths, MAC addresses, IP addresses, organization identifiers, site identifiers, device identifiers, or user text. Use allowlisted labels, coarse buckets, and one-way run-local correlation identifiers.",1 algorithms/repeated work; 3 data structures; 4 allocations/copying; 7 measured Python loops; 8 object layout/GC
hook-0429,aggregate boundary only,src/upgrade_portal/compare/lock_audit.py,read_trail_lines,cProfile correlation,"profile.call_count,profile.primitive_call_count,profile.total_time_ns,profile.cumulative_time_ns",Run an opt-in cProfile session around the parent workload. Correlate this exact symbol with the AST inventory.,"file,symbol,class,workload_name,workload_size,state,python_version",Do not emit a production event. Profile one bounded benchmark run for each workload cell.,Do not add a local timer. Use a separate unprofiled run for acceptance timing.,"Do not record tokens, credentials, request or response bodies, SQL text, file paths, MAC addresses, IP addresses, organization identifiers, site identifiers, device identifiers, or user text. Use allowlisted labels, coarse buckets, and one-way run-local correlation identifiers.",1 algorithms/repeated work; 3 data structures; 4 allocations/copying; 7 measured Python loops; 8 object layout/GC
hook-0430,aggregate boundary only,src/upgrade_portal/compare/render.py,stat_test_id,cProfile correlation,"profile.call_count,profile.primitive_call_count,profile.total_time_ns,profile.cumulative_time_ns",Run an opt-in cProfile session around the parent workload. Correlate this exact symbol with the AST inventory.,"file,symbol,class,workload_name,workload_size,state,python_version",Do not emit a production event. Profile one bounded benchmark run for each workload cell.,Do not add a local timer. Use a separate unprofiled run for acceptance timing.,"Do not record tokens, credentials, request or response bodies, SQL text, file paths, MAC addresses, IP addresses, organization identifiers, site identifiers, device identifiers, or user text. Use allowlisted labels, coarse buckets, and one-way run-local correlation identifiers.",1 algorithms/repeated work; 3 data structures; 4 allocations/copying; 5 serialization/validation; 7 measured Python loops
hook-0431,production hook,src/upgrade_portal/compare/service.py,ComparisonService.compare,operation_span,"perf.wall_ns,perf.process_cpu_ns,perf.calls_total,perf.errors_total,work.items_total",Measure the complete named operation from entry through cleanup. Correlate nested costs with cProfile.,"file,symbol,operation,status,workload_size,state",Off by default. Enable for a named operation. Sample at most 1 in 100 successful calls. Keep all failures.,Use perf_counter_ns and process_time_ns only. Buffer events. Do not time each internal function.,"Do not record tokens, credentials, request or response bodies, SQL text, file paths, MAC addresses, IP addresses, organization identifiers, site identifiers, device identifiers, or user text. Use allowlisted labels, coarse buckets, and one-way run-local correlation identifiers.",1 algorithms/repeated work; 2 I/O/sequential batching; 7 measured Python loops
hook-0432,aggregate boundary only,src/upgrade_portal/compare/statistics.py,DeviceCounts,cProfile correlation,"profile.call_count,profile.primitive_call_count,profile.total_time_ns,profile.cumulative_time_ns",Run an opt-in cProfile session around the parent workload. Correlate this exact symbol with the AST inventory.,"file,symbol,class,workload_name,workload_size,state,python_version",Do not emit a production event. Profile one bounded benchmark run for each workload cell.,Do not add a local timer. Use a separate unprofiled run for acceptance timing.,"Do not record tokens, credentials, request or response bodies, SQL text, file paths, MAC addresses, IP addresses, organization identifiers, site identifiers, device identifiers, or user text. Use allowlisted labels, coarse buckets, and one-way run-local correlation identifiers.",1 algorithms/repeated work; 3 data structures; 4 allocations/copying; 7 measured Python loops; 8 object layout/GC
hook-0433,aggregate boundary only,src/upgrade_portal/locking/session_lock.py,LockResult,cProfile correlation,"profile.call_count,profile.primitive_call_count,profile.total_time_ns,profile.cumulative_time_ns",Run an opt-in cProfile session around the parent workload. Correlate this exact symbol with the AST inventory.,"file,symbol,class,workload_name,workload_size,state,python_version",Do not emit a production event. Profile one bounded benchmark run for each workload cell.,Do not add a local timer. Use a separate unprofiled run for acceptance timing.,"Do not record tokens, credentials, request or response bodies, SQL text, file paths, MAC addresses, IP addresses, organization identifiers, site identifiers, device identifiers, or user text. Use allowlisted labels, coarse buckets, and one-way run-local correlation identifiers.",1 algorithms/repeated work; 3 data structures; 4 allocations/copying; 6 bounded caching; 8 object layout/GC
hook-0434,aggregate boundary only,src/upgrade_portal/persistence/runs.py,UpgradeRunsService,cProfile correlation,"profile.call_count,profile.primitive_call_count,profile.total_time_ns,profile.cumulative_time_ns",Run an opt-in cProfile session around the parent workload. Correlate this exact symbol with the AST inventory.,"file,symbol,class,workload_name,workload_size,state,python_version",Do not emit a production event. Profile one bounded benchmark run for each workload cell.,Do not add a local timer. Use a separate unprofiled run for acceptance timing.,"Do not record tokens, credentials, request or response bodies, SQL text, file paths, MAC addresses, IP addresses, organization identifiers, site identifiers, device identifiers, or user text. Use allowlisted labels, coarse buckets, and one-way run-local correlation identifiers.",1 algorithms/repeated work; 3 data structures; 4 allocations/copying; 7 measured Python loops; 8 object layout/GC
hook-0435,aggregate boundary only,src/upgrade_portal/runtime/containers.py,ContainerState,cProfile correlation,"profile.call_count,profile.primitive_call_count,profile.total_time_ns,profile.cumulative_time_ns",Run an opt-in cProfile session around the parent workload. Correlate this exact symbol with the AST inventory.,"file,symbol,class,workload_name,workload_size,state,python_version",Do not emit a production event. Profile one bounded benchmark run for each workload cell.,Do not add a local timer. Use a separate unprofiled run for acceptance timing.,"Do not record tokens, credentials, request or response bodies, SQL text, file paths, MAC addresses, IP addresses, organization identifiers, site identifiers, device identifiers, or user text. Use allowlisted labels, coarse buckets, and one-way run-local correlation identifiers.",1 algorithms/repeated work; 3 data structures; 4 allocations/copying; 7 measured Python loops; 8 object layout/GC
hook-0436,aggregate boundary only,src/upgrade_portal/runtime/dependencies.py,DependencyState,cProfile correlation,"profile.call_count,profile.primitive_call_count,profile.total_time_ns,profile.cumulative_time_ns",Run an opt-in cProfile session around the parent workload. Correlate this exact symbol with the AST inventory.,"file,symbol,class,workload_name,workload_size,state,python_version",Do not emit a production event. Profile one bounded benchmark run for each workload cell.,Do not add a local timer. Use a separate unprofiled run for acceptance timing.,"Do not record tokens, credentials, request or response bodies, SQL text, file paths, MAC addresses, IP addresses, organization identifiers, site identifiers, device identifiers, or user text. Use allowlisted labels, coarse buckets, and one-way run-local correlation identifiers.",1 algorithms/repeated work; 3 data structures; 4 allocations/copying; 7 measured Python loops; 8 object layout/GC
hook-0437,aggregate boundary only,src/upgrade_portal/runtime/identity.py,email_digest,cProfile correlation,"profile.call_count,profile.primitive_call_count,profile.total_time_ns,profile.cumulative_time_ns",Run an opt-in cProfile session around the parent workload. Correlate this exact symbol with the AST inventory.,"file,symbol,class,workload_name,workload_size,state,python_version",Do not emit a production event. Profile one bounded benchmark run for each workload cell.,Do not add a local timer. Use a separate unprofiled run for acceptance timing.,"Do not record tokens, credentials, request or response bodies, SQL text, file paths, MAC addresses, IP addresses, organization identifiers, site identifiers, device identifiers, or user text. Use allowlisted labels, coarse buckets, and one-way run-local correlation identifiers.",1 algorithms/repeated work; 3 data structures; 4 allocations/copying; 7 measured Python loops; 8 object layout/GC
hook-0438,aggregate boundary only,src/upgrade_portal/runtime/lock.py,SiteLockError,cProfile correlation,"profile.call_count,profile.primitive_call_count,profile.total_time_ns,profile.cumulative_time_ns",Run an opt-in cProfile session around the parent workload. Correlate this exact symbol with the AST inventory.,"file,symbol,class,workload_name,workload_size,state,python_version",Do not emit a production event. Profile one bounded benchmark run for each workload cell.,Do not add a local timer. Use a separate unprofiled run for acceptance timing.,"Do not record tokens, credentials, request or response bodies, SQL text, file paths, MAC addresses, IP addresses, organization identifiers, site identifiers, device identifiers, or user text. Use allowlisted labels, coarse buckets, and one-way run-local correlation identifiers.",1 algorithms/repeated work; 3 data structures; 4 allocations/copying; 7 measured Python loops; 8 object layout/GC
hook-0439,aggregate boundary only,src/upgrade_portal/runtime/pools.py,DrainGate,cProfile correlation,"profile.call_count,profile.primitive_call_count,profile.total_time_ns,profile.cumulative_time_ns",Run an opt-in cProfile session around the parent workload. Correlate this exact symbol with the AST inventory.,"file,symbol,class,workload_name,workload_size,state,python_version",Do not emit a production event. Profile one bounded benchmark run for each workload cell.,Do not add a local timer. Use a separate unprofiled run for acceptance timing.,"Do not record tokens, credentials, request or response bodies, SQL text, file paths, MAC addresses, IP addresses, organization identifiers, site identifiers, device identifiers, or user text. Use allowlisted labels, coarse buckets, and one-way run-local correlation identifiers.",1 algorithms/repeated work; 3 data structures; 4 allocations/copying; 7 measured Python loops; 8 object layout/GC
hook-0440,aggregate boundary only,src/upgrade_portal/runtime/runs.py,RunTransitionError,cProfile correlation,"profile.call_count,profile.primitive_call_count,profile.total_time_ns,profile.cumulative_time_ns",Run an opt-in cProfile session around the parent workload. Correlate this exact symbol with the AST inventory.,"file,symbol,class,workload_name,workload_size,state,python_version",Do not emit a production event. Profile one bounded benchmark run for each workload cell.,Do not add a local timer. Use a separate unprofiled run for acceptance timing.,"Do not record tokens, credentials, request or response bodies, SQL text, file paths, MAC addresses, IP addresses, organization identifiers, site identifiers, device identifiers, or user text. Use allowlisted labels, coarse buckets, and one-way run-local correlation identifiers.",1 algorithms/repeated work; 3 data structures; 4 allocations/copying; 7 measured Python loops; 8 object layout/GC
hook-0441,aggregate boundary only,src/upgrade_portal/runtime/server.py,resolve_host,cProfile correlation,"profile.call_count,profile.primitive_call_count,profile.total_time_ns,profile.cumulative_time_ns",Run an opt-in cProfile session around the parent workload. Correlate this exact symbol with the AST inventory.,"file,symbol,class,workload_name,workload_size,state,python_version",Do not emit a production event. Profile one bounded benchmark run for each workload cell.,Do not add a local timer. Use a separate unprofiled run for acceptance timing.,"Do not record tokens, credentials, request or response bodies, SQL text, file paths, MAC addresses, IP addresses, organization identifiers, site identifiers, device identifiers, or user text. Use allowlisted labels, coarse buckets, and one-way run-local correlation identifiers.",1 algorithms/repeated work; 3 data structures; 4 allocations/copying; 7 measured Python loops; 8 object layout/GC
hook-0442,aggregate boundary only,src/upgrade_portal/runtime/signals.py,StopRequestError,cProfile correlation,"profile.call_count,profile.primitive_call_count,profile.total_time_ns,profile.cumulative_time_ns",Run an opt-in cProfile session around the parent workload. Correlate this exact symbol with the AST inventory.,"file,symbol,class,workload_name,workload_size,state,python_version",Do not emit a production event. Profile one bounded benchmark run for each workload cell.,Do not add a local timer. Use a separate unprofiled run for acceptance timing.,"Do not record tokens, credentials, request or response bodies, SQL text, file paths, MAC addresses, IP addresses, organization identifiers, site identifiers, device identifiers, or user text. Use allowlisted labels, coarse buckets, and one-way run-local correlation identifiers.",1 algorithms/repeated work; 3 data structures; 4 allocations/copying; 7 measured Python loops; 8 object layout/GC
hook-0443,aggregate boundary only,src/upgrade_portal/settle/service.py,SettleResult,cProfile correlation,"profile.call_count,profile.primitive_call_count,profile.total_time_ns,profile.cumulative_time_ns",Run an opt-in cProfile session around the parent workload. Correlate this exact symbol with the AST inventory.,"file,symbol,class,workload_name,workload_size,state,python_version",Do not emit a production event. Profile one bounded benchmark run for each workload cell.,Do not add a local timer. Use a separate unprofiled run for acceptance timing.,"Do not record tokens, credentials, request or response bodies, SQL text, file paths, MAC addresses, IP addresses, organization identifiers, site identifiers, device identifiers, or user text. Use allowlisted labels, coarse buckets, and one-way run-local correlation identifiers.",1 algorithms/repeated work; 3 data structures; 4 allocations/copying; 7 measured Python loops; 8 object layout/GC
hook-0444,aggregate boundary only,src/upgrade_portal/upgrade/driver.py,RunDriverError,cProfile correlation,"profile.call_count,profile.primitive_call_count,profile.total_time_ns,profile.cumulative_time_ns",Run an opt-in cProfile session around the parent workload. Correlate this exact symbol with the AST inventory.,"file,symbol,class,workload_name,workload_size,state,python_version",Do not emit a production event. Profile one bounded benchmark run for each workload cell.,Do not add a local timer. Use a separate unprofiled run for acceptance timing.,"Do not record tokens, credentials, request or response bodies, SQL text, file paths, MAC addresses, IP addresses, organization identifiers, site identifiers, device identifiers, or user text. Use allowlisted labels, coarse buckets, and one-way run-local correlation identifiers.",1 algorithms/repeated work; 3 data structures; 4 allocations/copying; 7 measured Python loops; 8 object layout/GC
hook-0445,aggregate boundary only,src/upgrade_portal/upgrade/events.py,EventKeys,cProfile correlation,"profile.call_count,profile.primitive_call_count,profile.total_time_ns,profile.cumulative_time_ns",Run an opt-in cProfile session around the parent workload. Correlate this exact symbol with the AST inventory.,"file,symbol,class,workload_name,workload_size,state,python_version",Do not emit a production event. Profile one bounded benchmark run for each workload cell.,Do not add a local timer. Use a separate unprofiled run for acceptance timing.,"Do not record tokens, credentials, request or response bodies, SQL text, file paths, MAC addresses, IP addresses, organization identifiers, site identifiers, device identifiers, or user text. Use allowlisted labels, coarse buckets, and one-way run-local correlation identifiers.",1 algorithms/repeated work; 3 data structures; 4 allocations/copying; 7 measured Python loops; 8 object layout/GC
hook-0446,aggregate boundary only,src/upgrade_portal/upgrade/gate.py,GateTarget,cProfile correlation,"profile.call_count,profile.primitive_call_count,profile.total_time_ns,profile.cumulative_time_ns",Run an opt-in cProfile session around the parent workload. Correlate this exact symbol with the AST inventory.,"file,symbol,class,workload_name,workload_size,state,python_version",Do not emit a production event. Profile one bounded benchmark run for each workload cell.,Do not add a local timer. Use a separate unprofiled run for acceptance timing.,"Do not record tokens, credentials, request or response bodies, SQL text, file paths, MAC addresses, IP addresses, organization identifiers, site identifiers, device identifiers, or user text. Use allowlisted labels, coarse buckets, and one-way run-local correlation identifiers.",1 algorithms/repeated work; 3 data structures; 4 allocations/copying; 7 measured Python loops; 8 object layout/GC
hook-0447,aggregate boundary only,src/upgrade_portal/upgrade/options.py,option_message,cProfile correlation,"profile.call_count,profile.primitive_call_count,profile.total_time_ns,profile.cumulative_time_ns",Run an opt-in cProfile session around the parent workload. Correlate this exact symbol with the AST inventory.,"file,symbol,class,workload_name,workload_size,state,python_version",Do not emit a production event. Profile one bounded benchmark run for each workload cell.,Do not add a local timer. Use a separate unprofiled run for acceptance timing.,"Do not record tokens, credentials, request or response bodies, SQL text, file paths, MAC addresses, IP addresses, organization identifiers, site identifiers, device identifiers, or user text. Use allowlisted labels, coarse buckets, and one-way run-local correlation identifiers.",1 algorithms/repeated work; 3 data structures; 4 allocations/copying; 7 measured Python loops; 8 object layout/GC
hook-0448,aggregate boundary only,src/upgrade_portal/upgrade/phase_gate.py,PhaseGateError,cProfile correlation,"profile.call_count,profile.primitive_call_count,profile.total_time_ns,profile.cumulative_time_ns",Run an opt-in cProfile session around the parent workload. Correlate this exact symbol with the AST inventory.,"file,symbol,class,workload_name,workload_size,state,python_version",Do not emit a production event. Profile one bounded benchmark run for each workload cell.,Do not add a local timer. Use a separate unprofiled run for acceptance timing.,"Do not record tokens, credentials, request or response bodies, SQL text, file paths, MAC addresses, IP addresses, organization identifiers, site identifiers, device identifiers, or user text. Use allowlisted labels, coarse buckets, and one-way run-local correlation identifiers.",1 algorithms/repeated work; 3 data structures; 4 allocations/copying; 7 measured Python loops; 8 object layout/GC
hook-0449,aggregate boundary only,src/upgrade_portal/upgrade/service.py,UpgradeStrategy,cProfile correlation,"profile.call_count,profile.primitive_call_count,profile.total_time_ns,profile.cumulative_time_ns",Run an opt-in cProfile session around the parent workload. Correlate this exact symbol with the AST inventory.,"file,symbol,class,workload_name,workload_size,state,python_version",Do not emit a production event. Profile one bounded benchmark run for each workload cell.,Do not add a local timer. Use a separate unprofiled run for acceptance timing.,"Do not record tokens, credentials, request or response bodies, SQL text, file paths, MAC addresses, IP addresses, organization identifiers, site identifiers, device identifiers, or user text. Use allowlisted labels, coarse buckets, and one-way run-local correlation identifiers.",1 algorithms/repeated work; 3 data structures; 4 allocations/copying; 7 measured Python loops; 8 object layout/GC
hook-0450,aggregate boundary only,src/upgrade_portal/upgrade/stop.py,StopTarget,cProfile correlation,"profile.call_count,profile.primitive_call_count,profile.total_time_ns,profile.cumulative_time_ns",Run an opt-in cProfile session around the parent workload. Correlate this exact symbol with the AST inventory.,"file,symbol,class,workload_name,workload_size,state,python_version",Do not emit a production event. Profile one bounded benchmark run for each workload cell.,Do not add a local timer. Use a separate unprofiled run for acceptance timing.,"Do not record tokens, credentials, request or response bodies, SQL text, file paths, MAC addresses, IP addresses, organization identifiers, site identifiers, device identifiers, or user text. Use allowlisted labels, coarse buckets, and one-way run-local correlation identifiers.",1 algorithms/repeated work; 3 data structures; 4 allocations/copying; 7 measured Python loops; 8 object layout/GC
hook-0451,aggregate boundary only,src/utils/address_utils.py,AddressValidationConfig,cProfile correlation,"profile.call_count,profile.primitive_call_count,profile.total_time_ns,profile.cumulative_time_ns",Run an opt-in cProfile session around the parent workload. Correlate this exact symbol with the AST inventory.,"file,symbol,class,workload_name,workload_size,state,python_version",Do not emit a production event. Profile one bounded benchmark run for each workload cell.,Do not add a local timer. Use a separate unprofiled run for acceptance timing.,"Do not record tokens, credentials, request or response bodies, SQL text, file paths, MAC addresses, IP addresses, organization identifiers, site identifiers, device identifiers, or user text. Use allowlisted labels, coarse buckets, and one-way run-local correlation identifiers.",1 algorithms/repeated work; 3 data structures; 4 allocations/copying; 7 measured Python loops; 8 object layout/GC
hook-0452,aggregate boundary only,src/utils/console.py,echo,cProfile correlation,"profile.call_count,profile.primitive_call_count,profile.total_time_ns,profile.cumulative_time_ns",Run an opt-in cProfile session around the parent workload. Correlate this exact symbol with the AST inventory.,"file,symbol,class,workload_name,workload_size,state,python_version",Do not emit a production event. Profile one bounded benchmark run for each workload cell.,Do not add a local timer. Use a separate unprofiled run for acceptance timing.,"Do not record tokens, credentials, request or response bodies, SQL text, file paths, MAC addresses, IP addresses, organization identifiers, site identifiers, device identifiers, or user text. Use allowlisted labels, coarse buckets, and one-way run-local correlation identifiers.",1 algorithms/repeated work; 3 data structures; 4 allocations/copying; 7 measured Python loops; 8 object layout/GC
hook-0453,aggregate boundary only,src/utils/environment_utils.py,EnvironmentUtils,cProfile correlation,"profile.call_count,profile.primitive_call_count,profile.total_time_ns,profile.cumulative_time_ns",Run an opt-in cProfile session around the parent workload. Correlate this exact symbol with the AST inventory.,"file,symbol,class,workload_name,workload_size,state,python_version",Do not emit a production event. Profile one bounded benchmark run for each workload cell.,Do not add a local timer. Use a separate unprofiled run for acceptance timing.,"Do not record tokens, credentials, request or response bodies, SQL text, file paths, MAC addresses, IP addresses, organization identifiers, site identifiers, device identifiers, or user text. Use allowlisted labels, coarse buckets, and one-way run-local correlation identifiers.",1 algorithms/repeated work; 3 data structures; 4 allocations/copying; 7 measured Python loops; 8 object layout/GC
hook-0454,aggregate boundary only,src/utils/file_path_utils.py,FilePathUtils,cProfile correlation,"profile.call_count,profile.primitive_call_count,profile.total_time_ns,profile.cumulative_time_ns",Run an opt-in cProfile session around the parent workload. Correlate this exact symbol with the AST inventory.,"file,symbol,class,workload_name,workload_size,state,python_version",Do not emit a production event. Profile one bounded benchmark run for each workload cell.,Do not add a local timer. Use a separate unprofiled run for acceptance timing.,"Do not record tokens, credentials, request or response bodies, SQL text, file paths, MAC addresses, IP addresses, organization identifiers, site identifiers, device identifiers, or user text. Use allowlisted labels, coarse buckets, and one-way run-local correlation identifiers.",1 algorithms/repeated work; 3 data structures; 4 allocations/copying; 7 measured Python loops; 8 object layout/GC
hook-0455,aggregate boundary only,src/utils/filter_operator_engine.py,FilterOperatorEngine,cProfile correlation,"profile.call_count,profile.primitive_call_count,profile.total_time_ns,profile.cumulative_time_ns",Run an opt-in cProfile session around the parent workload. Correlate this exact symbol with the AST inventory.,"file,symbol,class,workload_name,workload_size,state,python_version",Do not emit a production event. Profile one bounded benchmark run for each workload cell.,Do not add a local timer. Use a separate unprofiled run for acceptance timing.,"Do not record tokens, credentials, request or response bodies, SQL text, file paths, MAC addresses, IP addresses, organization identifiers, site identifiers, device identifiers, or user text. Use allowlisted labels, coarse buckets, and one-way run-local correlation identifiers.",1 algorithms/repeated work; 3 data structures; 4 allocations/copying; 7 measured Python loops; 8 object layout/GC
hook-0456,aggregate boundary only,src/utils/input_utils.py,InputUtils,cProfile correlation,"profile.call_count,profile.primitive_call_count,profile.total_time_ns,profile.cumulative_time_ns",Run an opt-in cProfile session around the parent workload. Correlate this exact symbol with the AST inventory.,"file,symbol,class,workload_name,workload_size,state,python_version",Do not emit a production event. Profile one bounded benchmark run for each workload cell.,Do not add a local timer. Use a separate unprofiled run for acceptance timing.,"Do not record tokens, credentials, request or response bodies, SQL text, file paths, MAC addresses, IP addresses, organization identifiers, site identifiers, device identifiers, or user text. Use allowlisted labels, coarse buckets, and one-way run-local correlation identifiers.",1 algorithms/repeated work; 3 data structures; 4 allocations/copying; 7 measured Python loops; 8 object layout/GC
hook-0457,aggregate boundary only,src/utils/logger_utils.py,redact_secret,cProfile correlation,"profile.call_count,profile.primitive_call_count,profile.total_time_ns,profile.cumulative_time_ns",Run an opt-in cProfile session around the parent workload. Correlate this exact symbol with the AST inventory.,"file,symbol,class,workload_name,workload_size,state,python_version",Do not emit a production event. Profile one bounded benchmark run for each workload cell.,Do not add a local timer. Use a separate unprofiled run for acceptance timing.,"Do not record tokens, credentials, request or response bodies, SQL text, file paths, MAC addresses, IP addresses, organization identifiers, site identifiers, device identifiers, or user text. Use allowlisted labels, coarse buckets, and one-way run-local correlation identifiers.",1 algorithms/repeated work; 3 data structures; 4 allocations/copying; 7 measured Python loops; 8 object layout/GC
hook-0458,aggregate boundary only,src/utils/operation_registry.py,OperationRegistry,cProfile correlation,"profile.call_count,profile.primitive_call_count,profile.total_time_ns,profile.cumulative_time_ns",Run an opt-in cProfile session around the parent workload. Correlate this exact symbol with the AST inventory.,"file,symbol,class,workload_name,workload_size,state,python_version",Do not emit a production event. Profile one bounded benchmark run for each workload cell.,Do not add a local timer. Use a separate unprofiled run for acceptance timing.,"Do not record tokens, credentials, request or response bodies, SQL text, file paths, MAC addresses, IP addresses, organization identifiers, site identifiers, device identifiers, or user text. Use allowlisted labels, coarse buckets, and one-way run-local correlation identifiers.",1 algorithms/repeated work; 3 data structures; 4 allocations/copying; 7 measured Python loops; 8 object layout/GC
hook-0459,aggregate boundary only,src/utils/rate_limiting.py,PidInputs,cProfile correlation,"profile.call_count,profile.primitive_call_count,profile.total_time_ns,profile.cumulative_time_ns",Run an opt-in cProfile session around the parent workload. Correlate this exact symbol with the AST inventory.,"file,symbol,class,workload_name,workload_size,state,python_version",Do not emit a production event. Profile one bounded benchmark run for each workload cell.,Do not add a local timer. Use a separate unprofiled run for acceptance timing.,"Do not record tokens, credentials, request or response bodies, SQL text, file paths, MAC addresses, IP addresses, organization identifiers, site identifiers, device identifiers, or user text. Use allowlisted labels, coarse buckets, and one-way run-local correlation identifiers.",1 algorithms/repeated work; 3 data structures; 4 allocations/copying; 7 measured Python loops; 8 object layout/GC
hook-0460,aggregate boundary only,src/utils/subprocess_runner.py,SubprocessRunner,cProfile correlation,"profile.call_count,profile.primitive_call_count,profile.total_time_ns,profile.cumulative_time_ns",Run an opt-in cProfile session around the parent workload. Correlate this exact symbol with the AST inventory.,"file,symbol,class,workload_name,workload_size,state,python_version",Do not emit a production event. Profile one bounded benchmark run for each workload cell.,Do not add a local timer. Use a separate unprofiled run for acceptance timing.,"Do not record tokens, credentials, request or response bodies, SQL text, file paths, MAC addresses, IP addresses, organization identifiers, site identifiers, device identifiers, or user text. Use allowlisted labels, coarse buckets, and one-way run-local correlation identifiers.",1 algorithms/repeated work; 3 data structures; 4 allocations/copying; 7 measured Python loops; 8 object layout/GC
hook-0461,aggregate boundary only,src/utils/tls_policy.py,TLSVerificationPolicy,cProfile correlation,"profile.call_count,profile.primitive_call_count,profile.total_time_ns,profile.cumulative_time_ns",Run an opt-in cProfile session around the parent workload. Correlate this exact symbol with the AST inventory.,"file,symbol,class,workload_name,workload_size,state,python_version",Do not emit a production event. Profile one bounded benchmark run for each workload cell.,Do not add a local timer. Use a separate unprofiled run for acceptance timing.,"Do not record tokens, credentials, request or response bodies, SQL text, file paths, MAC addresses, IP addresses, organization identifiers, site identifiers, device identifiers, or user text. Use allowlisted labels, coarse buckets, and one-way run-local correlation identifiers.",1 algorithms/repeated work; 3 data structures; 4 allocations/copying; 7 measured Python loops; 8 object layout/GC
hook-0462,aggregate boundary only,src/utils/tqdm_wrapper.py,tqdm,cProfile correlation,"profile.call_count,profile.primitive_call_count,profile.total_time_ns,profile.cumulative_time_ns",Run an opt-in cProfile session around the parent workload. Correlate this exact symbol with the AST inventory.,"file,symbol,class,workload_name,workload_size,state,python_version",Do not emit a production event. Profile one bounded benchmark run for each workload cell.,Do not add a local timer. Use a separate unprofiled run for acceptance timing.,"Do not record tokens, credentials, request or response bodies, SQL text, file paths, MAC addresses, IP addresses, organization identifiers, site identifiers, device identifiers, or user text. Use allowlisted labels, coarse buckets, and one-way run-local correlation identifiers.",1 algorithms/repeated work; 3 data structures; 4 allocations/copying; 7 measured Python loops; 8 object layout/GC
hook-0463,aggregate boundary only,src/utils/zscaler_catalogue.py,promote_cache_document,cProfile correlation,"profile.call_count,profile.primitive_call_count,profile.total_time_ns,profile.cumulative_time_ns",Run an opt-in cProfile session around the parent workload. Correlate this exact symbol with the AST inventory.,"file,symbol,class,workload_name,workload_size,state,python_version",Do not emit a production event. Profile one bounded benchmark run for each workload cell.,Do not add a local timer. Use a separate unprofiled run for acceptance timing.,"Do not record tokens, credentials, request or response bodies, SQL text, file paths, MAC addresses, IP addresses, organization identifiers, site identifiers, device identifiers, or user text. Use allowlisted labels, coarse buckets, and one-way run-local correlation identifiers.",1 algorithms/repeated work; 3 data structures; 4 allocations/copying; 7 measured Python loops; 8 object layout/GC
hook-0464,aggregate boundary only,src/utils/zscaler_probe.py,ProbeResult,cProfile correlation,"profile.call_count,profile.primitive_call_count,profile.total_time_ns,profile.cumulative_time_ns",Run an opt-in cProfile session around the parent workload. Correlate this exact symbol with the AST inventory.,"file,symbol,class,workload_name,workload_size,state,python_version",Do not emit a production event. Profile one bounded benchmark run for each workload cell.,Do not add a local timer. Use a separate unprofiled run for acceptance timing.,"Do not record tokens, credentials, request or response bodies, SQL text, file paths, MAC addresses, IP addresses, organization identifiers, site identifiers, device identifiers, or user text. Use allowlisted labels, coarse buckets, and one-way run-local correlation identifiers.",1 algorithms/repeated work; 3 data structures; 4 allocations/copying; 7 measured Python loops; 8 object layout/GC
hook-0465,aggregate boundary only,src/validation/validation_utils.py,ValidationUtils,cProfile correlation,"profile.call_count,profile.primitive_call_count,profile.total_time_ns,profile.cumulative_time_ns",Run an opt-in cProfile session around the parent workload. Correlate this exact symbol with the AST inventory.,"file,symbol,class,workload_name,workload_size,state,python_version",Do not emit a production event. Profile one bounded benchmark run for each workload cell.,Do not add a local timer. Use a separate unprofiled run for acceptance timing.,"Do not record tokens, credentials, request or response bodies, SQL text, file paths, MAC addresses, IP addresses, organization identifiers, site identifiers, device identifiers, or user text. Use allowlisted labels, coarse buckets, and one-way run-local correlation identifiers.",1 algorithms/repeated work; 3 data structures; 4 allocations/copying; 7 measured Python loops; 8 object layout/GC
hook-0466,aggregate boundary only,src/wan_hub_group_manager.py,WanHubGroupNumberManager,cProfile correlation,"profile.call_count,profile.primitive_call_count,profile.total_time_ns,profile.cumulative_time_ns",Run an opt-in cProfile session around the parent workload. Correlate this exact symbol with the AST inventory.,"file,symbol,class,workload_name,workload_size,state,python_version",Do not emit a production event. Profile one bounded benchmark run for each workload cell.,Do not add a local timer. Use a separate unprofiled run for acceptance timing.,"Do not record tokens, credentials, request or response bodies, SQL text, file paths, MAC addresses, IP addresses, organization identifiers, site identifiers, device identifiers, or user text. Use allowlisted labels, coarse buckets, and one-way run-local correlation identifiers.",1 algorithms/repeated work; 3 data structures; 4 allocations/copying; 7 measured Python loops; 8 object layout/GC
hook-0467,aggregate boundary only,src/wan_vpn_builder.py,WanVpnBuilder,cProfile correlation,"profile.call_count,profile.primitive_call_count,profile.total_time_ns,profile.cumulative_time_ns",Run an opt-in cProfile session around the parent workload. Correlate this exact symbol with the AST inventory.,"file,symbol,class,workload_name,workload_size,state,python_version",Do not emit a production event. Profile one bounded benchmark run for each workload cell.,Do not add a local timer. Use a separate unprofiled run for acceptance timing.,"Do not record tokens, credentials, request or response bodies, SQL text, file paths, MAC addresses, IP addresses, organization identifiers, site identifiers, device identifiers, or user text. Use allowlisted labels, coarse buckets, and one-way run-local correlation identifiers.",1 algorithms/repeated work; 3 data structures; 4 allocations/copying; 7 measured Python loops; 8 object layout/GC
hook-0468,aggregate boundary only,src/websocket/commands.py,MacTableCommand,cProfile correlation,"profile.call_count,profile.primitive_call_count,profile.total_time_ns,profile.cumulative_time_ns",Run an opt-in cProfile session around the parent workload. Correlate this exact symbol with the AST inventory.,"file,symbol,class,workload_name,workload_size,state,python_version",Do not emit a production event. Profile one bounded benchmark run for each workload cell.,Do not add a local timer. Use a separate unprofiled run for acceptance timing.,"Do not record tokens, credentials, request or response bodies, SQL text, file paths, MAC addresses, IP addresses, organization identifiers, site identifiers, device identifiers, or user text. Use allowlisted labels, coarse buckets, and one-way run-local correlation identifiers.",1 algorithms/repeated work; 2 I/O/sequential batching; 5 serialization/validation; 7 measured Python loops
hook-0469,aggregate boundary only,src/websocket/context.py,WebSocketCmdDeps,cProfile correlation,"profile.call_count,profile.primitive_call_count,profile.total_time_ns,profile.cumulative_time_ns",Run an opt-in cProfile session around the parent workload. Correlate this exact symbol with the AST inventory.,"file,symbol,class,workload_name,workload_size,state,python_version",Do not emit a production event. Profile one bounded benchmark run for each workload cell.,Do not add a local timer. Use a separate unprofiled run for acceptance timing.,"Do not record tokens, credentials, request or response bodies, SQL text, file paths, MAC addresses, IP addresses, organization identifiers, site identifiers, device identifiers, or user text. Use allowlisted labels, coarse buckets, and one-way run-local correlation identifiers.",1 algorithms/repeated work; 2 I/O/sequential batching; 5 serialization/validation; 7 measured Python loops
hook-0470,aggregate boundary only,src/websocket/diagnostics/arp_executor.py,ArpDeviceExecutor,cProfile correlation,"profile.call_count,profile.primitive_call_count,profile.total_time_ns,profile.cumulative_time_ns",Run an opt-in cProfile session around the parent workload. Correlate this exact symbol with the AST inventory.,"file,symbol,class,workload_name,workload_size,state,python_version",Do not emit a production event. Profile one bounded benchmark run for each workload cell.,Do not add a local timer. Use a separate unprofiled run for acceptance timing.,"Do not record tokens, credentials, request or response bodies, SQL text, file paths, MAC addresses, IP addresses, organization identifiers, site identifiers, device identifiers, or user text. Use allowlisted labels, coarse buckets, and one-way run-local correlation identifiers.",1 algorithms/repeated work; 2 I/O/sequential batching; 5 serialization/validation; 7 measured Python loops
hook-0471,aggregate boundary only,src/websocket/diagnostics/common.py,detect_debug_mode,cProfile correlation,"profile.call_count,profile.primitive_call_count,profile.total_time_ns,profile.cumulative_time_ns",Run an opt-in cProfile session around the parent workload. Correlate this exact symbol with the AST inventory.,"file,symbol,class,workload_name,workload_size,state,python_version",Do not emit a production event. Profile one bounded benchmark run for each workload cell.,Do not add a local timer. Use a separate unprofiled run for acceptance timing.,"Do not record tokens, credentials, request or response bodies, SQL text, file paths, MAC addresses, IP addresses, organization identifiers, site identifiers, device identifiers, or user text. Use allowlisted labels, coarse buckets, and one-way run-local correlation identifiers.",1 algorithms/repeated work; 2 I/O/sequential batching; 5 serialization/validation; 7 measured Python loops
hook-0472,aggregate boundary only,src/websocket/diagnostics/ping_executor.py,PingDeviceExecutor,cProfile correlation,"profile.call_count,profile.primitive_call_count,profile.total_time_ns,profile.cumulative_time_ns",Run an opt-in cProfile session around the parent workload. Correlate this exact symbol with the AST inventory.,"file,symbol,class,workload_name,workload_size,state,python_version",Do not emit a production event. Profile one bounded benchmark run for each workload cell.,Do not add a local timer. Use a separate unprofiled run for acceptance timing.,"Do not record tokens, credentials, request or response bodies, SQL text, file paths, MAC addresses, IP addresses, organization identifiers, site identifiers, device identifiers, or user text. Use allowlisted labels, coarse buckets, and one-way run-local correlation identifiers.",1 algorithms/repeated work; 2 I/O/sequential batching; 5 serialization/validation; 7 measured Python loops
hook-0473,production hook,src/websocket/manager.py,WebSocketManager.connect,http_transport,"http.wall_ns,http.process_cpu_ns,http.requests_total,http.retries_total,http.pages_total,http.request_bytes,http.response_bytes,http.items_total,http.status_total","Measure the transport call, each retry, each page, and response decoding as separate nonoverlapping stages.","file,symbol,endpoint_template,method,status_class,retry_reason,page_bucket,workload_size,state",Count every request. Sample timing for at most 1 in 20 successes. Keep all retries and failures. Never label raw URLs or identifiers.,Use monotonic nanosecond clocks. Reuse transport metadata. Do not serialize payloads to measure their size.,"Do not record tokens, credentials, request or response bodies, SQL text, file paths, MAC addresses, IP addresses, organization identifiers, site identifiers, device identifiers, or user text. Use allowlisted labels, coarse buckets, and one-way run-local correlation identifiers.",2 I/O/sequential batching; 5 serialization/validation; 6 bounded caching
hook-0474,production hook,src/websocket/manager.py,WebSocketManager.disconnect,operation_span,"perf.wall_ns,perf.process_cpu_ns,perf.calls_total,perf.errors_total,work.items_total",Measure the complete named operation from entry through cleanup. Correlate nested costs with cProfile.,"file,symbol,operation,status,workload_size,state",Off by default. Enable for a named operation. Sample at most 1 in 100 successful calls. Keep all failures.,Use perf_counter_ns and process_time_ns only. Buffer events. Do not time each internal function.,"Do not record tokens, credentials, request or response bodies, SQL text, file paths, MAC addresses, IP addresses, organization identifiers, site identifiers, device identifiers, or user text. Use allowlisted labels, coarse buckets, and one-way run-local correlation identifiers.",1 algorithms/repeated work; 2 I/O/sequential batching; 7 measured Python loops
hook-0475,aggregate boundary only,src/websocket/polling/completion_detector.py,CompletionDetector,cProfile correlation,"profile.call_count,profile.primitive_call_count,profile.total_time_ns,profile.cumulative_time_ns",Run an opt-in cProfile session around the parent workload. Correlate this exact symbol with the AST inventory.,"file,symbol,class,workload_name,workload_size,state,python_version",Do not emit a production event. Profile one bounded benchmark run for each workload cell.,Do not add a local timer. Use a separate unprofiled run for acceptance timing.,"Do not record tokens, credentials, request or response bodies, SQL text, file paths, MAC addresses, IP addresses, organization identifiers, site identifiers, device identifiers, or user text. Use allowlisted labels, coarse buckets, and one-way run-local correlation identifiers.",1 algorithms/repeated work; 2 I/O/sequential batching; 5 serialization/validation; 7 measured Python loops
hook-0476,aggregate boundary only,src/websocket/polling/message_router.py,MessageRouter,cProfile correlation,"profile.call_count,profile.primitive_call_count,profile.total_time_ns,profile.cumulative_time_ns",Run an opt-in cProfile session around the parent workload. Correlate this exact symbol with the AST inventory.,"file,symbol,class,workload_name,workload_size,state,python_version",Do not emit a production event. Profile one bounded benchmark run for each workload cell.,Do not add a local timer. Use a separate unprofiled run for acceptance timing.,"Do not record tokens, credentials, request or response bodies, SQL text, file paths, MAC addresses, IP addresses, organization identifiers, site identifiers, device identifiers, or user text. Use allowlisted labels, coarse buckets, and one-way run-local correlation identifiers.",1 algorithms/repeated work; 2 I/O/sequential batching; 5 serialization/validation; 7 measured Python loops
hook-0477,aggregate boundary only,src/websocket/polling/result_collector.py,ResultCollector,cProfile correlation,"profile.call_count,profile.primitive_call_count,profile.total_time_ns,profile.cumulative_time_ns",Run an opt-in cProfile session around the parent workload. Correlate this exact symbol with the AST inventory.,"file,symbol,class,workload_name,workload_size,state,python_version",Do not emit a production event. Profile one bounded benchmark run for each workload cell.,Do not add a local timer. Use a separate unprofiled run for acceptance timing.,"Do not record tokens, credentials, request or response bodies, SQL text, file paths, MAC addresses, IP addresses, organization identifiers, site identifiers, device identifiers, or user text. Use allowlisted labels, coarse buckets, and one-way run-local correlation identifiers.",1 algorithms/repeated work; 2 I/O/sequential batching; 5 serialization/validation; 7 measured Python loops
hook-0478,aggregate boundary only,src/websocket/polling/result_combiner.py,CombineRequest,cProfile correlation,"profile.call_count,profile.primitive_call_count,profile.total_time_ns,profile.cumulative_time_ns",Run an opt-in cProfile session around the parent workload. Correlate this exact symbol with the AST inventory.,"file,symbol,class,workload_name,workload_size,state,python_version",Do not emit a production event. Profile one bounded benchmark run for each workload cell.,Do not add a local timer. Use a separate unprofiled run for acceptance timing.,"Do not record tokens, credentials, request or response bodies, SQL text, file paths, MAC addresses, IP addresses, organization identifiers, site identifiers, device identifiers, or user text. Use allowlisted labels, coarse buckets, and one-way run-local correlation identifiers.",1 algorithms/repeated work; 2 I/O/sequential batching; 5 serialization/validation; 7 measured Python loops
hook-0479,aggregate boundary only,src/websocket/service_ping_discovery.py,ServicePingDiscoveryDependencies,cProfile correlation,"profile.call_count,profile.primitive_call_count,profile.total_time_ns,profile.cumulative_time_ns",Run an opt-in cProfile session around the parent workload. Correlate this exact symbol with the AST inventory.,"file,symbol,class,workload_name,workload_size,state,python_version",Do not emit a production event. Profile one bounded benchmark run for each workload cell.,Do not add a local timer. Use a separate unprofiled run for acceptance timing.,"Do not record tokens, credentials, request or response bodies, SQL text, file paths, MAC addresses, IP addresses, organization identifiers, site identifiers, device identifiers, or user text. Use allowlisted labels, coarse buckets, and one-way run-local correlation identifiers.",1 algorithms/repeated work; 2 I/O/sequential batching; 5 serialization/validation; 7 measured Python loops
hook-0480,production hook,src/websocket/service_ping_manager.py,ServicePingManager.execute,operation_span,"perf.wall_ns,perf.process_cpu_ns,perf.calls_total,perf.errors_total,work.items_total",Measure the complete named operation from entry through cleanup. Correlate nested costs with cProfile.,"file,symbol,operation,status,workload_size,state",Off by default. Enable for a named operation. Sample at most 1 in 100 successful calls. Keep all failures.,Use perf_counter_ns and process_time_ns only. Buffer events. Do not time each internal function.,"Do not record tokens, credentials, request or response bodies, SQL text, file paths, MAC addresses, IP addresses, organization identifiers, site identifiers, device identifiers, or user text. Use allowlisted labels, coarse buckets, and one-way run-local correlation identifiers.",1 algorithms/repeated work; 2 I/O/sequential batching; 7 measured Python loops
hook-0481,production hook,starlink_dashboard.py,StarlinkDashboard.get_starlink_stats,http_transport,"http.wall_ns,http.process_cpu_ns,http.requests_total,http.retries_total,http.pages_total,http.request_bytes,http.response_bytes,http.items_total,http.status_total","Measure the transport call, each retry, each page, and response decoding as separate nonoverlapping stages.","file,symbol,endpoint_template,method,status_class,retry_reason,page_bucket,workload_size,state",Count every request. Sample timing for at most 1 in 20 successes. Keep all retries and failures. Never label raw URLs or identifiers.,Use monotonic nanosecond clocks. Reuse transport metadata. Do not serialize payloads to measure their size.,"Do not record tokens, credentials, request or response bodies, SQL text, file paths, MAC addresses, IP addresses, organization identifiers, site identifiers, device identifiers, or user text. Use allowlisted labels, coarse buckets, and one-way run-local correlation identifiers.",2 I/O/sequential batching; 5 serialization/validation; 6 bounded caching
hook-0482,production hook,starlink_dashboard.py,main,startup_import,"startup.wall_ns,startup.process_cpu_ns,startup.import_self_ns,startup.import_cumulative_ns,startup.modules_total,startup.first_use_wall_ns",Measure a fresh process to useful readiness. Collect import attribution with Python -X importtime in a separate run.,"file,symbol,entrypoint,phase,cold_or_warm,platform,python_version",Run only in a benchmark or bounded startup diagnostic. Collect at least three independent process starts.,Do not run importtime in normal service operation. Measure deferred first use separately.,"Do not record tokens, credentials, request or response bodies, SQL text, file paths, MAC addresses, IP addresses, organization identifiers, site identifiers, device identifiers, or user text. Use allowlisted labels, coarse buckets, and one-way run-local correlation identifiers.",4 allocations/copying; 5 serialization/validation; 9 startup/imports; 10 native acceleration
hook-0483,production hook,web_portal/app.py,WebPortalApp.create_app,startup_import,"startup.wall_ns,startup.process_cpu_ns,startup.import_self_ns,startup.import_cumulative_ns,startup.modules_total,startup.first_use_wall_ns",Measure a fresh process to useful readiness. Collect import attribution with Python -X importtime in a separate run.,"file,symbol,entrypoint,phase,cold_or_warm,platform,python_version",Run only in a benchmark or bounded startup diagnostic. Collect at least three independent process starts.,Do not run importtime in normal service operation. Measure deferred first use separately.,"Do not record tokens, credentials, request or response bodies, SQL text, file paths, MAC addresses, IP addresses, organization identifiers, site identifiers, device identifiers, or user text. Use allowlisted labels, coarse buckets, and one-way run-local correlation identifiers.",4 allocations/copying; 5 serialization/validation; 9 startup/imports; 10 native acceleration
hook-0484,aggregate boundary only,web_portal/menu_registry.py,build_static_menu_actions,cProfile correlation,"profile.call_count,profile.primitive_call_count,profile.total_time_ns,profile.cumulative_time_ns",Run an opt-in cProfile session around the parent workload. Correlate this exact symbol with the AST inventory.,"file,symbol,class,workload_name,workload_size,state,python_version",Do not emit a production event. Profile one bounded benchmark run for each workload cell.,Do not add a local timer. Use a separate unprofiled run for acceptance timing.,"Do not record tokens, credentials, request or response bodies, SQL text, file paths, MAC addresses, IP addresses, organization identifiers, site identifiers, device identifiers, or user text. Use allowlisted labels, coarse buckets, and one-way run-local correlation identifiers.",1 algorithms/repeated work; 3 data structures; 4 allocations/copying; 7 measured Python loops; 8 object layout/GC
hook-0485,aggregate boundary only,web_portal/routes/dashboard.py,dashboard,cProfile correlation,"profile.call_count,profile.primitive_call_count,profile.total_time_ns,profile.cumulative_time_ns",Run an opt-in cProfile session around the parent workload. Correlate this exact symbol with the AST inventory.,"file,symbol,class,workload_name,workload_size,state,python_version",Do not emit a production event. Profile one bounded benchmark run for each workload cell.,Do not add a local timer. Use a separate unprofiled run for acceptance timing.,"Do not record tokens, credentials, request or response bodies, SQL text, file paths, MAC addresses, IP addresses, organization identifiers, site identifiers, device identifiers, or user text. Use allowlisted labels, coarse buckets, and one-way run-local correlation identifiers.",1 algorithms/repeated work; 2 I/O/sequential batching; 5 serialization/validation; 7 measured Python loops
hook-0486,aggregate boundary only,web_portal/routes/data.py,data_browser,cProfile correlation,"profile.call_count,profile.primitive_call_count,profile.total_time_ns,profile.cumulative_time_ns",Run an opt-in cProfile session around the parent workload. Correlate this exact symbol with the AST inventory.,"file,symbol,class,workload_name,workload_size,state,python_version",Do not emit a production event. Profile one bounded benchmark run for each workload cell.,Do not add a local timer. Use a separate unprofiled run for acceptance timing.,"Do not record tokens, credentials, request or response bodies, SQL text, file paths, MAC addresses, IP addresses, organization identifiers, site identifiers, device identifiers, or user text. Use allowlisted labels, coarse buckets, and one-way run-local correlation identifiers.",1 algorithms/repeated work; 2 I/O/sequential batching; 5 serialization/validation; 7 measured Python loops
hook-0487,aggregate boundary only,web_portal/routes/maps.py,maps_page,cProfile correlation,"profile.call_count,profile.primitive_call_count,profile.total_time_ns,profile.cumulative_time_ns",Run an opt-in cProfile session around the parent workload. Correlate this exact symbol with the AST inventory.,"file,symbol,class,workload_name,workload_size,state,python_version",Do not emit a production event. Profile one bounded benchmark run for each workload cell.,Do not add a local timer. Use a separate unprofiled run for acceptance timing.,"Do not record tokens, credentials, request or response bodies, SQL text, file paths, MAC addresses, IP addresses, organization identifiers, site identifiers, device identifiers, or user text. Use allowlisted labels, coarse buckets, and one-way run-local correlation identifiers.",1 algorithms/repeated work; 2 I/O/sequential batching; 5 serialization/validation; 7 measured Python loops
hook-0488,production hook,web_portal/routes/operations.py,run_operation,operation_span,"perf.wall_ns,perf.process_cpu_ns,perf.calls_total,perf.errors_total,work.items_total",Measure the complete named operation from entry through cleanup. Correlate nested costs with cProfile.,"file,symbol,operation,status,workload_size,state",Off by default. Enable for a named operation. Sample at most 1 in 100 successful calls. Keep all failures.,Use perf_counter_ns and process_time_ns only. Buffer events. Do not time each internal function.,"Do not record tokens, credentials, request or response bodies, SQL text, file paths, MAC addresses, IP addresses, organization identifiers, site identifiers, device identifiers, or user text. Use allowlisted labels, coarse buckets, and one-way run-local correlation identifiers.",1 algorithms/repeated work; 2 I/O/sequential batching; 7 measured Python loops
hook-0489,aggregate boundary only,web_portal/routes/settings.py,list_themes,cProfile correlation,"profile.call_count,profile.primitive_call_count,profile.total_time_ns,profile.cumulative_time_ns",Run an opt-in cProfile session around the parent workload. Correlate this exact symbol with the AST inventory.,"file,symbol,class,workload_name,workload_size,state,python_version",Do not emit a production event. Profile one bounded benchmark run for each workload cell.,Do not add a local timer. Use a separate unprofiled run for acceptance timing.,"Do not record tokens, credentials, request or response bodies, SQL text, file paths, MAC addresses, IP addresses, organization identifiers, site identifiers, device identifiers, or user text. Use allowlisted labels, coarse buckets, and one-way run-local correlation identifiers.",1 algorithms/repeated work; 2 I/O/sequential batching; 5 serialization/validation; 7 measured Python loops
hook-0490,aggregate boundary only,web_portal/routes/webhooks.py,receive_webhook,cProfile correlation,"profile.call_count,profile.primitive_call_count,profile.total_time_ns,profile.cumulative_time_ns",Run an opt-in cProfile session around the parent workload. Correlate this exact symbol with the AST inventory.,"file,symbol,class,workload_name,workload_size,state,python_version",Do not emit a production event. Profile one bounded benchmark run for each workload cell.,Do not add a local timer. Use a separate unprofiled run for acceptance timing.,"Do not record tokens, credentials, request or response bodies, SQL text, file paths, MAC addresses, IP addresses, organization identifiers, site identifiers, device identifiers, or user text. Use allowlisted labels, coarse buckets, and one-way run-local correlation identifiers.",1 algorithms/repeated work; 2 I/O/sequential batching; 5 serialization/validation; 7 measured Python loops
hook-0491,aggregate boundary only,web_portal/services/config.py,PortalConfigLoader,cProfile correlation,"profile.call_count,profile.primitive_call_count,profile.total_time_ns,profile.cumulative_time_ns",Run an opt-in cProfile session around the parent workload. Correlate this exact symbol with the AST inventory.,"file,symbol,class,workload_name,workload_size,state,python_version",Do not emit a production event. Profile one bounded benchmark run for each workload cell.,Do not add a local timer. Use a separate unprofiled run for acceptance timing.,"Do not record tokens, credentials, request or response bodies, SQL text, file paths, MAC addresses, IP addresses, organization identifiers, site identifiers, device identifiers, or user text. Use allowlisted labels, coarse buckets, and one-way run-local correlation identifiers.",1 algorithms/repeated work; 3 data structures; 4 allocations/copying; 6 bounded caching; 8 object layout/GC
hook-0492,aggregate boundary only,web_portal/services/data_browser.py,DataBrowserService,cProfile correlation,"profile.call_count,profile.primitive_call_count,profile.total_time_ns,profile.cumulative_time_ns",Run an opt-in cProfile session around the parent workload. Correlate this exact symbol with the AST inventory.,"file,symbol,class,workload_name,workload_size,state,python_version",Do not emit a production event. Profile one bounded benchmark run for each workload cell.,Do not add a local timer. Use a separate unprofiled run for acceptance timing.,"Do not record tokens, credentials, request or response bodies, SQL text, file paths, MAC addresses, IP addresses, organization identifiers, site identifiers, device identifiers, or user text. Use allowlisted labels, coarse buckets, and one-way run-local correlation identifiers.",1 algorithms/repeated work; 3 data structures; 4 allocations/copying; 7 measured Python loops; 8 object layout/GC
hook-0493,aggregate boundary only,web_portal/services/event_bus.py,PortalEventBus,cProfile correlation,"profile.call_count,profile.primitive_call_count,profile.total_time_ns,profile.cumulative_time_ns",Run an opt-in cProfile session around the parent workload. Correlate this exact symbol with the AST inventory.,"file,symbol,class,workload_name,workload_size,state,python_version",Do not emit a production event. Profile one bounded benchmark run for each workload cell.,Do not add a local timer. Use a separate unprofiled run for acceptance timing.,"Do not record tokens, credentials, request or response bodies, SQL text, file paths, MAC addresses, IP addresses, organization identifiers, site identifiers, device identifiers, or user text. Use allowlisted labels, coarse buckets, and one-way run-local correlation identifiers.",1 algorithms/repeated work; 3 data structures; 4 allocations/copying; 7 measured Python loops; 8 object layout/GC
hook-0494,aggregate boundary only,web_portal/services/input_hook.py,InputInterceptor,cProfile correlation,"profile.call_count,profile.primitive_call_count,profile.total_time_ns,profile.cumulative_time_ns",Run an opt-in cProfile session around the parent workload. Correlate this exact symbol with the AST inventory.,"file,symbol,class,workload_name,workload_size,state,python_version",Do not emit a production event. Profile one bounded benchmark run for each workload cell.,Do not add a local timer. Use a separate unprofiled run for acceptance timing.,"Do not record tokens, credentials, request or response bodies, SQL text, file paths, MAC addresses, IP addresses, organization identifiers, site identifiers, device identifiers, or user text. Use allowlisted labels, coarse buckets, and one-way run-local correlation identifiers.",1 algorithms/repeated work; 3 data structures; 4 allocations/copying; 7 measured Python loops; 8 object layout/GC
hook-0495,production hook,web_portal/services/operation.py,OperationExecutor._execute_operation,operation_span,"perf.wall_ns,perf.process_cpu_ns,perf.calls_total,perf.errors_total,work.items_total",Measure the complete named operation from entry through cleanup. Correlate nested costs with cProfile.,"file,symbol,operation,status,workload_size,state",Off by default. Enable for a named operation. Sample at most 1 in 100 successful calls. Keep all failures.,Use perf_counter_ns and process_time_ns only. Buffer events. Do not time each internal function.,"Do not record tokens, credentials, request or response bodies, SQL text, file paths, MAC addresses, IP addresses, organization identifiers, site identifiers, device identifiers, or user text. Use allowlisted labels, coarse buckets, and one-way run-local correlation identifiers.",1 algorithms/repeated work; 2 I/O/sequential batching; 7 measured Python loops
hook-0496,aggregate boundary only,wsgi.py,_bootstrap_api_session,cProfile correlation,"profile.call_count,profile.primitive_call_count,profile.total_time_ns,profile.cumulative_time_ns",Run an opt-in cProfile session around the parent workload. Correlate this exact symbol with the AST inventory.,"file,symbol,class,workload_name,workload_size,state,python_version",Do not emit a production event. Profile one bounded benchmark run for each workload cell.,Do not add a local timer. Use a separate unprofiled run for acceptance timing.,"Do not record tokens, credentials, request or response bodies, SQL text, file paths, MAC addresses, IP addresses, organization identifiers, site identifiers, device identifiers, or user text. Use allowlisted labels, coarse buckets, and one-way run-local correlation identifiers.",4 allocations/copying; 9 startup/imports; 10 native acceleration
hook-diag-0001,targeted diagnostic hook,MistHelper.py,GlobalImportManager._import_external_dependencies,loop_counter,loop.iterations_total;loop.items_total;loop.wall_ns;loop.process_cpu_ns;loop.skipped_total,"Measure the complete loop, not one iteration. Count the iterations and the produced items.",file;symbol;loop_name;result;workload_size,Record one aggregate event for each loop execution. Bucket the iteration count. Never emit an event for each iteration.,Increment a local integer inside the loop. Read the clock once before the loop and once after it.,"Do not record credentials, tokens, request or response bodies, SQL text, bind values, absolute file paths, URLs with a query, session identifiers, node identifiers, endpoint identifiers, coordinates, geometry, addresses, or catalog prices. Use allowlisted labels and coarse buckets only.",7 measured Python loops; 1 algorithms/repeated work; 4 allocations/copying
hook-diag-0002,targeted diagnostic hook,MistHelper.py,_filter_available_tokens,loop_counter,loop.iterations_total;loop.items_total;loop.wall_ns;loop.process_cpu_ns;loop.skipped_total,"Measure the complete loop, not one iteration. Count the iterations and the produced items.",file;symbol;loop_name;result;workload_size,Record one aggregate event for each loop execution. Bucket the iteration count. Never emit an event for each iteration.,Increment a local integer inside the loop. Read the clock once before the loop and once after it.,"Do not record credentials, tokens, request or response bodies, SQL text, bind values, absolute file paths, URLs with a query, session identifiers, node identifiers, endpoint identifiers, coordinates, geometry, addresses, or catalog prices. Use allowlisted labels and coarse buckets only.",7 measured Python loops; 1 algorithms/repeated work; 4 allocations/copying
hook-diag-0003,targeted diagnostic hook,MistHelper.py,_report_mib_result,loop_counter,loop.iterations_total;loop.items_total;loop.wall_ns;loop.process_cpu_ns;loop.skipped_total,"Measure the complete loop, not one iteration. Count the iterations and the produced items.",file;symbol;loop_name;result;workload_size,Record one aggregate event for each loop execution. Bucket the iteration count. Never emit an event for each iteration.,Increment a local integer inside the loop. Read the clock once before the loop and once after it.,"Do not record credentials, tokens, request or response bodies, SQL text, bind values, absolute file paths, URLs with a query, session identifiers, node identifiers, endpoint identifiers, coordinates, geometry, addresses, or catalog prices. Use allowlisted labels and coarse buckets only.",7 measured Python loops; 1 algorithms/repeated work; 4 allocations/copying
hook-diag-0004,targeted diagnostic hook,mist-ops-platform/migrations/versions/0001_initial.py,upgrade,allocation_trace,mem.traced_current_bytes;mem.traced_peak_bytes;mem.blocks_total;mem.top_sites_json,Take a tracemalloc snapshot before and after the measured build. Report traced Python bytes only.,file;symbol;workload_name;workload_size;state,Run only in a bounded diagnostic session. Do not enable tracemalloc in normal service operation.,Start and stop tracing in one bounded session. Measure timing in a separate run without tracing.,"Do not record credentials, tokens, request or response bodies, SQL text, bind values, absolute file paths, URLs with a query, session identifiers, node identifiers, endpoint identifiers, coordinates, geometry, addresses, or catalog prices. Use allowlisted labels and coarse buckets only.",4 allocations/copying; 3 data structures; 8 object layout/GC
hook-diag-0005,targeted diagnostic hook,mist-ops-platform/src/shared/mist/endpoints.py,MistEndpointService._paginate,loop_counter,loop.iterations_total;loop.items_total;loop.wall_ns;loop.process_cpu_ns;loop.skipped_total,"Measure the complete loop, not one iteration. Count the iterations and the produced items.",file;symbol;loop_name;result;workload_size,Record one aggregate event for each loop execution. Bucket the iteration count. Never emit an event for each iteration.,Increment a local integer inside the loop. Read the clock once before the loop and once after it.,"Do not record credentials, tokens, request or response bodies, SQL text, bind values, absolute file paths, URLs with a query, session identifiers, node identifiers, endpoint identifiers, coordinates, geometry, addresses, or catalog prices. Use allowlisted labels and coarse buckets only.",7 measured Python loops; 1 algorithms/repeated work; 4 allocations/copying
hook-diag-0006,targeted diagnostic hook,mist-ops-platform/src/shared/services/auth.py,AuthService._collect_scopes,loop_counter,loop.iterations_total;loop.items_total;loop.wall_ns;loop.process_cpu_ns;loop.skipped_total,"Measure the complete loop, not one iteration. Count the iterations and the produced items.",file;symbol;loop_name;result;workload_size,Record one aggregate event for each loop execution. Bucket the iteration count. Never emit an event for each iteration.,Increment a local integer inside the loop. Read the clock once before the loop and once after it.,"Do not record credentials, tokens, request or response bodies, SQL text, bind values, absolute file paths, URLs with a query, session identifiers, node identifiers, endpoint identifiers, coordinates, geometry, addresses, or catalog prices. Use allowlisted labels and coarse buckets only.",7 measured Python loops; 1 algorithms/repeated work; 4 allocations/copying
hook-diag-0007,targeted diagnostic hook,mist-ops-platform/src/shared/services/diff.py,DiffService._collect_added,loop_counter,loop.iterations_total;loop.items_total;loop.wall_ns;loop.process_cpu_ns;loop.skipped_total,"Measure the complete loop, not one iteration. Count the iterations and the produced items.",file;symbol;loop_name;result;workload_size,Record one aggregate event for each loop execution. Bucket the iteration count. Never emit an event for each iteration.,Increment a local integer inside the loop. Read the clock once before the loop and once after it.,"Do not record credentials, tokens, request or response bodies, SQL text, bind values, absolute file paths, URLs with a query, session identifiers, node identifiers, endpoint identifiers, coordinates, geometry, addresses, or catalog prices. Use allowlisted labels and coarse buckets only.",7 measured Python loops; 1 algorithms/repeated work; 4 allocations/copying
hook-diag-0008,targeted diagnostic hook,mist-ops-platform/src/shared/services/diff.py,DiffService._collect_removed,loop_counter,loop.iterations_total;loop.items_total;loop.wall_ns;loop.process_cpu_ns;loop.skipped_total,"Measure the complete loop, not one iteration. Count the iterations and the produced items.",file;symbol;loop_name;result;workload_size,Record one aggregate event for each loop execution. Bucket the iteration count. Never emit an event for each iteration.,Increment a local integer inside the loop. Read the clock once before the loop and once after it.,"Do not record credentials, tokens, request or response bodies, SQL text, bind values, absolute file paths, URLs with a query, session identifiers, node identifiers, endpoint identifiers, coordinates, geometry, addresses, or catalog prices. Use allowlisted labels and coarse buckets only.",7 measured Python loops; 1 algorithms/repeated work; 4 allocations/copying
hook-diag-0009,targeted diagnostic hook,mist-ops-platform/src/worker/checks/post_checks.py,PostCheckService._check_client_connectivity,loop_counter,loop.iterations_total;loop.items_total;loop.wall_ns;loop.process_cpu_ns;loop.skipped_total,"Measure the complete loop, not one iteration. Count the iterations and the produced items.",file;symbol;loop_name;result;workload_size,Record one aggregate event for each loop execution. Bucket the iteration count. Never emit an event for each iteration.,Increment a local integer inside the loop. Read the clock once before the loop and once after it.,"Do not record credentials, tokens, request or response bodies, SQL text, bind values, absolute file paths, URLs with a query, session identifiers, node identifiers, endpoint identifiers, coordinates, geometry, addresses, or catalog prices. Use allowlisted labels and coarse buckets only.",7 measured Python loops; 1 algorithms/repeated work; 4 allocations/copying
hook-diag-0010,targeted diagnostic hook,mist-ops-platform/src/worker/checks/pre_checks.py,PreCheckService._check_version_compat,loop_counter,loop.iterations_total;loop.items_total;loop.wall_ns;loop.process_cpu_ns;loop.skipped_total,"Measure the complete loop, not one iteration. Count the iterations and the produced items.",file;symbol;loop_name;result;workload_size,Record one aggregate event for each loop execution. Bucket the iteration count. Never emit an event for each iteration.,Increment a local integer inside the loop. Read the clock once before the loop and once after it.,"Do not record credentials, tokens, request or response bodies, SQL text, bind values, absolute file paths, URLs with a query, session identifiers, node identifiers, endpoint identifiers, coordinates, geometry, addresses, or catalog prices. Use allowlisted labels and coarse buckets only.",7 measured Python loops; 1 algorithms/repeated work; 4 allocations/copying
hook-diag-0011,targeted diagnostic hook,mist-ops-platform/src/worker/deploy/dry_run.py,DryRunValidator._estimate_blast_radius,loop_counter,loop.iterations_total;loop.items_total;loop.wall_ns;loop.process_cpu_ns;loop.skipped_total,"Measure the complete loop, not one iteration. Count the iterations and the produced items.",file;symbol;loop_name;result;workload_size,Record one aggregate event for each loop execution. Bucket the iteration count. Never emit an event for each iteration.,Increment a local integer inside the loop. Read the clock once before the loop and once after it.,"Do not record credentials, tokens, request or response bodies, SQL text, bind values, absolute file paths, URLs with a query, session identifiers, node identifiers, endpoint identifiers, coordinates, geometry, addresses, or catalog prices. Use allowlisted labels and coarse buckets only.",7 measured Python loops; 1 algorithms/repeated work; 4 allocations/copying
hook-diag-0012,targeted diagnostic hook,mist-ops-platform/src/worker/deploy/executor.py,ConfigPushExecutor.push_batch,loop_counter,loop.iterations_total;loop.items_total;loop.wall_ns;loop.process_cpu_ns;loop.skipped_total,"Measure the complete loop, not one iteration. Count the iterations and the produced items.",file;symbol;loop_name;result;workload_size,Record one aggregate event for each loop execution. Bucket the iteration count. Never emit an event for each iteration.,Increment a local integer inside the loop. Read the clock once before the loop and once after it.,"Do not record credentials, tokens, request or response bodies, SQL text, bind values, absolute file paths, URLs with a query, session identifiers, node identifiers, endpoint identifiers, coordinates, geometry, addresses, or catalog prices. Use allowlisted labels and coarse buckets only.",7 measured Python loops; 1 algorithms/repeated work; 4 allocations/copying
hook-diag-0013,targeted diagnostic hook,mist-ops-platform/src/worker/deploy/rollback.py,RollbackService._compensate,loop_counter,loop.iterations_total;loop.items_total;loop.wall_ns;loop.process_cpu_ns;loop.skipped_total,"Measure the complete loop, not one iteration. Count the iterations and the produced items.",file;symbol;loop_name;result;workload_size,Record one aggregate event for each loop execution. Bucket the iteration count. Never emit an event for each iteration.,Increment a local integer inside the loop. Read the clock once before the loop and once after it.,"Do not record credentials, tokens, request or response bodies, SQL text, bind values, absolute file paths, URLs with a query, session identifiers, node identifiers, endpoint identifiers, coordinates, geometry, addresses, or catalog prices. Use allowlisted labels and coarse buckets only.",7 measured Python loops; 1 algorithms/repeated work; 4 allocations/copying
hook-diag-0014,targeted diagnostic hook,mist-ops-platform/src/worker/deploy/rollback.py,RollbackService._push_with_saga,loop_counter,loop.iterations_total;loop.items_total;loop.wall_ns;loop.process_cpu_ns;loop.skipped_total,"Measure the complete loop, not one iteration. Count the iterations and the produced items.",file;symbol;loop_name;result;workload_size,Record one aggregate event for each loop execution. Bucket the iteration count. Never emit an event for each iteration.,Increment a local integer inside the loop. Read the clock once before the loop and once after it.,"Do not record credentials, tokens, request or response bodies, SQL text, bind values, absolute file paths, URLs with a query, session identifiers, node identifiers, endpoint identifiers, coordinates, geometry, addresses, or catalog prices. Use allowlisted labels and coarse buckets only.",7 measured Python loops; 1 algorithms/repeated work; 4 allocations/copying
hook-diag-0015,targeted diagnostic hook,mist-ops-platform/tests/unit/api/test_org_scope_dependency.py,_body_org_id_without_scope_check,loop_counter,loop.iterations_total;loop.items_total;loop.wall_ns;loop.process_cpu_ns;loop.skipped_total,"Measure the complete loop, not one iteration. Count the iterations and the produced items.",file;symbol;loop_name;result;workload_size,Record one aggregate event for each loop execution. Bucket the iteration count. Never emit an event for each iteration.,Increment a local integer inside the loop. Read the clock once before the loop and once after it.,"Do not record credentials, tokens, request or response bodies, SQL text, bind values, absolute file paths, URLs with a query, session identifiers, node identifiers, endpoint identifiers, coordinates, geometry, addresses, or catalog prices. Use allowlisted labels and coarse buckets only.",7 measured Python loops; 1 algorithms/repeated work; 4 allocations/copying
hook-diag-0016,targeted diagnostic hook,mist-ops-platform/tests/unit/api/test_org_scope_dependency.py,_get_route_handlers_without_auth,loop_counter,loop.iterations_total;loop.items_total;loop.wall_ns;loop.process_cpu_ns;loop.skipped_total,"Measure the complete loop, not one iteration. Count the iterations and the produced items.",file;symbol;loop_name;result;workload_size,Record one aggregate event for each loop execution. Bucket the iteration count. Never emit an event for each iteration.,Increment a local integer inside the loop. Read the clock once before the loop and once after it.,"Do not record credentials, tokens, request or response bodies, SQL text, bind values, absolute file paths, URLs with a query, session identifiers, node identifiers, endpoint identifiers, coordinates, geometry, addresses, or catalog prices. Use allowlisted labels and coarse buckets only.",7 measured Python loops; 1 algorithms/repeated work; 4 allocations/copying
hook-diag-0017,targeted diagnostic hook,mist-ops-platform/tests/unit/api/test_org_scope_dependency.py,_has_auth_dependency,loop_counter,loop.iterations_total;loop.items_total;loop.wall_ns;loop.process_cpu_ns;loop.skipped_total,"Measure the complete loop, not one iteration. Count the iterations and the produced items.",file;symbol;loop_name;result;workload_size,Record one aggregate event for each loop execution. Bucket the iteration count. Never emit an event for each iteration.,Increment a local integer inside the loop. Read the clock once before the loop and once after it.,"Do not record credentials, tokens, request or response bodies, SQL text, bind values, absolute file paths, URLs with a query, session identifiers, node identifiers, endpoint identifiers, coordinates, geometry, addresses, or catalog prices. Use allowlisted labels and coarse buckets only.",7 measured Python loops; 1 algorithms/repeated work; 4 allocations/copying
hook-diag-0018,targeted diagnostic hook,mist-ops-platform/tests/unit/api/test_write_route_authentication.py,_declares_auth_dependency,loop_counter,loop.iterations_total;loop.items_total;loop.wall_ns;loop.process_cpu_ns;loop.skipped_total,"Measure the complete loop, not one iteration. Count the iterations and the produced items.",file;symbol;loop_name;result;workload_size,Record one aggregate event for each loop execution. Bucket the iteration count. Never emit an event for each iteration.,Increment a local integer inside the loop. Read the clock once before the loop and once after it.,"Do not record credentials, tokens, request or response bodies, SQL text, bind values, absolute file paths, URLs with a query, session identifiers, node identifiers, endpoint identifiers, coordinates, geometry, addresses, or catalog prices. Use allowlisted labels and coarse buckets only.",7 measured Python loops; 1 algorithms/repeated work; 4 allocations/copying
hook-diag-0019,targeted diagnostic hook,mist-ops-platform/tests/unit/mist/test_consumer_registry_usage.py,TestAuthUsesRegistry.test_fetch_self_calls_self_identity,loop_counter,loop.iterations_total;loop.items_total;loop.wall_ns;loop.process_cpu_ns;loop.skipped_total,"Measure the complete loop, not one iteration. Count the iterations and the produced items.",file;symbol;loop_name;result;workload_size,Record one aggregate event for each loop execution. Bucket the iteration count. Never emit an event for each iteration.,Increment a local integer inside the loop. Read the clock once before the loop and once after it.,"Do not record credentials, tokens, request or response bodies, SQL text, bind values, absolute file paths, URLs with a query, session identifiers, node identifiers, endpoint identifiers, coordinates, geometry, addresses, or catalog prices. Use allowlisted labels and coarse buckets only.",7 measured Python loops; 1 algorithms/repeated work; 4 allocations/copying
hook-diag-0020,targeted diagnostic hook,mist-ops-platform/tests/unit/mist/test_final_sdk_verification.py,TestFinalSDKVerification.test_entity_resolves_complete,loop_counter,loop.iterations_total;loop.items_total;loop.wall_ns;loop.process_cpu_ns;loop.skipped_total,"Measure the complete loop, not one iteration. Count the iterations and the produced items.",file;symbol;loop_name;result;workload_size,Record one aggregate event for each loop execution. Bucket the iteration count. Never emit an event for each iteration.,Increment a local integer inside the loop. Read the clock once before the loop and once after it.,"Do not record credentials, tokens, request or response bodies, SQL text, bind values, absolute file paths, URLs with a query, session identifiers, node identifiers, endpoint identifiers, coordinates, geometry, addresses, or catalog prices. Use allowlisted labels and coarse buckets only.",7 measured Python loops; 1 algorithms/repeated work; 4 allocations/copying
hook-diag-0021,targeted diagnostic hook,mist-ops-platform/tests/unit/shared/test_redis_timeouts.py,TestEveryCallSitePassesTheLimits.test_from_url_receives_the_timeout_kwargs,loop_counter,loop.iterations_total;loop.items_total;loop.wall_ns;loop.process_cpu_ns;loop.skipped_total,"Measure the complete loop, not one iteration. Count the iterations and the produced items.",file;symbol;loop_name;result;workload_size,Record one aggregate event for each loop execution. Bucket the iteration count. Never emit an event for each iteration.,Increment a local integer inside the loop. Read the clock once before the loop and once after it.,"Do not record credentials, tokens, request or response bodies, SQL text, bind values, absolute file paths, URLs with a query, session identifiers, node identifiers, endpoint identifiers, coordinates, geometry, addresses, or catalog prices. Use allowlisted labels and coarse buckets only.",7 measured Python loops; 1 algorithms/repeated work; 4 allocations/copying
hook-diag-0022,targeted diagnostic hook,mist-ops-platform/tests/unit/worker/test_sync_task_engine_disposal.py,sync_tasks,loop_counter,loop.iterations_total;loop.items_total;loop.wall_ns;loop.process_cpu_ns;loop.skipped_total,"Measure the complete loop, not one iteration. Count the iterations and the produced items.",file;symbol;loop_name;result;workload_size,Record one aggregate event for each loop execution. Bucket the iteration count. Never emit an event for each iteration.,Increment a local integer inside the loop. Read the clock once before the loop and once after it.,"Do not record credentials, tokens, request or response bodies, SQL text, bind values, absolute file paths, URLs with a query, session identifiers, node identifiers, endpoint identifiers, coordinates, geometry, addresses, or catalog prices. Use allowlisted labels and coarse buckets only.",7 measured Python loops; 1 algorithms/repeated work; 4 allocations/copying
hook-diag-0023,targeted diagnostic hook,mist-ops-platform/tests/unit/worker/test_task_engine_disposal.py,ops_modules,loop_counter,loop.iterations_total;loop.items_total;loop.wall_ns;loop.process_cpu_ns;loop.skipped_total,"Measure the complete loop, not one iteration. Count the iterations and the produced items.",file;symbol;loop_name;result;workload_size,Record one aggregate event for each loop execution. Bucket the iteration count. Never emit an event for each iteration.,Increment a local integer inside the loop. Read the clock once before the loop and once after it.,"Do not record credentials, tokens, request or response bodies, SQL text, bind values, absolute file paths, URLs with a query, session identifiers, node identifiers, endpoint identifiers, coordinates, geometry, addresses, or catalog prices. Use allowlisted labels and coarse buckets only.",7 measured Python loops; 1 algorithms/repeated work; 4 allocations/copying
hook-diag-0024,targeted diagnostic hook,scripts/_migrate_viewer_wave.py,_method_signature,loop_counter,loop.iterations_total;loop.items_total;loop.wall_ns;loop.process_cpu_ns;loop.skipped_total,"Measure the complete loop, not one iteration. Count the iterations and the produced items.",file;symbol;loop_name;result;workload_size,Record one aggregate event for each loop execution. Bucket the iteration count. Never emit an event for each iteration.,Increment a local integer inside the loop. Read the clock once before the loop and once after it.,"Do not record credentials, tokens, request or response bodies, SQL text, bind values, absolute file paths, URLs with a query, session identifiers, node identifiers, endpoint identifiers, coordinates, geometry, addresses, or catalog prices. Use allowlisted labels and coarse buckets only.",7 measured Python loops; 1 algorithms/repeated work; 4 allocations/copying
hook-diag-0025,targeted diagnostic hook,scripts/_migrate_viewer_wave.py,do_wave,allocation_trace,mem.traced_current_bytes;mem.traced_peak_bytes;mem.blocks_total;mem.top_sites_json,Take a tracemalloc snapshot before and after the measured build. Report traced Python bytes only.,file;symbol;workload_name;workload_size;state,Run only in a bounded diagnostic session. Do not enable tracemalloc in normal service operation.,Start and stop tracing in one bounded session. Measure timing in a separate run without tracing.,"Do not record credentials, tokens, request or response bodies, SQL text, bind values, absolute file paths, URLs with a query, session identifiers, node identifiers, endpoint identifiers, coordinates, geometry, addresses, or catalog prices. Use allowlisted labels and coarse buckets only.",4 allocations/copying; 3 data structures; 8 object layout/GC
hook-diag-0026,targeted diagnostic hook,scripts/analyze_marvis_pcap.py,summarize,allocation_trace,mem.traced_current_bytes;mem.traced_peak_bytes;mem.blocks_total;mem.top_sites_json,Take a tracemalloc snapshot before and after the measured build. Report traced Python bytes only.,file;symbol;workload_name;workload_size;state,Run only in a bounded diagnostic session. Do not enable tracemalloc in normal service operation.,Start and stop tracing in one bounded session. Measure timing in a separate run without tracing.,"Do not record credentials, tokens, request or response bodies, SQL text, bind values, absolute file paths, URLs with a query, session identifiers, node identifiers, endpoint identifiers, coordinates, geometry, addresses, or catalog prices. Use allowlisted labels and coarse buckets only.",4 allocations/copying; 3 data structures; 8 object layout/GC
hook-diag-0027,targeted diagnostic hook,scripts/build_zen_city_metadata.py,attach_city_metadata,allocation_trace,mem.traced_current_bytes;mem.traced_peak_bytes;mem.blocks_total;mem.top_sites_json,Take a tracemalloc snapshot before and after the measured build. Report traced Python bytes only.,file;symbol;workload_name;workload_size;state,Run only in a bounded diagnostic session. Do not enable tracemalloc in normal service operation.,Start and stop tracing in one bounded session. Measure timing in a separate run without tracing.,"Do not record credentials, tokens, request or response bodies, SQL text, bind values, absolute file paths, URLs with a query, session identifiers, node identifiers, endpoint identifiers, coordinates, geometry, addresses, or catalog prices. Use allowlisted labels and coarse buckets only.",4 allocations/copying; 3 data structures; 8 object layout/GC
hook-diag-0028,targeted diagnostic hook,scripts/check_top5_complexity.py,main,loop_counter,loop.iterations_total;loop.items_total;loop.wall_ns;loop.process_cpu_ns;loop.skipped_total,"Measure the complete loop, not one iteration. Count the iterations and the produced items.",file;symbol;loop_name;result;workload_size,Record one aggregate event for each loop execution. Bucket the iteration count. Never emit an event for each iteration.,Increment a local integer inside the loop. Read the clock once before the loop and once after it.,"Do not record credentials, tokens, request or response bodies, SQL text, bind values, absolute file paths, URLs with a query, session identifiers, node identifiers, endpoint identifiers, coordinates, geometry, addresses, or catalog prices. Use allowlisted labels and coarse buckets only.",7 measured Python loops; 1 algorithms/repeated work; 4 allocations/copying
hook-diag-0029,targeted diagnostic hook,scripts/cleanup_merged_worktrees.py,force_rmtree,loop_counter,loop.iterations_total;loop.items_total;loop.wall_ns;loop.process_cpu_ns;loop.skipped_total,"Measure the complete loop, not one iteration. Count the iterations and the produced items.",file;symbol;loop_name;result;workload_size,Record one aggregate event for each loop execution. Bucket the iteration count. Never emit an event for each iteration.,Increment a local integer inside the loop. Read the clock once before the loop and once after it.,"Do not record credentials, tokens, request or response bodies, SQL text, bind values, absolute file paths, URLs with a query, session identifiers, node identifiers, endpoint identifiers, coordinates, geometry, addresses, or catalog prices. Use allowlisted labels and coarse buckets only.",7 measured Python loops; 1 algorithms/repeated work; 4 allocations/copying
hook-diag-0030,targeted diagnostic hook,scripts/cleanup_merged_worktrees.py,main,loop_counter,loop.iterations_total;loop.items_total;loop.wall_ns;loop.process_cpu_ns;loop.skipped_total,"Measure the complete loop, not one iteration. Count the iterations and the produced items.",file;symbol;loop_name;result;workload_size,Record one aggregate event for each loop execution. Bucket the iteration count. Never emit an event for each iteration.,Increment a local integer inside the loop. Read the clock once before the loop and once after it.,"Do not record credentials, tokens, request or response bodies, SQL text, bind values, absolute file paths, URLs with a query, session identifiers, node identifiers, endpoint identifiers, coordinates, geometry, addresses, or catalog prices. Use allowlisted labels and coarse buckets only.",7 measured Python loops; 1 algorithms/repeated work; 4 allocations/copying
hook-diag-0031,targeted diagnostic hook,scripts/codeql_verdict_register.py,RegisterReconciler.compare,loop_counter,loop.iterations_total;loop.items_total;loop.wall_ns;loop.process_cpu_ns;loop.skipped_total,"Measure the complete loop, not one iteration. Count the iterations and the produced items.",file;symbol;loop_name;result;workload_size,Record one aggregate event for each loop execution. Bucket the iteration count. Never emit an event for each iteration.,Increment a local integer inside the loop. Read the clock once before the loop and once after it.,"Do not record credentials, tokens, request or response bodies, SQL text, bind values, absolute file paths, URLs with a query, session identifiers, node identifiers, endpoint identifiers, coordinates, geometry, addresses, or catalog prices. Use allowlisted labels and coarse buckets only.",7 measured Python loops; 1 algorithms/repeated work; 4 allocations/copying
hook-diag-0032,targeted diagnostic hook,scripts/codeql_verdict_register.py,RegisterReconciler.parse,loop_counter,loop.iterations_total;loop.items_total;loop.wall_ns;loop.process_cpu_ns;loop.skipped_total,"Measure the complete loop, not one iteration. Count the iterations and the produced items.",file;symbol;loop_name;result;workload_size,Record one aggregate event for each loop execution. Bucket the iteration count. Never emit an event for each iteration.,Increment a local integer inside the loop. Read the clock once before the loop and once after it.,"Do not record credentials, tokens, request or response bodies, SQL text, bind values, absolute file paths, URLs with a query, session identifiers, node identifiers, endpoint identifiers, coordinates, geometry, addresses, or catalog prices. Use allowlisted labels and coarse buckets only.",7 measured Python loops; 1 algorithms/repeated work; 4 allocations/copying
hook-diag-0033,targeted diagnostic hook,scripts/codeql_verdict_register.py,RegisterWriter._summary,loop_counter,loop.iterations_total;loop.items_total;loop.wall_ns;loop.process_cpu_ns;loop.skipped_total,"Measure the complete loop, not one iteration. Count the iterations and the produced items.",file;symbol;loop_name;result;workload_size,Record one aggregate event for each loop execution. Bucket the iteration count. Never emit an event for each iteration.,Increment a local integer inside the loop. Read the clock once before the loop and once after it.,"Do not record credentials, tokens, request or response bodies, SQL text, bind values, absolute file paths, URLs with a query, session identifiers, node identifiers, endpoint identifiers, coordinates, geometry, addresses, or catalog prices. Use allowlisted labels and coarse buckets only.",7 measured Python loops; 1 algorithms/repeated work; 4 allocations/copying
hook-diag-0034,targeted diagnostic hook,scripts/extract_page_strings.py,main,loop_counter,loop.iterations_total;loop.items_total;loop.wall_ns;loop.process_cpu_ns;loop.skipped_total,"Measure the complete loop, not one iteration. Count the iterations and the produced items.",file;symbol;loop_name;result;workload_size,Record one aggregate event for each loop execution. Bucket the iteration count. Never emit an event for each iteration.,Increment a local integer inside the loop. Read the clock once before the loop and once after it.,"Do not record credentials, tokens, request or response bodies, SQL text, bind values, absolute file paths, URLs with a query, session identifiers, node identifiers, endpoint identifiers, coordinates, geometry, addresses, or catalog prices. Use allowlisted labels and coarse buckets only.",7 measured Python loops; 1 algorithms/repeated work; 4 allocations/copying
hook-diag-0035,targeted diagnostic hook,scripts/generate_api_docs.py,SchemaResolver._resolve_node,loop_counter,loop.iterations_total;loop.items_total;loop.wall_ns;loop.process_cpu_ns;loop.skipped_total,"Measure the complete loop, not one iteration. Count the iterations and the produced items.",file;symbol;loop_name;result;workload_size,Record one aggregate event for each loop execution. Bucket the iteration count. Never emit an event for each iteration.,Increment a local integer inside the loop. Read the clock once before the loop and once after it.,"Do not record credentials, tokens, request or response bodies, SQL text, bind values, absolute file paths, URLs with a query, session identifiers, node identifiers, endpoint identifiers, coordinates, geometry, addresses, or catalog prices. Use allowlisted labels and coarse buckets only.",7 measured Python loops; 1 algorithms/repeated work; 4 allocations/copying
hook-diag-0036,targeted diagnostic hook,scripts/generate_api_docs.py,SpecParser._extract_operations,loop_counter,loop.iterations_total;loop.items_total;loop.wall_ns;loop.process_cpu_ns;loop.skipped_total,"Measure the complete loop, not one iteration. Count the iterations and the produced items.",file;symbol;loop_name;result;workload_size,Record one aggregate event for each loop execution. Bucket the iteration count. Never emit an event for each iteration.,Increment a local integer inside the loop. Read the clock once before the loop and once after it.,"Do not record credentials, tokens, request or response bodies, SQL text, bind values, absolute file paths, URLs with a query, session identifiers, node identifiers, endpoint identifiers, coordinates, geometry, addresses, or catalog prices. Use allowlisted labels and coarse buckets only.",7 measured Python loops; 1 algorithms/repeated work; 4 allocations/copying
hook-diag-0037,targeted diagnostic hook,scripts/generate_api_docs.py,main,loop_counter,loop.iterations_total;loop.items_total;loop.wall_ns;loop.process_cpu_ns;loop.skipped_total,"Measure the complete loop, not one iteration. Count the iterations and the produced items.",file;symbol;loop_name;result;workload_size,Record one aggregate event for each loop execution. Bucket the iteration count. Never emit an event for each iteration.,Increment a local integer inside the loop. Read the clock once before the loop and once after it.,"Do not record credentials, tokens, request or response bodies, SQL text, bind values, absolute file paths, URLs with a query, session identifiers, node identifiers, endpoint identifiers, coordinates, geometry, addresses, or catalog prices. Use allowlisted labels and coarse buckets only.",7 measured Python loops; 1 algorithms/repeated work; 4 allocations/copying
hook-diag-0038,targeted diagnostic hook,scripts/generate_menu_wiki.py,WikiMenuReferenceGenerator.build_categories,loop_counter,loop.iterations_total;loop.items_total;loop.wall_ns;loop.process_cpu_ns;loop.skipped_total,"Measure the complete loop, not one iteration. Count the iterations and the produced items.",file;symbol;loop_name;result;workload_size,Record one aggregate event for each loop execution. Bucket the iteration count. Never emit an event for each iteration.,Increment a local integer inside the loop. Read the clock once before the loop and once after it.,"Do not record credentials, tokens, request or response bodies, SQL text, bind values, absolute file paths, URLs with a query, session identifiers, node identifiers, endpoint identifiers, coordinates, geometry, addresses, or catalog prices. Use allowlisted labels and coarse buckets only.",7 measured Python loops; 1 algorithms/repeated work; 4 allocations/copying
hook-diag-0039,targeted diagnostic hook,scripts/generate_menu_wiki.py,WikiMenuReferenceGenerator.find_menu_actions,loop_counter,loop.iterations_total;loop.items_total;loop.wall_ns;loop.process_cpu_ns;loop.skipped_total,"Measure the complete loop, not one iteration. Count the iterations and the produced items.",file;symbol;loop_name;result;workload_size,Record one aggregate event for each loop execution. Bucket the iteration count. Never emit an event for each iteration.,Increment a local integer inside the loop. Read the clock once before the loop and once after it.,"Do not record credentials, tokens, request or response bodies, SQL text, bind values, absolute file paths, URLs with a query, session identifiers, node identifiers, endpoint identifiers, coordinates, geometry, addresses, or catalog prices. Use allowlisted labels and coarse buckets only.",7 measured Python loops; 1 algorithms/repeated work; 4 allocations/copying
hook-diag-0040,targeted diagnostic hook,scripts/generate_menu_wiki.py,WikiMenuReferenceGenerator.render_markdown,loop_counter,loop.iterations_total;loop.items_total;loop.wall_ns;loop.process_cpu_ns;loop.skipped_total,"Measure the complete loop, not one iteration. Count the iterations and the produced items.",file;symbol;loop_name;result;workload_size,Record one aggregate event for each loop execution. Bucket the iteration count. Never emit an event for each iteration.,Increment a local integer inside the loop. Read the clock once before the loop and once after it.,"Do not record credentials, tokens, request or response bodies, SQL text, bind values, absolute file paths, URLs with a query, session identifiers, node identifiers, endpoint identifiers, coordinates, geometry, addresses, or catalog prices. Use allowlisted labels and coarse buckets only.",7 measured Python loops; 1 algorithms/repeated work; 4 allocations/copying
hook-diag-0041,targeted diagnostic hook,scripts/lint_diagram_refs.py,DiagramReferenceValidator._extract_class_diagram_ids,loop_counter,loop.iterations_total;loop.items_total;loop.wall_ns;loop.process_cpu_ns;loop.skipped_total,"Measure the complete loop, not one iteration. Count the iterations and the produced items.",file;symbol;loop_name;result;workload_size,Record one aggregate event for each loop execution. Bucket the iteration count. Never emit an event for each iteration.,Increment a local integer inside the loop. Read the clock once before the loop and once after it.,"Do not record credentials, tokens, request or response bodies, SQL text, bind values, absolute file paths, URLs with a query, session identifiers, node identifiers, endpoint identifiers, coordinates, geometry, addresses, or catalog prices. Use allowlisted labels and coarse buckets only.",7 measured Python loops; 1 algorithms/repeated work; 4 allocations/copying
hook-diag-0042,targeted diagnostic hook,scripts/lint_diagram_refs.py,DiagramReferenceValidator._extract_sequence_ids,loop_counter,loop.iterations_total;loop.items_total;loop.wall_ns;loop.process_cpu_ns;loop.skipped_total,"Measure the complete loop, not one iteration. Count the iterations and the produced items.",file;symbol;loop_name;result;workload_size,Record one aggregate event for each loop execution. Bucket the iteration count. Never emit an event for each iteration.,Increment a local integer inside the loop. Read the clock once before the loop and once after it.,"Do not record credentials, tokens, request or response bodies, SQL text, bind values, absolute file paths, URLs with a query, session identifiers, node identifiers, endpoint identifiers, coordinates, geometry, addresses, or catalog prices. Use allowlisted labels and coarse buckets only.",7 measured Python loops; 1 algorithms/repeated work; 4 allocations/copying
hook-diag-0043,targeted diagnostic hook,scripts/lint_diagram_refs.py,DiagramReferenceValidator.run,loop_counter,loop.iterations_total;loop.items_total;loop.wall_ns;loop.process_cpu_ns;loop.skipped_total,"Measure the complete loop, not one iteration. Count the iterations and the produced items.",file;symbol;loop_name;result;workload_size,Record one aggregate event for each loop execution. Bucket the iteration count. Never emit an event for each iteration.,Increment a local integer inside the loop. Read the clock once before the loop and once after it.,"Do not record credentials, tokens, request or response bodies, SQL text, bind values, absolute file paths, URLs with a query, session identifiers, node identifiers, endpoint identifiers, coordinates, geometry, addresses, or catalog prices. Use allowlisted labels and coarse buckets only.",7 measured Python loops; 1 algorithms/repeated work; 4 allocations/copying
hook-diag-0044,targeted diagnostic hook,scripts/menu_regroup.py,remap_wave1_routing_baseline,loop_counter,loop.iterations_total;loop.items_total;loop.wall_ns;loop.process_cpu_ns;loop.skipped_total,"Measure the complete loop, not one iteration. Count the iterations and the produced items.",file;symbol;loop_name;result;workload_size,Record one aggregate event for each loop execution. Bucket the iteration count. Never emit an event for each iteration.,Increment a local integer inside the loop. Read the clock once before the loop and once after it.,"Do not record credentials, tokens, request or response bodies, SQL text, bind values, absolute file paths, URLs with a query, session identifiers, node identifiers, endpoint identifiers, coordinates, geometry, addresses, or catalog prices. Use allowlisted labels and coarse buckets only.",7 measured Python loops; 1 algorithms/repeated work; 4 allocations/copying
hook-diag-0045,targeted diagnostic hook,scripts/menu_regroup.py,remap_wave1_safety_baseline,loop_counter,loop.iterations_total;loop.items_total;loop.wall_ns;loop.process_cpu_ns;loop.skipped_total,"Measure the complete loop, not one iteration. Count the iterations and the produced items.",file;symbol;loop_name;result;workload_size,Record one aggregate event for each loop execution. Bucket the iteration count. Never emit an event for each iteration.,Increment a local integer inside the loop. Read the clock once before the loop and once after it.,"Do not record credentials, tokens, request or response bodies, SQL text, bind values, absolute file paths, URLs with a query, session identifiers, node identifiers, endpoint identifiers, coordinates, geometry, addresses, or catalog prices. Use allowlisted labels and coarse buckets only.",7 measured Python loops; 1 algorithms/repeated work; 4 allocations/copying
hook-diag-0046,targeted diagnostic hook,scripts/menu_regroup.py,run_migration,allocation_trace,mem.traced_current_bytes;mem.traced_peak_bytes;mem.blocks_total;mem.top_sites_json,Take a tracemalloc snapshot before and after the measured build. Report traced Python bytes only.,file;symbol;workload_name;workload_size;state,Run only in a bounded diagnostic session. Do not enable tracemalloc in normal service operation.,Start and stop tracing in one bounded session. Measure timing in a separate run without tracing.,"Do not record credentials, tokens, request or response bodies, SQL text, bind values, absolute file paths, URLs with a query, session identifiers, node identifiers, endpoint identifiers, coordinates, geometry, addresses, or catalog prices. Use allowlisted labels and coarse buckets only.",4 allocations/copying; 3 data structures; 8 object layout/GC
hook-diag-0047,targeted diagnostic hook,scripts/mist_ideas_analyzer_pkg/__init__.py,ApiIndexBuilder._build_from_spec,loop_counter,loop.iterations_total;loop.items_total;loop.wall_ns;loop.process_cpu_ns;loop.skipped_total,"Measure the complete loop, not one iteration. Count the iterations and the produced items.",file;symbol;loop_name;result;workload_size,Record one aggregate event for each loop execution. Bucket the iteration count. Never emit an event for each iteration.,Increment a local integer inside the loop. Read the clock once before the loop and once after it.,"Do not record credentials, tokens, request or response bodies, SQL text, bind values, absolute file paths, URLs with a query, session identifiers, node identifiers, endpoint identifiers, coordinates, geometry, addresses, or catalog prices. Use allowlisted labels and coarse buckets only.",7 measured Python loops; 1 algorithms/repeated work; 4 allocations/copying
hook-diag-0048,targeted diagnostic hook,scripts/mist_ideas_analyzer_pkg/__init__.py,_run_fleet_batch,allocation_trace,mem.traced_current_bytes;mem.traced_peak_bytes;mem.blocks_total;mem.top_sites_json,Take a tracemalloc snapshot before and after the measured build. Report traced Python bytes only.,file;symbol;workload_name;workload_size;state,Run only in a bounded diagnostic session. Do not enable tracemalloc in normal service operation.,Start and stop tracing in one bounded session. Measure timing in a separate run without tracing.,"Do not record credentials, tokens, request or response bodies, SQL text, bind values, absolute file paths, URLs with a query, session identifiers, node identifiers, endpoint identifiers, coordinates, geometry, addresses, or catalog prices. Use allowlisted labels and coarse buckets only.",4 allocations/copying; 3 data structures; 8 object layout/GC
hook-diag-0049,targeted diagnostic hook,scripts/mist_ideas_analyzer_pkg/__init__.py,main,loop_counter,loop.iterations_total;loop.items_total;loop.wall_ns;loop.process_cpu_ns;loop.skipped_total,"Measure the complete loop, not one iteration. Count the iterations and the produced items.",file;symbol;loop_name;result;workload_size,Record one aggregate event for each loop execution. Bucket the iteration count. Never emit an event for each iteration.,Increment a local integer inside the loop. Read the clock once before the loop and once after it.,"Do not record credentials, tokens, request or response bodies, SQL text, bind values, absolute file paths, URLs with a query, session identifiers, node identifiers, endpoint identifiers, coordinates, geometry, addresses, or catalog prices. Use allowlisted labels and coarse buckets only.",7 measured Python loops; 1 algorithms/repeated work; 4 allocations/copying
hook-diag-0050,targeted diagnostic hook,scripts/mist_ideas_distiller_v2_pkg/__init__.py,CrossThemeConsolidator._process_batch,loop_counter,loop.iterations_total;loop.items_total;loop.wall_ns;loop.process_cpu_ns;loop.skipped_total,"Measure the complete loop, not one iteration. Count the iterations and the produced items.",file;symbol;loop_name;result;workload_size,Record one aggregate event for each loop execution. Bucket the iteration count. Never emit an event for each iteration.,Increment a local integer inside the loop. Read the clock once before the loop and once after it.,"Do not record credentials, tokens, request or response bodies, SQL text, bind values, absolute file paths, URLs with a query, session identifiers, node identifiers, endpoint identifiers, coordinates, geometry, addresses, or catalog prices. Use allowlisted labels and coarse buckets only.",7 measured Python loops; 1 algorithms/repeated work; 4 allocations/copying
hook-diag-0051,targeted diagnostic hook,scripts/mist_ideas_distiller_v2_pkg/__init__.py,FleetRunner.run_all,loop_counter,loop.iterations_total;loop.items_total;loop.wall_ns;loop.process_cpu_ns;loop.skipped_total,"Measure the complete loop, not one iteration. Count the iterations and the produced items.",file;symbol;loop_name;result;workload_size,Record one aggregate event for each loop execution. Bucket the iteration count. Never emit an event for each iteration.,Increment a local integer inside the loop. Read the clock once before the loop and once after it.,"Do not record credentials, tokens, request or response bodies, SQL text, bind values, absolute file paths, URLs with a query, session identifiers, node identifiers, endpoint identifiers, coordinates, geometry, addresses, or catalog prices. Use allowlisted labels and coarse buckets only.",7 measured Python loops; 1 algorithms/repeated work; 4 allocations/copying
hook-diag-0052,targeted diagnostic hook,scripts/mist_ideas_distiller_v2_pkg/__init__.py,StackRanker.rank,loop_counter,loop.iterations_total;loop.items_total;loop.wall_ns;loop.process_cpu_ns;loop.skipped_total,"Measure the complete loop, not one iteration. Count the iterations and the produced items.",file;symbol;loop_name;result;workload_size,Record one aggregate event for each loop execution. Bucket the iteration count. Never emit an event for each iteration.,Increment a local integer inside the loop. Read the clock once before the loop and once after it.,"Do not record credentials, tokens, request or response bodies, SQL text, bind values, absolute file paths, URLs with a query, session identifiers, node identifiers, endpoint identifiers, coordinates, geometry, addresses, or catalog prices. Use allowlisted labels and coarse buckets only.",7 measured Python loops; 1 algorithms/repeated work; 4 allocations/copying
hook-diag-0053,targeted diagnostic hook,scripts/mist_ideas_scraper_ssr.py,MistIdeasSSRScraper.parse_idea,loop_counter,loop.iterations_total;loop.items_total;loop.wall_ns;loop.process_cpu_ns;loop.skipped_total,"Measure the complete loop, not one iteration. Count the iterations and the produced items.",file;symbol;loop_name;result;workload_size,Record one aggregate event for each loop execution. Bucket the iteration count. Never emit an event for each iteration.,Increment a local integer inside the loop. Read the clock once before the loop and once after it.,"Do not record credentials, tokens, request or response bodies, SQL text, bind values, absolute file paths, URLs with a query, session identifiers, node identifiers, endpoint identifiers, coordinates, geometry, addresses, or catalog prices. Use allowlisted labels and coarse buckets only.",7 measured Python loops; 1 algorithms/repeated work; 4 allocations/copying
hook-diag-0054,targeted diagnostic hook,scripts/probe_pk_strategy.py,_dry_run_classify,loop_counter,loop.iterations_total;loop.items_total;loop.wall_ns;loop.process_cpu_ns;loop.skipped_total,"Measure the complete loop, not one iteration. Count the iterations and the produced items.",file;symbol;loop_name;result;workload_size,Record one aggregate event for each loop execution. Bucket the iteration count. Never emit an event for each iteration.,Increment a local integer inside the loop. Read the clock once before the loop and once after it.,"Do not record credentials, tokens, request or response bodies, SQL text, bind values, absolute file paths, URLs with a query, session identifiers, node identifiers, endpoint identifiers, coordinates, geometry, addresses, or catalog prices. Use allowlisted labels and coarse buckets only.",7 measured Python loops; 1 algorithms/repeated work; 4 allocations/copying
hook-diag-0055,targeted diagnostic hook,scripts/probe_pk_strategy.py,_load_op_ids_from_args,compute_span,compute.wall_ns;compute.process_cpu_ns;compute.items_total;compute.iterations_total;compute.errors_total,Measure the solver or calculation from its validated input through its returned result. Keep database and transport time outside this span.,file;symbol;algorithm;result;workload_size,Record the outer call only. Bucket the input size. Do not time each iteration of an inner loop.,Use one outer timer pair. Use cProfile or a supported sampler for the per-function split in a separate diagnostic run.,"Do not record credentials, tokens, request or response bodies, SQL text, bind values, absolute file paths, URLs with a query, session identifiers, node identifiers, endpoint identifiers, coordinates, geometry, addresses, or catalog prices. Use allowlisted labels and coarse buckets only.",1 algorithms/repeated work; 3 data structures; 7 measured Python loops
hook-diag-0056,targeted diagnostic hook,scripts/probe_pk_strategy.py,main,allocation_trace,mem.traced_current_bytes;mem.traced_peak_bytes;mem.blocks_total;mem.top_sites_json,Take a tracemalloc snapshot before and after the measured build. Report traced Python bytes only.,file;symbol;workload_name;workload_size;state,Run only in a bounded diagnostic session. Do not enable tracemalloc in normal service operation.,Start and stop tracing in one bounded session. Measure timing in a separate run without tracing.,"Do not record credentials, tokens, request or response bodies, SQL text, bind values, absolute file paths, URLs with a query, session identifiers, node identifiers, endpoint identifiers, coordinates, geometry, addresses, or catalog prices. Use allowlisted labels and coarse buckets only.",4 allocations/copying; 3 data structures; 8 object layout/GC
hook-diag-0057,targeted diagnostic hook,scripts/probe_zscaler_endpoints.py,_render_section,loop_counter,loop.iterations_total;loop.items_total;loop.wall_ns;loop.process_cpu_ns;loop.skipped_total,"Measure the complete loop, not one iteration. Count the iterations and the produced items.",file;symbol;loop_name;result;workload_size,Record one aggregate event for each loop execution. Bucket the iteration count. Never emit an event for each iteration.,Increment a local integer inside the loop. Read the clock once before the loop and once after it.,"Do not record credentials, tokens, request or response bodies, SQL text, bind values, absolute file paths, URLs with a query, session identifiers, node identifiers, endpoint identifiers, coordinates, geometry, addresses, or catalog prices. Use allowlisted labels and coarse buckets only.",7 measured Python loops; 1 algorithms/repeated work; 4 allocations/copying
hook-diag-0058,targeted diagnostic hook,scripts/replace_zone.py,main,loop_counter,loop.iterations_total;loop.items_total;loop.wall_ns;loop.process_cpu_ns;loop.skipped_total,"Measure the complete loop, not one iteration. Count the iterations and the produced items.",file;symbol;loop_name;result;workload_size,Record one aggregate event for each loop execution. Bucket the iteration count. Never emit an event for each iteration.,Increment a local integer inside the loop. Read the clock once before the loop and once after it.,"Do not record credentials, tokens, request or response bodies, SQL text, bind values, absolute file paths, URLs with a query, session identifiers, node identifiers, endpoint identifiers, coordinates, geometry, addresses, or catalog prices. Use allowlisted labels and coarse buckets only.",7 measured Python loops; 1 algorithms/repeated work; 4 allocations/copying
hook-diag-0059,targeted diagnostic hook,scripts/report_stranded_branches.py,StrandedBranchReporter.find,loop_counter,loop.iterations_total;loop.items_total;loop.wall_ns;loop.process_cpu_ns;loop.skipped_total,"Measure the complete loop, not one iteration. Count the iterations and the produced items.",file;symbol;loop_name;result;workload_size,Record one aggregate event for each loop execution. Bucket the iteration count. Never emit an event for each iteration.,Increment a local integer inside the loop. Read the clock once before the loop and once after it.,"Do not record credentials, tokens, request or response bodies, SQL text, bind values, absolute file paths, URLs with a query, session identifiers, node identifiers, endpoint identifiers, coordinates, geometry, addresses, or catalog prices. Use allowlisted labels and coarse buckets only.",7 measured Python loops; 1 algorithms/repeated work; 4 allocations/copying
hook-diag-0060,targeted diagnostic hook,scripts/report_stranded_branches.py,StrandedBranchReporter.render,loop_counter,loop.iterations_total;loop.items_total;loop.wall_ns;loop.process_cpu_ns;loop.skipped_total,"Measure the complete loop, not one iteration. Count the iterations and the produced items.",file;symbol;loop_name;result;workload_size,Record one aggregate event for each loop execution. Bucket the iteration count. Never emit an event for each iteration.,Increment a local integer inside the loop. Read the clock once before the loop and once after it.,"Do not record credentials, tokens, request or response bodies, SQL text, bind values, absolute file paths, URLs with a query, session identifiers, node identifiers, endpoint identifiers, coordinates, geometry, addresses, or catalog prices. Use allowlisted labels and coarse buckets only.",7 measured Python loops; 1 algorithms/repeated work; 4 allocations/copying
hook-diag-0061,targeted diagnostic hook,scripts/scrape_mist_ideas_test.py,test_idea_page,compute_span,compute.wall_ns;compute.process_cpu_ns;compute.items_total;compute.iterations_total;compute.errors_total,Measure the solver or calculation from its validated input through its returned result. Keep database and transport time outside this span.,file;symbol;algorithm;result;workload_size,Record the outer call only. Bucket the input size. Do not time each iteration of an inner loop.,Use one outer timer pair. Use cProfile or a supported sampler for the per-function split in a separate diagnostic run.,"Do not record credentials, tokens, request or response bodies, SQL text, bind values, absolute file paths, URLs with a query, session identifiers, node identifiers, endpoint identifiers, coordinates, geometry, addresses, or catalog prices. Use allowlisted labels and coarse buckets only.",1 algorithms/repeated work; 3 data structures; 7 measured Python loops
hook-diag-0062,targeted diagnostic hook,scripts/scrape_mist_ideas_test.py,test_list_page,loop_counter,loop.iterations_total;loop.items_total;loop.wall_ns;loop.process_cpu_ns;loop.skipped_total,"Measure the complete loop, not one iteration. Count the iterations and the produced items.",file;symbol;loop_name;result;workload_size,Record one aggregate event for each loop execution. Bucket the iteration count. Never emit an event for each iteration.,Increment a local integer inside the loop. Read the clock once before the loop and once after it.,"Do not record credentials, tokens, request or response bodies, SQL text, bind values, absolute file paths, URLs with a query, session identifiers, node identifiers, endpoint identifiers, coordinates, geometry, addresses, or catalog prices. Use allowlisted labels and coarse buckets only.",7 measured Python loops; 1 algorithms/repeated work; 4 allocations/copying
hook-diag-0063,targeted diagnostic hook,scripts/wave1/verify_wave1_scope_boundaries.py,main,loop_counter,loop.iterations_total;loop.items_total;loop.wall_ns;loop.process_cpu_ns;loop.skipped_total,"Measure the complete loop, not one iteration. Count the iterations and the produced items.",file;symbol;loop_name;result;workload_size,Record one aggregate event for each loop execution. Bucket the iteration count. Never emit an event for each iteration.,Increment a local integer inside the loop. Read the clock once before the loop and once after it.,"Do not record credentials, tokens, request or response bodies, SQL text, bind values, absolute file paths, URLs with a query, session identifiers, node identifiers, endpoint identifiers, coordinates, geometry, addresses, or catalog prices. Use allowlisted labels and coarse buckets only.",7 measured Python loops; 1 algorithms/repeated work; 4 allocations/copying
hook-diag-0064,targeted diagnostic hook,src/analytics/insight_metrics_utils.py,InsightMetricsUtils._field_time_series_points,loop_counter,loop.iterations_total;loop.items_total;loop.wall_ns;loop.process_cpu_ns;loop.skipped_total,"Measure the complete loop, not one iteration. Count the iterations and the produced items.",file;symbol;loop_name;result;workload_size,Record one aggregate event for each loop execution. Bucket the iteration count. Never emit an event for each iteration.,Increment a local integer inside the loop. Read the clock once before the loop and once after it.,"Do not record credentials, tokens, request or response bodies, SQL text, bind values, absolute file paths, URLs with a query, session identifiers, node identifiers, endpoint identifiers, coordinates, geometry, addresses, or catalog prices. Use allowlisted labels and coarse buckets only.",7 measured Python loops; 1 algorithms/repeated work; 4 allocations/copying
hook-diag-0065,targeted diagnostic hook,src/analytics/zone_analyzer.py,_accumulate_zone_frequency,loop_counter,loop.iterations_total;loop.items_total;loop.wall_ns;loop.process_cpu_ns;loop.skipped_total,"Measure the complete loop, not one iteration. Count the iterations and the produced items.",file;symbol;loop_name;result;workload_size,Record one aggregate event for each loop execution. Bucket the iteration count. Never emit an event for each iteration.,Increment a local integer inside the loop. Read the clock once before the loop and once after it.,"Do not record credentials, tokens, request or response bodies, SQL text, bind values, absolute file paths, URLs with a query, session identifiers, node identifiers, endpoint identifiers, coordinates, geometry, addresses, or catalog prices. Use allowlisted labels and coarse buckets only.",7 measured Python loops; 1 algorithms/repeated work; 4 allocations/copying
hook-diag-0066,targeted diagnostic hook,src/analytics/zone_analyzer.py,_build_summary_rows,loop_counter,loop.iterations_total;loop.items_total;loop.wall_ns;loop.process_cpu_ns;loop.skipped_total,"Measure the complete loop, not one iteration. Count the iterations and the produced items.",file;symbol;loop_name;result;workload_size,Record one aggregate event for each loop execution. Bucket the iteration count. Never emit an event for each iteration.,Increment a local integer inside the loop. Read the clock once before the loop and once after it.,"Do not record credentials, tokens, request or response bodies, SQL text, bind values, absolute file paths, URLs with a query, session identifiers, node identifiers, endpoint identifiers, coordinates, geometry, addresses, or catalog prices. Use allowlisted labels and coarse buckets only.",7 measured Python loops; 1 algorithms/repeated work; 4 allocations/copying
hook-diag-0067,targeted diagnostic hook,src/analytics/zone_analyzer.py,_display_custom_names,loop_counter,loop.iterations_total;loop.items_total;loop.wall_ns;loop.process_cpu_ns;loop.skipped_total,"Measure the complete loop, not one iteration. Count the iterations and the produced items.",file;symbol;loop_name;result;workload_size,Record one aggregate event for each loop execution. Bucket the iteration count. Never emit an event for each iteration.,Increment a local integer inside the loop. Read the clock once before the loop and once after it.,"Do not record credentials, tokens, request or response bodies, SQL text, bind values, absolute file paths, URLs with a query, session identifiers, node identifiers, endpoint identifiers, coordinates, geometry, addresses, or catalog prices. Use allowlisted labels and coarse buckets only.",7 measured Python loops; 1 algorithms/repeated work; 4 allocations/copying
hook-diag-0068,targeted diagnostic hook,src/audit/_renderer_format.py,_format_dict,loop_counter,loop.iterations_total;loop.items_total;loop.wall_ns;loop.process_cpu_ns;loop.skipped_total,"Measure the complete loop, not one iteration. Count the iterations and the produced items.",file;symbol;loop_name;result;workload_size,Record one aggregate event for each loop execution. Bucket the iteration count. Never emit an event for each iteration.,Increment a local integer inside the loop. Read the clock once before the loop and once after it.,"Do not record credentials, tokens, request or response bodies, SQL text, bind values, absolute file paths, URLs with a query, session identifiers, node identifiers, endpoint identifiers, coordinates, geometry, addresses, or catalog prices. Use allowlisted labels and coarse buckets only.",7 measured Python loops; 1 algorithms/repeated work; 4 allocations/copying
hook-diag-0069,targeted diagnostic hook,src/audit/_renderer_html.py,_group_changes_by_admin,loop_counter,loop.iterations_total;loop.items_total;loop.wall_ns;loop.process_cpu_ns;loop.skipped_total,"Measure the complete loop, not one iteration. Count the iterations and the produced items.",file;symbol;loop_name;result;workload_size,Record one aggregate event for each loop execution. Bucket the iteration count. Never emit an event for each iteration.,Increment a local integer inside the loop. Read the clock once before the loop and once after it.,"Do not record credentials, tokens, request or response bodies, SQL text, bind values, absolute file paths, URLs with a query, session identifiers, node identifiers, endpoint identifiers, coordinates, geometry, addresses, or catalog prices. Use allowlisted labels and coarse buckets only.",7 measured Python loops; 1 algorithms/repeated work; 4 allocations/copying
hook-diag-0070,targeted diagnostic hook,src/audit/filter.py,AuditLogFilter.filter_with_stats,loop_counter,loop.iterations_total;loop.items_total;loop.wall_ns;loop.process_cpu_ns;loop.skipped_total,"Measure the complete loop, not one iteration. Count the iterations and the produced items.",file;symbol;loop_name;result;workload_size,Record one aggregate event for each loop execution. Bucket the iteration count. Never emit an event for each iteration.,Increment a local integer inside the loop. Read the clock once before the loop and once after it.,"Do not record credentials, tokens, request or response bodies, SQL text, bind values, absolute file paths, URLs with a query, session identifiers, node identifiers, endpoint identifiers, coordinates, geometry, addresses, or catalog prices. Use allowlisted labels and coarse buckets only.",7 measured Python loops; 1 algorithms/repeated work; 4 allocations/copying
hook-diag-0071,targeted diagnostic hook,src/bootstrap/dns_preflight.py,ContainerDnsRepair.candidates,loop_counter,loop.iterations_total;loop.items_total;loop.wall_ns;loop.process_cpu_ns;loop.skipped_total,"Measure the complete loop, not one iteration. Count the iterations and the produced items.",file;symbol;loop_name;result;workload_size,Record one aggregate event for each loop execution. Bucket the iteration count. Never emit an event for each iteration.,Increment a local integer inside the loop. Read the clock once before the loop and once after it.,"Do not record credentials, tokens, request or response bodies, SQL text, bind values, absolute file paths, URLs with a query, session identifiers, node identifiers, endpoint identifiers, coordinates, geometry, addresses, or catalog prices. Use allowlisted labels and coarse buckets only.",7 measured Python loops; 1 algorithms/repeated work; 4 allocations/copying
hook-diag-0072,targeted diagnostic hook,src/bootstrap/dns_preflight.py,ContainerDnsRepair.repair,loop_counter,loop.iterations_total;loop.items_total;loop.wall_ns;loop.process_cpu_ns;loop.skipped_total,"Measure the complete loop, not one iteration. Count the iterations and the produced items.",file;symbol;loop_name;result;workload_size,Record one aggregate event for each loop execution. Bucket the iteration count. Never emit an event for each iteration.,Increment a local integer inside the loop. Read the clock once before the loop and once after it.,"Do not record credentials, tokens, request or response bodies, SQL text, bind values, absolute file paths, URLs with a query, session identifiers, node identifiers, endpoint identifiers, coordinates, geometry, addresses, or catalog prices. Use allowlisted labels and coarse buckets only.",7 measured Python loops; 1 algorithms/repeated work; 4 allocations/copying
hook-diag-0073,targeted diagnostic hook,src/cache/cache_utils.py,CacheUtils.create_address_parse_failures_csv,loop_counter,loop.iterations_total;loop.items_total;loop.wall_ns;loop.process_cpu_ns;loop.skipped_total,"Measure the complete loop, not one iteration. Count the iterations and the produced items.",file;symbol;loop_name;result;workload_size,Record one aggregate event for each loop execution. Bucket the iteration count. Never emit an event for each iteration.,Increment a local integer inside the loop. Read the clock once before the loop and once after it.,"Do not record credentials, tokens, request or response bodies, SQL text, bind values, absolute file paths, URLs with a query, session identifiers, node identifiers, endpoint identifiers, coordinates, geometry, addresses, or catalog prices. Use allowlisted labels and coarse buckets only.",7 measured Python loops; 1 algorithms/repeated work; 4 allocations/copying
hook-diag-0074,targeted diagnostic hook,src/capture/multi_ap_scan_workflow.py,MultiApScanCaptureWorkflow,gc_diagnostic,gc.collections_total;gc.collected_total;gc.uncollectable_total;gc.pause_wall_ns;gc.tracked_objects,Measure the cyclic collector with bounded callbacks around the named workload.,file;symbol;generation;workload_name;workload_size,Run only in a bounded diagnostic session. Remove every callback in a finally block.,"Save the enabled state and the thresholds. Restore both on every path, including a failure path.","Do not record credentials, tokens, request or response bodies, SQL text, bind values, absolute file paths, URLs with a query, session identifiers, node identifiers, endpoint identifiers, coordinates, geometry, addresses, or catalog prices. Use allowlisted labels and coarse buckets only.",8 object layout/GC; 4 allocations/copying; 3 data structures
hook-diag-0075,targeted diagnostic hook,src/data/data_processing_utils.py,DataProcessingUtils.escape_multiline,loop_counter,loop.iterations_total;loop.items_total;loop.wall_ns;loop.process_cpu_ns;loop.skipped_total,"Measure the complete loop, not one iteration. Count the iterations and the produced items.",file;symbol;loop_name;result;workload_size,Record one aggregate event for each loop execution. Bucket the iteration count. Never emit an event for each iteration.,Increment a local integer inside the loop. Read the clock once before the loop and once after it.,"Do not record credentials, tokens, request or response bodies, SQL text, bind values, absolute file paths, URLs with a query, session identifiers, node identifiers, endpoint identifiers, coordinates, geometry, addresses, or catalog prices. Use allowlisted labels and coarse buckets only.",7 measured Python loops; 1 algorithms/repeated work; 4 allocations/copying
hook-diag-0076,targeted diagnostic hook,src/db/__init__.py,DualWriteResult,gc_diagnostic,gc.collections_total;gc.collected_total;gc.uncollectable_total;gc.pause_wall_ns;gc.tracked_objects,Measure the cyclic collector with bounded callbacks around the named workload.,file;symbol;generation;workload_name;workload_size,Run only in a bounded diagnostic session. Remove every callback in a finally block.,"Save the enabled state and the thresholds. Restore both on every path, including a failure path.","Do not record credentials, tokens, request or response bodies, SQL text, bind values, absolute file paths, URLs with a query, session identifiers, node identifiers, endpoint identifiers, coordinates, geometry, addresses, or catalog prices. Use allowlisted labels and coarse buckets only.",8 object layout/GC; 4 allocations/copying; 3 data structures
hook-diag-0077,targeted diagnostic hook,src/db/redis_writer.py,RedisTimeSeriesWriter._extract_chunk,loop_counter,loop.iterations_total;loop.items_total;loop.wall_ns;loop.process_cpu_ns;loop.skipped_total,"Measure the complete loop, not one iteration. Count the iterations and the produced items.",file;symbol;loop_name;result;workload_size,Record one aggregate event for each loop execution. Bucket the iteration count. Never emit an event for each iteration.,Increment a local integer inside the loop. Read the clock once before the loop and once after it.,"Do not record credentials, tokens, request or response bodies, SQL text, bind values, absolute file paths, URLs with a query, session identifiers, node identifiers, endpoint identifiers, coordinates, geometry, addresses, or catalog prices. Use allowlisted labels and coarse buckets only.",7 measured Python loops; 1 algorithms/repeated work; 4 allocations/copying
hook-diag-0078,targeted diagnostic hook,src/db/redis_writer.py,RedisTimeSeriesWriter._extract_parallel,loop_counter,loop.iterations_total;loop.items_total;loop.wall_ns;loop.process_cpu_ns;loop.skipped_total,"Measure the complete loop, not one iteration. Count the iterations and the produced items.",file;symbol;loop_name;result;workload_size,Record one aggregate event for each loop execution. Bucket the iteration count. Never emit an event for each iteration.,Increment a local integer inside the loop. Read the clock once before the loop and once after it.,"Do not record credentials, tokens, request or response bodies, SQL text, bind values, absolute file paths, URLs with a query, session identifiers, node identifiers, endpoint identifiers, coordinates, geometry, addresses, or catalog prices. Use allowlisted labels and coarse buckets only.",7 measured Python loops; 1 algorithms/repeated work; 4 allocations/copying
hook-diag-0079,targeted diagnostic hook,src/db/redis_writer.py,RedisTimeSeriesWriter._queue_webhook_events,loop_counter,loop.iterations_total;loop.items_total;loop.wall_ns;loop.process_cpu_ns;loop.skipped_total,"Measure the complete loop, not one iteration. Count the iterations and the produced items.",file;symbol;loop_name;result;workload_size,Record one aggregate event for each loop execution. Bucket the iteration count. Never emit an event for each iteration.,Increment a local integer inside the loop. Read the clock once before the loop and once after it.,"Do not record credentials, tokens, request or response bodies, SQL text, bind values, absolute file paths, URLs with a query, session identifiers, node identifiers, endpoint identifiers, coordinates, geometry, addresses, or catalog prices. Use allowlisted labels and coarse buckets only.",7 measured Python loops; 1 algorithms/repeated work; 4 allocations/copying
hook-diag-0080,targeted diagnostic hook,src/device/ap_profile_migration_manager.py,APProfileMigrationManager._run_reassignment_loop,allocation_trace,mem.traced_current_bytes;mem.traced_peak_bytes;mem.blocks_total;mem.top_sites_json,Take a tracemalloc snapshot before and after the measured build. Report traced Python bytes only.,file;symbol;workload_name;workload_size;state,Run only in a bounded diagnostic session. Do not enable tracemalloc in normal service operation.,Start and stop tracing in one bounded session. Measure timing in a separate run without tracing.,"Do not record credentials, tokens, request or response bodies, SQL text, bind values, absolute file paths, URLs with a query, session identifiers, node identifiers, endpoint identifiers, coordinates, geometry, addresses, or catalog prices. Use allowlisted labels and coarse buckets only.",4 allocations/copying; 3 data structures; 8 object layout/GC
hook-diag-0081,targeted diagnostic hook,src/device/ap_profile_migration_manager.py,APProfileMigrationManager.migrate_aps_between_device_profiles,allocation_trace,mem.traced_current_bytes;mem.traced_peak_bytes;mem.blocks_total;mem.top_sites_json,Take a tracemalloc snapshot before and after the measured build. Report traced Python bytes only.,file;symbol;workload_name;workload_size;state,Run only in a bounded diagnostic session. Do not enable tracemalloc in normal service operation.,Start and stop tracing in one bounded session. Measure timing in a separate run without tracing.,"Do not record credentials, tokens, request or response bodies, SQL text, bind values, absolute file paths, URLs with a query, session identifiers, node identifiers, endpoint identifiers, coordinates, geometry, addresses, or catalog prices. Use allowlisted labels and coarse buckets only.",4 allocations/copying; 3 data structures; 8 object layout/GC
hook-diag-0082,targeted diagnostic hook,src/device/ap_profile_migration_manager.py,APProfileMigrationManager.revert_ap_profile_migration,allocation_trace,mem.traced_current_bytes;mem.traced_peak_bytes;mem.blocks_total;mem.top_sites_json,Take a tracemalloc snapshot before and after the measured build. Report traced Python bytes only.,file;symbol;workload_name;workload_size;state,Run only in a bounded diagnostic session. Do not enable tracemalloc in normal service operation.,Start and stop tracing in one bounded session. Measure timing in a separate run without tracing.,"Do not record credentials, tokens, request or response bodies, SQL text, bind values, absolute file paths, URLs with a query, session identifiers, node identifiers, endpoint identifiers, coordinates, geometry, addresses, or catalog prices. Use allowlisted labels and coarse buckets only.",4 allocations/copying; 3 data structures; 8 object layout/GC
hook-diag-0083,targeted diagnostic hook,src/device/device_reboot_manager.py,DeviceRebootManager._print_reboot_target_summary,loop_counter,loop.iterations_total;loop.items_total;loop.wall_ns;loop.process_cpu_ns;loop.skipped_total,"Measure the complete loop, not one iteration. Count the iterations and the produced items.",file;symbol;loop_name;result;workload_size,Record one aggregate event for each loop execution. Bucket the iteration count. Never emit an event for each iteration.,Increment a local integer inside the loop. Read the clock once before the loop and once after it.,"Do not record credentials, tokens, request or response bodies, SQL text, bind values, absolute file paths, URLs with a query, session identifiers, node identifiers, endpoint identifiers, coordinates, geometry, addresses, or catalog prices. Use allowlisted labels and coarse buckets only.",7 measured Python loops; 1 algorithms/repeated work; 4 allocations/copying
hook-diag-0084,targeted diagnostic hook,src/device/device_utils.py,DeviceUtils.expand_port_range_string,loop_counter,loop.iterations_total;loop.items_total;loop.wall_ns;loop.process_cpu_ns;loop.skipped_total,"Measure the complete loop, not one iteration. Count the iterations and the produced items.",file;symbol;loop_name;result;workload_size,Record one aggregate event for each loop execution. Bucket the iteration count. Never emit an event for each iteration.,Increment a local integer inside the loop. Read the clock once before the loop and once after it.,"Do not record credentials, tokens, request or response bodies, SQL text, bind values, absolute file paths, URLs with a query, session identifiers, node identifiers, endpoint identifiers, coordinates, geometry, addresses, or catalog prices. Use allowlisted labels and coarse buckets only.",7 measured Python loops; 1 algorithms/repeated work; 4 allocations/copying
hook-diag-0085,targeted diagnostic hook,src/export/const_definitions_exporter.py,ConstDefinitionsExporter._fetch_all_country_channels,loop_counter,loop.iterations_total;loop.items_total;loop.wall_ns;loop.process_cpu_ns;loop.skipped_total,"Measure the complete loop, not one iteration. Count the iterations and the produced items.",file;symbol;loop_name;result;workload_size,Record one aggregate event for each loop execution. Bucket the iteration count. Never emit an event for each iteration.,Increment a local integer inside the loop. Read the clock once before the loop and once after it.,"Do not record credentials, tokens, request or response bodies, SQL text, bind values, absolute file paths, URLs with a query, session identifiers, node identifiers, endpoint identifiers, coordinates, geometry, addresses, or catalog prices. Use allowlisted labels and coarse buckets only.",7 measured Python loops; 1 algorithms/repeated work; 4 allocations/copying
hook-diag-0086,targeted diagnostic hook,src/export/const_definitions_exporter.py,ConstDefinitionsExporter._fetch_all_country_states,loop_counter,loop.iterations_total;loop.items_total;loop.wall_ns;loop.process_cpu_ns;loop.skipped_total,"Measure the complete loop, not one iteration. Count the iterations and the produced items.",file;symbol;loop_name;result;workload_size,Record one aggregate event for each loop execution. Bucket the iteration count. Never emit an event for each iteration.,Increment a local integer inside the loop. Read the clock once before the loop and once after it.,"Do not record credentials, tokens, request or response bodies, SQL text, bind values, absolute file paths, URLs with a query, session identifiers, node identifiers, endpoint identifiers, coordinates, geometry, addresses, or catalog prices. Use allowlisted labels and coarse buckets only.",7 measured Python loops; 1 algorithms/repeated work; 4 allocations/copying
hook-diag-0087,targeted diagnostic hook,src/export/device_events_52w_exporter.py,DeviceEvents52wExporter,gc_diagnostic,gc.collections_total;gc.collected_total;gc.uncollectable_total;gc.pause_wall_ns;gc.tracked_objects,Measure the cyclic collector with bounded callbacks around the named workload.,file;symbol;generation;workload_name;workload_size,Run only in a bounded diagnostic session. Remove every callback in a finally block.,"Save the enabled state and the thresholds. Restore both on every path, including a failure path.","Do not record credentials, tokens, request or response bodies, SQL text, bind values, absolute file paths, URLs with a query, session identifiers, node identifiers, endpoint identifiers, coordinates, geometry, addresses, or catalog prices. Use allowlisted labels and coarse buckets only.",8 object layout/GC; 4 allocations/copying; 3 data structures
hook-diag-0088,targeted diagnostic hook,src/export/gateway_test_exporter.py,GatewayTestExporter._retry_failed_synthetic_devices,loop_counter,loop.iterations_total;loop.items_total;loop.wall_ns;loop.process_cpu_ns;loop.skipped_total,"Measure the complete loop, not one iteration. Count the iterations and the produced items.",file;symbol;loop_name;result;workload_size,Record one aggregate event for each loop execution. Bucket the iteration count. Never emit an event for each iteration.,Increment a local integer inside the loop. Read the clock once before the loop and once after it.,"Do not record credentials, tokens, request or response bodies, SQL text, bind values, absolute file paths, URLs with a query, session identifiers, node identifiers, endpoint identifiers, coordinates, geometry, addresses, or catalog prices. Use allowlisted labels and coarse buckets only.",7 measured Python loops; 1 algorithms/repeated work; 4 allocations/copying
hook-diag-0089,targeted diagnostic hook,src/export/msp_license_exporter.py,MSPLicenseExporter._build_detail_rows,loop_counter,loop.iterations_total;loop.items_total;loop.wall_ns;loop.process_cpu_ns;loop.skipped_total,"Measure the complete loop, not one iteration. Count the iterations and the produced items.",file;symbol;loop_name;result;workload_size,Record one aggregate event for each loop execution. Bucket the iteration count. Never emit an event for each iteration.,Increment a local integer inside the loop. Read the clock once before the loop and once after it.,"Do not record credentials, tokens, request or response bodies, SQL text, bind values, absolute file paths, URLs with a query, session identifiers, node identifiers, endpoint identifiers, coordinates, geometry, addresses, or catalog prices. Use allowlisted labels and coarse buckets only.",7 measured Python loops; 1 algorithms/repeated work; 4 allocations/copying
hook-diag-0090,targeted diagnostic hook,src/export/org_client_security_exporter.py,OrgClientSecurityExporter._collect_rogues_across_sites,loop_counter,loop.iterations_total;loop.items_total;loop.wall_ns;loop.process_cpu_ns;loop.skipped_total,"Measure the complete loop, not one iteration. Count the iterations and the produced items.",file;symbol;loop_name;result;workload_size,Record one aggregate event for each loop execution. Bucket the iteration count. Never emit an event for each iteration.,Increment a local integer inside the loop. Read the clock once before the loop and once after it.,"Do not record credentials, tokens, request or response bodies, SQL text, bind values, absolute file paths, URLs with a query, session identifiers, node identifiers, endpoint identifiers, coordinates, geometry, addresses, or catalog prices. Use allowlisted labels and coarse buckets only.",7 measured Python loops; 1 algorithms/repeated work; 4 allocations/copying
hook-diag-0091,targeted diagnostic hook,src/export/org_export_utils.py,OrgExportUtils._insight_normalize_records,loop_counter,loop.iterations_total;loop.items_total;loop.wall_ns;loop.process_cpu_ns;loop.skipped_total,"Measure the complete loop, not one iteration. Count the iterations and the produced items.",file;symbol;loop_name;result;workload_size,Record one aggregate event for each loop execution. Bucket the iteration count. Never emit an event for each iteration.,Increment a local integer inside the loop. Read the clock once before the loop and once after it.,"Do not record credentials, tokens, request or response bodies, SQL text, bind values, absolute file paths, URLs with a query, session identifiers, node identifiers, endpoint identifiers, coordinates, geometry, addresses, or catalog prices. Use allowlisted labels and coarse buckets only.",7 measured Python loops; 1 algorithms/repeated work; 4 allocations/copying
hook-diag-0092,targeted diagnostic hook,src/export/org_inventory_exporter.py,OrgInventoryExporter._write_combined_inventory_weekly_csvs,loop_counter,loop.iterations_total;loop.items_total;loop.wall_ns;loop.process_cpu_ns;loop.skipped_total,"Measure the complete loop, not one iteration. Count the iterations and the produced items.",file;symbol;loop_name;result;workload_size,Record one aggregate event for each loop execution. Bucket the iteration count. Never emit an event for each iteration.,Increment a local integer inside the loop. Read the clock once before the loop and once after it.,"Do not record credentials, tokens, request or response bodies, SQL text, bind values, absolute file paths, URLs with a query, session identifiers, node identifiers, endpoint identifiers, coordinates, geometry, addresses, or catalog prices. Use allowlisted labels and coarse buckets only.",7 measured Python loops; 1 algorithms/repeated work; 4 allocations/copying
hook-diag-0093,targeted diagnostic hook,src/export/site_client_exporter.py,SiteClientExporter._fetch_site_beacon_with_retry,loop_counter,loop.iterations_total;loop.items_total;loop.wall_ns;loop.process_cpu_ns;loop.skipped_total,"Measure the complete loop, not one iteration. Count the iterations and the produced items.",file;symbol;loop_name;result;workload_size,Record one aggregate event for each loop execution. Bucket the iteration count. Never emit an event for each iteration.,Increment a local integer inside the loop. Read the clock once before the loop and once after it.,"Do not record credentials, tokens, request or response bodies, SQL text, bind values, absolute file paths, URLs with a query, session identifiers, node identifiers, endpoint identifiers, coordinates, geometry, addresses, or catalog prices. Use allowlisted labels and coarse buckets only.",7 measured Python loops; 1 algorithms/repeated work; 4 allocations/copying
hook-diag-0094,targeted diagnostic hook,src/export/site_export_utils.py,_flatten_channel_planning_dict,loop_counter,loop.iterations_total;loop.items_total;loop.wall_ns;loop.process_cpu_ns;loop.skipped_total,"Measure the complete loop, not one iteration. Count the iterations and the produced items.",file;symbol;loop_name;result;workload_size,Record one aggregate event for each loop execution. Bucket the iteration count. Never emit an event for each iteration.,Increment a local integer inside the loop. Read the clock once before the loop and once after it.,"Do not record credentials, tokens, request or response bodies, SQL text, bind values, absolute file paths, URLs with a query, session identifiers, node identifiers, endpoint identifiers, coordinates, geometry, addresses, or catalog prices. Use allowlisted labels and coarse buckets only.",7 measured Python loops; 1 algorithms/repeated work; 4 allocations/copying
hook-diag-0095,targeted diagnostic hook,src/firmware/bulk_ap_upgrader.py,BulkAPFirmwareUpgrader._build_site_summary_index,loop_counter,loop.iterations_total;loop.items_total;loop.wall_ns;loop.process_cpu_ns;loop.skipped_total,"Measure the complete loop, not one iteration. Count the iterations and the produced items.",file;symbol;loop_name;result;workload_size,Record one aggregate event for each loop execution. Bucket the iteration count. Never emit an event for each iteration.,Increment a local integer inside the loop. Read the clock once before the loop and once after it.,"Do not record credentials, tokens, request or response bodies, SQL text, bind values, absolute file paths, URLs with a query, session identifiers, node identifiers, endpoint identifiers, coordinates, geometry, addresses, or catalog prices. Use allowlisted labels and coarse buckets only.",7 measured Python loops; 1 algorithms/repeated work; 4 allocations/copying
hook-diag-0096,targeted diagnostic hook,src/firmware/bulk_ap_upgrader.py,BulkAPFirmwareUpgrader._display_current_version_summary,loop_counter,loop.iterations_total;loop.items_total;loop.wall_ns;loop.process_cpu_ns;loop.skipped_total,"Measure the complete loop, not one iteration. Count the iterations and the produced items.",file;symbol;loop_name;result;workload_size,Record one aggregate event for each loop execution. Bucket the iteration count. Never emit an event for each iteration.,Increment a local integer inside the loop. Read the clock once before the loop and once after it.,"Do not record credentials, tokens, request or response bodies, SQL text, bind values, absolute file paths, URLs with a query, session identifiers, node identifiers, endpoint identifiers, coordinates, geometry, addresses, or catalog prices. Use allowlisted labels and coarse buckets only.",7 measured Python loops; 1 algorithms/repeated work; 4 allocations/copying
hook-diag-0097,targeted diagnostic hook,src/firmware/bulk_ap_upgrader.py,BulkAPFirmwareUpgrader._group_plan_by_site,loop_counter,loop.iterations_total;loop.items_total;loop.wall_ns;loop.process_cpu_ns;loop.skipped_total,"Measure the complete loop, not one iteration. Count the iterations and the produced items.",file;symbol;loop_name;result;workload_size,Record one aggregate event for each loop execution. Bucket the iteration count. Never emit an event for each iteration.,Increment a local integer inside the loop. Read the clock once before the loop and once after it.,"Do not record credentials, tokens, request or response bodies, SQL text, bind values, absolute file paths, URLs with a query, session identifiers, node identifiers, endpoint identifiers, coordinates, geometry, addresses, or catalog prices. Use allowlisted labels and coarse buckets only.",7 measured Python loops; 1 algorithms/repeated work; 4 allocations/copying
hook-diag-0098,targeted diagnostic hook,src/firmware/firmware_manager.py,FirmwareManager._overlay_running_versions,loop_counter,loop.iterations_total;loop.items_total;loop.wall_ns;loop.process_cpu_ns;loop.skipped_total,"Measure the complete loop, not one iteration. Count the iterations and the produced items.",file;symbol;loop_name;result;workload_size,Record one aggregate event for each loop execution. Bucket the iteration count. Never emit an event for each iteration.,Increment a local integer inside the loop. Read the clock once before the loop and once after it.,"Do not record credentials, tokens, request or response bodies, SQL text, bind values, absolute file paths, URLs with a query, session identifiers, node identifiers, endpoint identifiers, coordinates, geometry, addresses, or catalog prices. Use allowlisted labels and coarse buckets only.",7 measured Python loops; 1 algorithms/repeated work; 4 allocations/copying
hook-diag-0099,targeted diagnostic hook,src/firmware/firmware_manager.py,FirmwareManager._validate_ssr_devices_for_version,loop_counter,loop.iterations_total;loop.items_total;loop.wall_ns;loop.process_cpu_ns;loop.skipped_total,"Measure the complete loop, not one iteration. Count the iterations and the produced items.",file;symbol;loop_name;result;workload_size,Record one aggregate event for each loop execution. Bucket the iteration count. Never emit an event for each iteration.,Increment a local integer inside the loop. Read the clock once before the loop and once after it.,"Do not record credentials, tokens, request or response bodies, SQL text, bind values, absolute file paths, URLs with a query, session identifiers, node identifiers, endpoint identifiers, coordinates, geometry, addresses, or catalog prices. Use allowlisted labels and coarse buckets only.",7 measured Python loops; 1 algorithms/repeated work; 4 allocations/copying
hook-diag-0100,targeted diagnostic hook,src/firmware/firmware_manager.py,FirmwareUpgradeStatusChecker._display_device_events,loop_counter,loop.iterations_total;loop.items_total;loop.wall_ns;loop.process_cpu_ns;loop.skipped_total,"Measure the complete loop, not one iteration. Count the iterations and the produced items.",file;symbol;loop_name;result;workload_size,Record one aggregate event for each loop execution. Bucket the iteration count. Never emit an event for each iteration.,Increment a local integer inside the loop. Read the clock once before the loop and once after it.,"Do not record credentials, tokens, request or response bodies, SQL text, bind values, absolute file paths, URLs with a query, session identifiers, node identifiers, endpoint identifiers, coordinates, geometry, addresses, or catalog prices. Use allowlisted labels and coarse buckets only.",7 measured Python loops; 1 algorithms/repeated work; 4 allocations/copying
hook-diag-0101,targeted diagnostic hook,src/firmware/org_ap_upgrader.py,OrgLevelAPFirmwareUpgrader._organize_aps_by_model,loop_counter,loop.iterations_total;loop.items_total;loop.wall_ns;loop.process_cpu_ns;loop.skipped_total,"Measure the complete loop, not one iteration. Count the iterations and the produced items.",file;symbol;loop_name;result;workload_size,Record one aggregate event for each loop execution. Bucket the iteration count. Never emit an event for each iteration.,Increment a local integer inside the loop. Read the clock once before the loop and once after it.,"Do not record credentials, tokens, request or response bodies, SQL text, bind values, absolute file paths, URLs with a query, session identifiers, node identifiers, endpoint identifiers, coordinates, geometry, addresses, or catalog prices. Use allowlisted labels and coarse buckets only.",7 measured Python loops; 1 algorithms/repeated work; 4 allocations/copying
hook-diag-0102,targeted diagnostic hook,src/firmware/site_auto_upgrade.py,_apply_to_all_orgs,loop_counter,loop.iterations_total;loop.items_total;loop.wall_ns;loop.process_cpu_ns;loop.skipped_total,"Measure the complete loop, not one iteration. Count the iterations and the produced items.",file;symbol;loop_name;result;workload_size,Record one aggregate event for each loop execution. Bucket the iteration count. Never emit an event for each iteration.,Increment a local integer inside the loop. Read the clock once before the loop and once after it.,"Do not record credentials, tokens, request or response bodies, SQL text, bind values, absolute file paths, URLs with a query, session identifiers, node identifiers, endpoint identifiers, coordinates, geometry, addresses, or catalog prices. Use allowlisted labels and coarse buckets only.",7 measured Python loops; 1 algorithms/repeated work; 4 allocations/copying
hook-diag-0103,targeted diagnostic hook,src/firmware/site_auto_upgrade.py,_get_family_versions,loop_counter,loop.iterations_total;loop.items_total;loop.wall_ns;loop.process_cpu_ns;loop.skipped_total,"Measure the complete loop, not one iteration. Count the iterations and the produced items.",file;symbol;loop_name;result;workload_size,Record one aggregate event for each loop execution. Bucket the iteration count. Never emit an event for each iteration.,Increment a local integer inside the loop. Read the clock once before the loop and once after it.,"Do not record credentials, tokens, request or response bodies, SQL text, bind values, absolute file paths, URLs with a query, session identifiers, node identifiers, endpoint identifiers, coordinates, geometry, addresses, or catalog prices. Use allowlisted labels and coarse buckets only.",7 measured Python loops; 1 algorithms/repeated work; 4 allocations/copying
hook-diag-0104,targeted diagnostic hook,src/firmware/upgrade_service.py,_group_targets,loop_counter,loop.iterations_total;loop.items_total;loop.wall_ns;loop.process_cpu_ns;loop.skipped_total,"Measure the complete loop, not one iteration. Count the iterations and the produced items.",file;symbol;loop_name;result;workload_size,Record one aggregate event for each loop execution. Bucket the iteration count. Never emit an event for each iteration.,Increment a local integer inside the loop. Read the clock once before the loop and once after it.,"Do not record credentials, tokens, request or response bodies, SQL text, bind values, absolute file paths, URLs with a query, session identifiers, node identifiers, endpoint identifiers, coordinates, geometry, addresses, or catalog prices. Use allowlisted labels and coarse buckets only.",7 measured Python loops; 1 algorithms/repeated work; 4 allocations/copying
hook-diag-0105,targeted diagnostic hook,src/firmware/upgrade_service.py,_group_versions,loop_counter,loop.iterations_total;loop.items_total;loop.wall_ns;loop.process_cpu_ns;loop.skipped_total,"Measure the complete loop, not one iteration. Count the iterations and the produced items.",file;symbol;loop_name;result;workload_size,Record one aggregate event for each loop execution. Bucket the iteration count. Never emit an event for each iteration.,Increment a local integer inside the loop. Read the clock once before the loop and once after it.,"Do not record credentials, tokens, request or response bodies, SQL text, bind values, absolute file paths, URLs with a query, session identifiers, node identifiers, endpoint identifiers, coordinates, geometry, addresses, or catalog prices. Use allowlisted labels and coarse buckets only.",7 measured Python loops; 1 algorithms/repeated work; 4 allocations/copying
hook-diag-0106,targeted diagnostic hook,src/gateway/gateway_stats_exporter.py,GatewayStatsExporter._build_conflict_records,loop_counter,loop.iterations_total;loop.items_total;loop.wall_ns;loop.process_cpu_ns;loop.skipped_total,"Measure the complete loop, not one iteration. Count the iterations and the produced items.",file;symbol;loop_name;result;workload_size,Record one aggregate event for each loop execution. Bucket the iteration count. Never emit an event for each iteration.,Increment a local integer inside the loop. Read the clock once before the loop and once after it.,"Do not record credentials, tokens, request or response bodies, SQL text, bind values, absolute file paths, URLs with a query, session identifiers, node identifiers, endpoint identifiers, coordinates, geometry, addresses, or catalog prices. Use allowlisted labels and coarse buckets only.",7 measured Python loops; 1 algorithms/repeated work; 4 allocations/copying
hook-diag-0107,targeted diagnostic hook,src/gateway/gateway_stats_exporter.py,GatewayStatsExporter._collect_concurrent_results,loop_counter,loop.iterations_total;loop.items_total;loop.wall_ns;loop.process_cpu_ns;loop.skipped_total,"Measure the complete loop, not one iteration. Count the iterations and the produced items.",file;symbol;loop_name;result;workload_size,Record one aggregate event for each loop execution. Bucket the iteration count. Never emit an event for each iteration.,Increment a local integer inside the loop. Read the clock once before the loop and once after it.,"Do not record credentials, tokens, request or response bodies, SQL text, bind values, absolute file paths, URLs with a query, session identifiers, node identifiers, endpoint identifiers, coordinates, geometry, addresses, or catalog prices. Use allowlisted labels and coarse buckets only.",7 measured Python loops; 1 algorithms/repeated work; 4 allocations/copying
hook-diag-0108,targeted diagnostic hook,src/gateway/gateway_stats_exporter.py,GatewayStatsExporter._display_conflict_samples,loop_counter,loop.iterations_total;loop.items_total;loop.wall_ns;loop.process_cpu_ns;loop.skipped_total,"Measure the complete loop, not one iteration. Count the iterations and the produced items.",file;symbol;loop_name;result;workload_size,Record one aggregate event for each loop execution. Bucket the iteration count. Never emit an event for each iteration.,Increment a local integer inside the loop. Read the clock once before the loop and once after it.,"Do not record credentials, tokens, request or response bodies, SQL text, bind values, absolute file paths, URLs with a query, session identifiers, node identifiers, endpoint identifiers, coordinates, geometry, addresses, or catalog prices. Use allowlisted labels and coarse buckets only.",7 measured Python loops; 1 algorithms/repeated work; 4 allocations/copying
hook-diag-0109,targeted diagnostic hook,src/gateway/overrides/wan_override_walker.py,WanOverrideWalker._assemble_entries,loop_counter,loop.iterations_total;loop.items_total;loop.wall_ns;loop.process_cpu_ns;loop.skipped_total,"Measure the complete loop, not one iteration. Count the iterations and the produced items.",file;symbol;loop_name;result;workload_size,Record one aggregate event for each loop execution. Bucket the iteration count. Never emit an event for each iteration.,Increment a local integer inside the loop. Read the clock once before the loop and once after it.,"Do not record credentials, tokens, request or response bodies, SQL text, bind values, absolute file paths, URLs with a query, session identifiers, node identifiers, endpoint identifiers, coordinates, geometry, addresses, or catalog prices. Use allowlisted labels and coarse buckets only.",7 measured Python loops; 1 algorithms/repeated work; 4 allocations/copying
hook-diag-0110,targeted diagnostic hook,src/gateway/wan_probe_device_override_manager.py,WANProbeDeviceOverrideManager._apply_probe_to_ports,loop_counter,loop.iterations_total;loop.items_total;loop.wall_ns;loop.process_cpu_ns;loop.skipped_total,"Measure the complete loop, not one iteration. Count the iterations and the produced items.",file;symbol;loop_name;result;workload_size,Record one aggregate event for each loop execution. Bucket the iteration count. Never emit an event for each iteration.,Increment a local integer inside the loop. Read the clock once before the loop and once after it.,"Do not record credentials, tokens, request or response bodies, SQL text, bind values, absolute file paths, URLs with a query, session identifiers, node identifiers, endpoint identifiers, coordinates, geometry, addresses, or catalog prices. Use allowlisted labels and coarse buckets only.",7 measured Python loops; 1 algorithms/repeated work; 4 allocations/copying
hook-diag-0111,targeted diagnostic hook,src/inventory/csv_comparator.py,InventoryCSVComparator._apply_skip_filters,loop_counter,loop.iterations_total;loop.items_total;loop.wall_ns;loop.process_cpu_ns;loop.skipped_total,"Measure the complete loop, not one iteration. Count the iterations and the produced items.",file;symbol;loop_name;result;workload_size,Record one aggregate event for each loop execution. Bucket the iteration count. Never emit an event for each iteration.,Increment a local integer inside the loop. Read the clock once before the loop and once after it.,"Do not record credentials, tokens, request or response bodies, SQL text, bind values, absolute file paths, URLs with a query, session identifiers, node identifiers, endpoint identifiers, coordinates, geometry, addresses, or catalog prices. Use allowlisted labels and coarse buckets only.",7 measured Python loops; 1 algorithms/repeated work; 4 allocations/copying
hook-diag-0112,targeted diagnostic hook,src/inventory/csv_comparator.py,InventoryCSVComparator._remove_duplicate_conflicts,loop_counter,loop.iterations_total;loop.items_total;loop.wall_ns;loop.process_cpu_ns;loop.skipped_total,"Measure the complete loop, not one iteration. Count the iterations and the produced items.",file;symbol;loop_name;result;workload_size,Record one aggregate event for each loop execution. Bucket the iteration count. Never emit an event for each iteration.,Increment a local integer inside the loop. Read the clock once before the loop and once after it.,"Do not record credentials, tokens, request or response bodies, SQL text, bind values, absolute file paths, URLs with a query, session identifiers, node identifiers, endpoint identifiers, coordinates, geometry, addresses, or catalog prices. Use allowlisted labels and coarse buckets only.",7 measured Python loops; 1 algorithms/repeated work; 4 allocations/copying
hook-diag-0113,targeted diagnostic hook,src/inventory/inventory_summary/pivot_renderer.py,PivotRenderer._build_table,loop_counter,loop.iterations_total;loop.items_total;loop.wall_ns;loop.process_cpu_ns;loop.skipped_total,"Measure the complete loop, not one iteration. Count the iterations and the produced items.",file;symbol;loop_name;result;workload_size,Record one aggregate event for each loop execution. Bucket the iteration count. Never emit an event for each iteration.,Increment a local integer inside the loop. Read the clock once before the loop and once after it.,"Do not record credentials, tokens, request or response bodies, SQL text, bind values, absolute file paths, URLs with a query, session identifiers, node identifiers, endpoint identifiers, coordinates, geometry, addresses, or catalog prices. Use allowlisted labels and coarse buckets only.",7 measured Python loops; 1 algorithms/repeated work; 4 allocations/copying
hook-diag-0114,targeted diagnostic hook,src/inventory/org_device_inventory_msp.py,_flatten_model_rows,loop_counter,loop.iterations_total;loop.items_total;loop.wall_ns;loop.process_cpu_ns;loop.skipped_total,"Measure the complete loop, not one iteration. Count the iterations and the produced items.",file;symbol;loop_name;result;workload_size,Record one aggregate event for each loop execution. Bucket the iteration count. Never emit an event for each iteration.,Increment a local integer inside the loop. Read the clock once before the loop and once after it.,"Do not record credentials, tokens, request or response bodies, SQL text, bind values, absolute file paths, URLs with a query, session identifiers, node identifiers, endpoint identifiers, coordinates, geometry, addresses, or catalog prices. Use allowlisted labels and coarse buckets only.",7 measured Python loops; 1 algorithms/repeated work; 4 allocations/copying
hook-diag-0115,targeted diagnostic hook,src/inventory/org_device_inventory_msp.py,_flatten_version_rows,loop_counter,loop.iterations_total;loop.items_total;loop.wall_ns;loop.process_cpu_ns;loop.skipped_total,"Measure the complete loop, not one iteration. Count the iterations and the produced items.",file;symbol;loop_name;result;workload_size,Record one aggregate event for each loop execution. Bucket the iteration count. Never emit an event for each iteration.,Increment a local integer inside the loop. Read the clock once before the loop and once after it.,"Do not record credentials, tokens, request or response bodies, SQL text, bind values, absolute file paths, URLs with a query, session identifiers, node identifiers, endpoint identifiers, coordinates, geometry, addresses, or catalog prices. Use allowlisted labels and coarse buckets only.",7 measured Python loops; 1 algorithms/repeated work; 4 allocations/copying
hook-diag-0116,targeted diagnostic hook,src/inventory/org_device_inventory_summary.py,OrgDeviceInventorySummaryCore._fetch_switch_physical_inventory,loop_counter,loop.iterations_total;loop.items_total;loop.wall_ns;loop.process_cpu_ns;loop.skipped_total,"Measure the complete loop, not one iteration. Count the iterations and the produced items.",file;symbol;loop_name;result;workload_size,Record one aggregate event for each loop execution. Bucket the iteration count. Never emit an event for each iteration.,Increment a local integer inside the loop. Read the clock once before the loop and once after it.,"Do not record credentials, tokens, request or response bodies, SQL text, bind values, absolute file paths, URLs with a query, session identifiers, node identifiers, endpoint identifiers, coordinates, geometry, addresses, or catalog prices. Use allowlisted labels and coarse buckets only.",7 measured Python loops; 1 algorithms/repeated work; 4 allocations/copying
hook-diag-0117,targeted diagnostic hook,src/maps/_maps_testing.py,_collect_export_records,loop_counter,loop.iterations_total;loop.items_total;loop.wall_ns;loop.process_cpu_ns;loop.skipped_total,"Measure the complete loop, not one iteration. Count the iterations and the produced items.",file;symbol;loop_name;result;workload_size,Record one aggregate event for each loop execution. Bucket the iteration count. Never emit an event for each iteration.,Increment a local integer inside the loop. Read the clock once before the loop and once after it.,"Do not record credentials, tokens, request or response bodies, SQL text, bind values, absolute file paths, URLs with a query, session identifiers, node identifiers, endpoint identifiers, coordinates, geometry, addresses, or catalog prices. Use allowlisted labels and coarse buckets only.",7 measured Python loops; 1 algorithms/repeated work; 4 allocations/copying
hook-diag-0118,targeted diagnostic hook,src/maps/_plotly_viewer.py,_PlotlyViewer._add_device_name_labels,loop_counter,loop.iterations_total;loop.items_total;loop.wall_ns;loop.process_cpu_ns;loop.skipped_total,"Measure the complete loop, not one iteration. Count the iterations and the produced items.",file;symbol;loop_name;result;workload_size,Record one aggregate event for each loop execution. Bucket the iteration count. Never emit an event for each iteration.,Increment a local integer inside the loop. Read the clock once before the loop and once after it.,"Do not record credentials, tokens, request or response bodies, SQL text, bind values, absolute file paths, URLs with a query, session identifiers, node identifiers, endpoint identifiers, coordinates, geometry, addresses, or catalog prices. Use allowlisted labels and coarse buckets only.",7 measured Python loops; 1 algorithms/repeated work; 4 allocations/copying
hook-diag-0119,targeted diagnostic hook,src/maps/_plotly_viewer.py,_PlotlyViewer._add_mesh_links,loop_counter,loop.iterations_total;loop.items_total;loop.wall_ns;loop.process_cpu_ns;loop.skipped_total,"Measure the complete loop, not one iteration. Count the iterations and the produced items.",file;symbol;loop_name;result;workload_size,Record one aggregate event for each loop execution. Bucket the iteration count. Never emit an event for each iteration.,Increment a local integer inside the loop. Read the clock once before the loop and once after it.,"Do not record credentials, tokens, request or response bodies, SQL text, bind values, absolute file paths, URLs with a query, session identifiers, node identifiers, endpoint identifiers, coordinates, geometry, addresses, or catalog prices. Use allowlisted labels and coarse buckets only.",7 measured Python loops; 1 algorithms/repeated work; 4 allocations/copying
hook-diag-0120,targeted diagnostic hook,src/maps/_plotly_viewer.py,_PlotlyViewer._collect_ble_beacon_markers,loop_counter,loop.iterations_total;loop.items_total;loop.wall_ns;loop.process_cpu_ns;loop.skipped_total,"Measure the complete loop, not one iteration. Count the iterations and the produced items.",file;symbol;loop_name;result;workload_size,Record one aggregate event for each loop execution. Bucket the iteration count. Never emit an event for each iteration.,Increment a local integer inside the loop. Read the clock once before the loop and once after it.,"Do not record credentials, tokens, request or response bodies, SQL text, bind values, absolute file paths, URLs with a query, session identifiers, node identifiers, endpoint identifiers, coordinates, geometry, addresses, or catalog prices. Use allowlisted labels and coarse buckets only.",7 measured Python loops; 1 algorithms/repeated work; 4 allocations/copying
hook-diag-0121,targeted diagnostic hook,src/maps/launcher/_viewer_url_switch.py,_ViewerUrlSwitch._add_url_switch_client_labels,loop_counter,loop.iterations_total;loop.items_total;loop.wall_ns;loop.process_cpu_ns;loop.skipped_total,"Measure the complete loop, not one iteration. Count the iterations and the produced items.",file;symbol;loop_name;result;workload_size,Record one aggregate event for each loop execution. Bucket the iteration count. Never emit an event for each iteration.,Increment a local integer inside the loop. Read the clock once before the loop and once after it.,"Do not record credentials, tokens, request or response bodies, SQL text, bind values, absolute file paths, URLs with a query, session identifiers, node identifiers, endpoint identifiers, coordinates, geometry, addresses, or catalog prices. Use allowlisted labels and coarse buckets only.",7 measured Python loops; 1 algorithms/repeated work; 4 allocations/copying
hook-diag-0122,targeted diagnostic hook,src/maps/launcher/_viewer_url_switch.py,_ViewerUrlSwitch._add_url_switch_device_labels,loop_counter,loop.iterations_total;loop.items_total;loop.wall_ns;loop.process_cpu_ns;loop.skipped_total,"Measure the complete loop, not one iteration. Count the iterations and the produced items.",file;symbol;loop_name;result;workload_size,Record one aggregate event for each loop execution. Bucket the iteration count. Never emit an event for each iteration.,Increment a local integer inside the loop. Read the clock once before the loop and once after it.,"Do not record credentials, tokens, request or response bodies, SQL text, bind values, absolute file paths, URLs with a query, session identifiers, node identifiers, endpoint identifiers, coordinates, geometry, addresses, or catalog prices. Use allowlisted labels and coarse buckets only.",7 measured Python loops; 1 algorithms/repeated work; 4 allocations/copying
hook-diag-0123,targeted diagnostic hook,src/maps/launcher/_viewer_url_switch.py,_ViewerUrlSwitch._build_device_arrays,loop_counter,loop.iterations_total;loop.items_total;loop.wall_ns;loop.process_cpu_ns;loop.skipped_total,"Measure the complete loop, not one iteration. Count the iterations and the produced items.",file;symbol;loop_name;result;workload_size,Record one aggregate event for each loop execution. Bucket the iteration count. Never emit an event for each iteration.,Increment a local integer inside the loop. Read the clock once before the loop and once after it.,"Do not record credentials, tokens, request or response bodies, SQL text, bind values, absolute file paths, URLs with a query, session identifiers, node identifiers, endpoint identifiers, coordinates, geometry, addresses, or catalog prices. Use allowlisted labels and coarse buckets only.",7 measured Python loops; 1 algorithms/repeated work; 4 allocations/copying
hook-diag-0124,targeted diagnostic hook,src/maps/maps_manager.py,MapsManager._collect_all_org_map_rows,loop_counter,loop.iterations_total;loop.items_total;loop.wall_ns;loop.process_cpu_ns;loop.skipped_total,"Measure the complete loop, not one iteration. Count the iterations and the produced items.",file;symbol;loop_name;result;workload_size,Record one aggregate event for each loop execution. Bucket the iteration count. Never emit an event for each iteration.,Increment a local integer inside the loop. Read the clock once before the loop and once after it.,"Do not record credentials, tokens, request or response bodies, SQL text, bind values, absolute file paths, URLs with a query, session identifiers, node identifiers, endpoint identifiers, coordinates, geometry, addresses, or catalog prices. Use allowlisted labels and coarse buckets only.",7 measured Python loops; 1 algorithms/repeated work; 4 allocations/copying
hook-diag-0125,targeted diagnostic hook,src/marvis/marvis_utils.py,MarvisDataUtils._expand_sites_rows,loop_counter,loop.iterations_total;loop.items_total;loop.wall_ns;loop.process_cpu_ns;loop.skipped_total,"Measure the complete loop, not one iteration. Count the iterations and the produced items.",file;symbol;loop_name;result;workload_size,Record one aggregate event for each loop execution. Bucket the iteration count. Never emit an event for each iteration.,Increment a local integer inside the loop. Read the clock once before the loop and once after it.,"Do not record credentials, tokens, request or response bodies, SQL text, bind values, absolute file paths, URLs with a query, session identifiers, node identifiers, endpoint identifiers, coordinates, geometry, addresses, or catalog prices. Use allowlisted labels and coarse buckets only.",7 measured Python loops; 1 algorithms/repeated work; 4 allocations/copying
hook-diag-0126,targeted diagnostic hook,src/metrics_gateway/samples.py,SampleBuilder,gc_diagnostic,gc.collections_total;gc.collected_total;gc.uncollectable_total;gc.pause_wall_ns;gc.tracked_objects,Measure the cyclic collector with bounded callbacks around the named workload.,file;symbol;generation;workload_name;workload_size,Run only in a bounded diagnostic session. Remove every callback in a finally block.,"Save the enabled state and the thresholds. Restore both on every path, including a failure path.","Do not record credentials, tokens, request or response bodies, SQL text, bind values, absolute file paths, URLs with a query, session identifiers, node identifiers, endpoint identifiers, coordinates, geometry, addresses, or catalog prices. Use allowlisted labels and coarse buckets only.",8 object layout/GC; 4 allocations/copying; 3 data structures
hook-diag-0127,targeted diagnostic hook,src/metrics_gateway/snmp.py,OidTree._build,loop_counter,loop.iterations_total;loop.items_total;loop.wall_ns;loop.process_cpu_ns;loop.skipped_total,"Measure the complete loop, not one iteration. Count the iterations and the produced items.",file;symbol;loop_name;result;workload_size,Record one aggregate event for each loop execution. Bucket the iteration count. Never emit an event for each iteration.,Increment a local integer inside the loop. Read the clock once before the loop and once after it.,"Do not record credentials, tokens, request or response bodies, SQL text, bind values, absolute file paths, URLs with a query, session identifiers, node identifiers, endpoint identifiers, coordinates, geometry, addresses, or catalog prices. Use allowlisted labels and coarse buckets only.",7 measured Python loops; 1 algorithms/repeated work; 4 allocations/copying
hook-diag-0128,targeted diagnostic hook,src/metrics_gateway/snmp.py,protect_protocol_streams,loop_counter,loop.iterations_total;loop.items_total;loop.wall_ns;loop.process_cpu_ns;loop.skipped_total,"Measure the complete loop, not one iteration. Count the iterations and the produced items.",file;symbol;loop_name;result;workload_size,Record one aggregate event for each loop execution. Bucket the iteration count. Never emit an event for each iteration.,Increment a local integer inside the loop. Read the clock once before the loop and once after it.,"Do not record credentials, tokens, request or response bodies, SQL text, bind values, absolute file paths, URLs with a query, session identifiers, node identifiers, endpoint identifiers, coordinates, geometry, addresses, or catalog prices. Use allowlisted labels and coarse buckets only.",7 measured Python loops; 1 algorithms/repeated work; 4 allocations/copying
hook-diag-0129,targeted diagnostic hook,src/mib_generator/runner.py,MibGeneratorRunner._missing_fields,loop_counter,loop.iterations_total;loop.items_total;loop.wall_ns;loop.process_cpu_ns;loop.skipped_total,"Measure the complete loop, not one iteration. Count the iterations and the produced items.",file;symbol;loop_name;result;workload_size,Record one aggregate event for each loop execution. Bucket the iteration count. Never emit an event for each iteration.,Increment a local integer inside the loop. Read the clock once before the loop and once after it.,"Do not record credentials, tokens, request or response bodies, SQL text, bind values, absolute file paths, URLs with a query, session identifiers, node identifiers, endpoint identifiers, coordinates, geometry, addresses, or catalog prices. Use allowlisted labels and coarse buckets only.",7 measured Python loops; 1 algorithms/repeated work; 4 allocations/copying
hook-diag-0130,targeted diagnostic hook,src/mib_generator/schema.py,SchemaFlattener._property_sets,loop_counter,loop.iterations_total;loop.items_total;loop.wall_ns;loop.process_cpu_ns;loop.skipped_total,"Measure the complete loop, not one iteration. Count the iterations and the produced items.",file;symbol;loop_name;result;workload_size,Record one aggregate event for each loop execution. Bucket the iteration count. Never emit an event for each iteration.,Increment a local integer inside the loop. Read the clock once before the loop and once after it.,"Do not record credentials, tokens, request or response bodies, SQL text, bind values, absolute file paths, URLs with a query, session identifiers, node identifiers, endpoint identifiers, coordinates, geometry, addresses, or catalog prices. Use allowlisted labels and coarse buckets only.",7 measured Python loops; 1 algorithms/repeated work; 4 allocations/copying
hook-diag-0131,targeted diagnostic hook,src/network/_routing_utils_forwarding.py,_RoutingUtilsForwarding._extract_forwarding_from_dict,loop_counter,loop.iterations_total;loop.items_total;loop.wall_ns;loop.process_cpu_ns;loop.skipped_total,"Measure the complete loop, not one iteration. Count the iterations and the produced items.",file;symbol;loop_name;result;workload_size,Record one aggregate event for each loop execution. Bucket the iteration count. Never emit an event for each iteration.,Increment a local integer inside the loop. Read the clock once before the loop and once after it.,"Do not record credentials, tokens, request or response bodies, SQL text, bind values, absolute file paths, URLs with a query, session identifiers, node identifiers, endpoint identifiers, coordinates, geometry, addresses, or catalog prices. Use allowlisted labels and coarse buckets only.",7 measured Python loops; 1 algorithms/repeated work; 4 allocations/copying
hook-diag-0132,targeted diagnostic hook,src/org/org_synthetic_probes_manager.py,_nearest_zens_from_pool,loop_counter,loop.iterations_total;loop.items_total;loop.wall_ns;loop.process_cpu_ns;loop.skipped_total,"Measure the complete loop, not one iteration. Count the iterations and the produced items.",file;symbol;loop_name;result;workload_size,Record one aggregate event for each loop execution. Bucket the iteration count. Never emit an event for each iteration.,Increment a local integer inside the loop. Read the clock once before the loop and once after it.,"Do not record credentials, tokens, request or response bodies, SQL text, bind values, absolute file paths, URLs with a query, session identifiers, node identifiers, endpoint identifiers, coordinates, geometry, addresses, or catalog prices. Use allowlisted labels and coarse buckets only.",7 measured Python loops; 1 algorithms/repeated work; 4 allocations/copying
hook-diag-0133,targeted diagnostic hook,src/org/org_synthetic_probes_manager.py,_prompt_mode,loop_counter,loop.iterations_total;loop.items_total;loop.wall_ns;loop.process_cpu_ns;loop.skipped_total,"Measure the complete loop, not one iteration. Count the iterations and the produced items.",file;symbol;loop_name;result;workload_size,Record one aggregate event for each loop execution. Bucket the iteration count. Never emit an event for each iteration.,Increment a local integer inside the loop. Read the clock once before the loop and once after it.,"Do not record credentials, tokens, request or response bodies, SQL text, bind values, absolute file paths, URLs with a query, session identifiers, node identifiers, endpoint identifiers, coordinates, geometry, addresses, or catalog prices. Use allowlisted labels and coarse buckets only.",7 measured Python loops; 1 algorithms/repeated work; 4 allocations/copying
hook-diag-0134,targeted diagnostic hook,src/org/org_synthetic_probes_manager.py,_prompt_site_indexes,loop_counter,loop.iterations_total;loop.items_total;loop.wall_ns;loop.process_cpu_ns;loop.skipped_total,"Measure the complete loop, not one iteration. Count the iterations and the produced items.",file;symbol;loop_name;result;workload_size,Record one aggregate event for each loop execution. Bucket the iteration count. Never emit an event for each iteration.,Increment a local integer inside the loop. Read the clock once before the loop and once after it.,"Do not record credentials, tokens, request or response bodies, SQL text, bind values, absolute file paths, URLs with a query, session identifiers, node identifiers, endpoint identifiers, coordinates, geometry, addresses, or catalog prices. Use allowlisted labels and coarse buckets only.",7 measured Python loops; 1 algorithms/repeated work; 4 allocations/copying
hook-diag-0135,targeted diagnostic hook,src/org/org_ticket_manager.py,OrgTicketManager._render_comments_block,loop_counter,loop.iterations_total;loop.items_total;loop.wall_ns;loop.process_cpu_ns;loop.skipped_total,"Measure the complete loop, not one iteration. Count the iterations and the produced items.",file;symbol;loop_name;result;workload_size,Record one aggregate event for each loop execution. Bucket the iteration count. Never emit an event for each iteration.,Increment a local integer inside the loop. Read the clock once before the loop and once after it.,"Do not record credentials, tokens, request or response bodies, SQL text, bind values, absolute file paths, URLs with a query, session identifiers, node identifiers, endpoint identifiers, coordinates, geometry, addresses, or catalog prices. Use allowlisted labels and coarse buckets only.",7 measured Python loops; 1 algorithms/repeated work; 4 allocations/copying
hook-diag-0136,targeted diagnostic hook,src/refactors/connection_pool_executor.py,ConnectionPoolExecutor._pool_run_all_batches,loop_counter,loop.iterations_total;loop.items_total;loop.wall_ns;loop.process_cpu_ns;loop.skipped_total,"Measure the complete loop, not one iteration. Count the iterations and the produced items.",file;symbol;loop_name;result;workload_size,Record one aggregate event for each loop execution. Bucket the iteration count. Never emit an event for each iteration.,Increment a local integer inside the loop. Read the clock once before the loop and once after it.,"Do not record credentials, tokens, request or response bodies, SQL text, bind values, absolute file paths, URLs with a query, session identifiers, node identifiers, endpoint identifiers, coordinates, geometry, addresses, or catalog prices. Use allowlisted labels and coarse buckets only.",7 measured Python loops; 1 algorithms/repeated work; 4 allocations/copying
hook-diag-0137,targeted diagnostic hook,src/refactors/serial_cc/test_results_by_site.py,GatewayTestResultsService._collect_fast,loop_counter,loop.iterations_total;loop.items_total;loop.wall_ns;loop.process_cpu_ns;loop.skipped_total,"Measure the complete loop, not one iteration. Count the iterations and the produced items.",file;symbol;loop_name;result;workload_size,Record one aggregate event for each loop execution. Bucket the iteration count. Never emit an event for each iteration.,Increment a local integer inside the loop. Read the clock once before the loop and once after it.,"Do not record credentials, tokens, request or response bodies, SQL text, bind values, absolute file paths, URLs with a query, session identifiers, node identifiers, endpoint identifiers, coordinates, geometry, addresses, or catalog prices. Use allowlisted labels and coarse buckets only.",7 measured Python loops; 1 algorithms/repeated work; 4 allocations/copying
hook-diag-0138,targeted diagnostic hook,src/refactors/wanprobe_config_manager.py,WANProbeConfigManager._show_preview,loop_counter,loop.iterations_total;loop.items_total;loop.wall_ns;loop.process_cpu_ns;loop.skipped_total,"Measure the complete loop, not one iteration. Count the iterations and the produced items.",file;symbol;loop_name;result;workload_size,Record one aggregate event for each loop execution. Bucket the iteration count. Never emit an event for each iteration.,Increment a local integer inside the loop. Read the clock once before the loop and once after it.,"Do not record credentials, tokens, request or response bodies, SQL text, bind values, absolute file paths, URLs with a query, session identifiers, node identifiers, endpoint identifiers, coordinates, geometry, addresses, or catalog prices. Use allowlisted labels and coarse buckets only.",7 measured Python loops; 1 algorithms/repeated work; 4 allocations/copying
hook-diag-0139,targeted diagnostic hook,src/reports/e911_bssid.py,E911BSSIDReportGenerator._append_ap_rows,loop_counter,loop.iterations_total;loop.items_total;loop.wall_ns;loop.process_cpu_ns;loop.skipped_total,"Measure the complete loop, not one iteration. Count the iterations and the produced items.",file;symbol;loop_name;result;workload_size,Record one aggregate event for each loop execution. Bucket the iteration count. Never emit an event for each iteration.,Increment a local integer inside the loop. Read the clock once before the loop and once after it.,"Do not record credentials, tokens, request or response bodies, SQL text, bind values, absolute file paths, URLs with a query, session identifiers, node identifiers, endpoint identifiers, coordinates, geometry, addresses, or catalog prices. Use allowlisted labels and coarse buckets only.",7 measured Python loops; 1 algorithms/repeated work; 4 allocations/copying
hook-diag-0140,targeted diagnostic hook,src/reports/e911_bssid.py,E911BSSIDReportGenerator._emit_bssid_rows,loop_counter,loop.iterations_total;loop.items_total;loop.wall_ns;loop.process_cpu_ns;loop.skipped_total,"Measure the complete loop, not one iteration. Count the iterations and the produced items.",file;symbol;loop_name;result;workload_size,Record one aggregate event for each loop execution. Bucket the iteration count. Never emit an event for each iteration.,Increment a local integer inside the loop. Read the clock once before the loop and once after it.,"Do not record credentials, tokens, request or response bodies, SQL text, bind values, absolute file paths, URLs with a query, session identifiers, node identifiers, endpoint identifiers, coordinates, geometry, addresses, or catalog prices. Use allowlisted labels and coarse buckets only.",7 measured Python loops; 1 algorithms/repeated work; 4 allocations/copying
hook-diag-0141,targeted diagnostic hook,src/reports/offline_device_reporter.py,OfflineDeviceReporter._render_offline_breakdowns,loop_counter,loop.iterations_total;loop.items_total;loop.wall_ns;loop.process_cpu_ns;loop.skipped_total,"Measure the complete loop, not one iteration. Count the iterations and the produced items.",file;symbol;loop_name;result;workload_size,Record one aggregate event for each loop execution. Bucket the iteration count. Never emit an event for each iteration.,Increment a local integer inside the loop. Read the clock once before the loop and once after it.,"Do not record credentials, tokens, request or response bodies, SQL text, bind values, absolute file paths, URLs with a query, session identifiers, node identifiers, endpoint identifiers, coordinates, geometry, addresses, or catalog prices. Use allowlisted labels and coarse buckets only.",7 measured Python loops; 1 algorithms/repeated work; 4 allocations/copying
hook-diag-0142,targeted diagnostic hook,src/reports/ssid_broadcast_gap_report.py,SSIDBroadcastGapReport._find_missing_sites,loop_counter,loop.iterations_total;loop.items_total;loop.wall_ns;loop.process_cpu_ns;loop.skipped_total,"Measure the complete loop, not one iteration. Count the iterations and the produced items.",file;symbol;loop_name;result;workload_size,Record one aggregate event for each loop execution. Bucket the iteration count. Never emit an event for each iteration.,Increment a local integer inside the loop. Read the clock once before the loop and once after it.,"Do not record credentials, tokens, request or response bodies, SQL text, bind values, absolute file paths, URLs with a query, session identifiers, node identifiers, endpoint identifiers, coordinates, geometry, addresses, or catalog prices. Use allowlisted labels and coarse buckets only.",7 measured Python loops; 1 algorithms/repeated work; 4 allocations/copying
hook-diag-0143,targeted diagnostic hook,src/security/credential_redaction.py,CredentialRedactor._redact_in_place,loop_counter,loop.iterations_total;loop.items_total;loop.wall_ns;loop.process_cpu_ns;loop.skipped_total,"Measure the complete loop, not one iteration. Count the iterations and the produced items.",file;symbol;loop_name;result;workload_size,Record one aggregate event for each loop execution. Bucket the iteration count. Never emit an event for each iteration.,Increment a local integer inside the loop. Read the clock once before the loop and once after it.,"Do not record credentials, tokens, request or response bodies, SQL text, bind values, absolute file paths, URLs with a query, session identifiers, node identifiers, endpoint identifiers, coordinates, geometry, addresses, or catalog prices. Use allowlisted labels and coarse buckets only.",7 measured Python loops; 1 algorithms/repeated work; 4 allocations/copying
hook-diag-0144,targeted diagnostic hook,src/site/address_audit/ui_geocoder.py,MistUIGeocoder._edge_executable,loop_counter,loop.iterations_total;loop.items_total;loop.wall_ns;loop.process_cpu_ns;loop.skipped_total,"Measure the complete loop, not one iteration. Count the iterations and the produced items.",file;symbol;loop_name;result;workload_size,Record one aggregate event for each loop execution. Bucket the iteration count. Never emit an event for each iteration.,Increment a local integer inside the loop. Read the clock once before the loop and once after it.,"Do not record credentials, tokens, request or response bodies, SQL text, bind values, absolute file paths, URLs with a query, session identifiers, node identifiers, endpoint identifiers, coordinates, geometry, addresses, or catalog prices. Use allowlisted labels and coarse buckets only.",7 measured Python loops; 1 algorithms/repeated work; 4 allocations/copying
hook-diag-0145,targeted diagnostic hook,src/site/site_config_manager.py,SiteConfigManager._execute_site_creation,loop_counter,loop.iterations_total;loop.items_total;loop.wall_ns;loop.process_cpu_ns;loop.skipped_total,"Measure the complete loop, not one iteration. Count the iterations and the produced items.",file;symbol;loop_name;result;workload_size,Record one aggregate event for each loop execution. Bucket the iteration count. Never emit an event for each iteration.,Increment a local integer inside the loop. Read the clock once before the loop and once after it.,"Do not record credentials, tokens, request or response bodies, SQL text, bind values, absolute file paths, URLs with a query, session identifiers, node identifiers, endpoint identifiers, coordinates, geometry, addresses, or catalog prices. Use allowlisted labels and coarse buckets only.",7 measured Python loops; 1 algorithms/repeated work; 4 allocations/copying
hook-diag-0146,targeted diagnostic hook,src/site/site_config_manager.py,SiteConfigManager._prompt_update_mode,loop_counter,loop.iterations_total;loop.items_total;loop.wall_ns;loop.process_cpu_ns;loop.skipped_total,"Measure the complete loop, not one iteration. Count the iterations and the produced items.",file;symbol;loop_name;result;workload_size,Record one aggregate event for each loop execution. Bucket the iteration count. Never emit an event for each iteration.,Increment a local integer inside the loop. Read the clock once before the loop and once after it.,"Do not record credentials, tokens, request or response bodies, SQL text, bind values, absolute file paths, URLs with a query, session identifiers, node identifiers, endpoint identifiers, coordinates, geometry, addresses, or catalog prices. Use allowlisted labels and coarse buckets only.",7 measured Python loops; 1 algorithms/repeated work; 4 allocations/copying
hook-diag-0147,targeted diagnostic hook,src/ssid_consolidation/_ssid_template_phase1.py,_SsidTemplatePhase1Cluster._build_matrix,loop_counter,loop.iterations_total;loop.items_total;loop.wall_ns;loop.process_cpu_ns;loop.skipped_total,"Measure the complete loop, not one iteration. Count the iterations and the produced items.",file;symbol;loop_name;result;workload_size,Record one aggregate event for each loop execution. Bucket the iteration count. Never emit an event for each iteration.,Increment a local integer inside the loop. Read the clock once before the loop and once after it.,"Do not record credentials, tokens, request or response bodies, SQL text, bind values, absolute file paths, URLs with a query, session identifiers, node identifiers, endpoint identifiers, coordinates, geometry, addresses, or catalog prices. Use allowlisted labels and coarse buckets only.",7 measured Python loops; 1 algorithms/repeated work; 4 allocations/copying
hook-diag-0148,targeted diagnostic hook,src/ssid_consolidation/_ssid_template_phase1.py,_SsidTemplatePhase1Cluster._collect_group_deviations,loop_counter,loop.iterations_total;loop.items_total;loop.wall_ns;loop.process_cpu_ns;loop.skipped_total,"Measure the complete loop, not one iteration. Count the iterations and the produced items.",file;symbol;loop_name;result;workload_size,Record one aggregate event for each loop execution. Bucket the iteration count. Never emit an event for each iteration.,Increment a local integer inside the loop. Read the clock once before the loop and once after it.,"Do not record credentials, tokens, request or response bodies, SQL text, bind values, absolute file paths, URLs with a query, session identifiers, node identifiers, endpoint identifiers, coordinates, geometry, addresses, or catalog prices. Use allowlisted labels and coarse buckets only.",7 measured Python loops; 1 algorithms/repeated work; 4 allocations/copying
hook-diag-0149,targeted diagnostic hook,src/troubleshooting/interactive_test_runner.py,InteractiveTestRunner,gc_diagnostic,gc.collections_total;gc.collected_total;gc.uncollectable_total;gc.pause_wall_ns;gc.tracked_objects,Measure the cyclic collector with bounded callbacks around the named workload.,file;symbol;generation;workload_name;workload_size,Run only in a bounded diagnostic session. Remove every callback in a finally block.,"Save the enabled state and the thresholds. Restore both on every path, including a failure path.","Do not record credentials, tokens, request or response bodies, SQL text, bind values, absolute file paths, URLs with a query, session identifiers, node identifiers, endpoint identifiers, coordinates, geometry, addresses, or catalog prices. Use allowlisted labels and coarse buckets only.",8 object layout/GC; 4 allocations/copying; 3 data structures
hook-diag-0150,targeted diagnostic hook,src/ui/runtime/dotenv_loader.py,DotenvLoader.load,loop_counter,loop.iterations_total;loop.items_total;loop.wall_ns;loop.process_cpu_ns;loop.skipped_total,"Measure the complete loop, not one iteration. Count the iterations and the produced items.",file;symbol;loop_name;result;workload_size,Record one aggregate event for each loop execution. Bucket the iteration count. Never emit an event for each iteration.,Increment a local integer inside the loop. Read the clock once before the loop and once after it.,"Do not record credentials, tokens, request or response bodies, SQL text, bind values, absolute file paths, URLs with a query, session identifiers, node identifiers, endpoint identifiers, coordinates, geometry, addresses, or catalog prices. Use allowlisted labels and coarse buckets only.",7 measured Python loops; 1 algorithms/repeated work; 4 allocations/copying
hook-diag-0151,targeted diagnostic hook,src/upgrade_portal/app/routes/audit.py,create_audit_routes.get_audit_logs,compute_span,compute.wall_ns;compute.process_cpu_ns;compute.items_total;compute.iterations_total;compute.errors_total,Measure the solver or calculation from its validated input through its returned result. Keep database and transport time outside this span.,file;symbol;algorithm;result;workload_size,Record the outer call only. Bucket the input size. Do not time each iteration of an inner loop.,Use one outer timer pair. Use cProfile or a supported sampler for the per-function split in a separate diagnostic run.,"Do not record credentials, tokens, request or response bodies, SQL text, bind values, absolute file paths, URLs with a query, session identifiers, node identifiers, endpoint identifiers, coordinates, geometry, addresses, or catalog prices. Use allowlisted labels and coarse buckets only.",1 algorithms/repeated work; 3 data structures; 7 measured Python loops
hook-diag-0152,targeted diagnostic hook,src/upgrade_portal/app/routes/comparison.py,create_comparison_routes.approve_comparison,allocation_trace,mem.traced_current_bytes;mem.traced_peak_bytes;mem.blocks_total;mem.top_sites_json,Take a tracemalloc snapshot before and after the measured build. Report traced Python bytes only.,file;symbol;workload_name;workload_size;state,Run only in a bounded diagnostic session. Do not enable tracemalloc in normal service operation.,Start and stop tracing in one bounded session. Measure timing in a separate run without tracing.,"Do not record credentials, tokens, request or response bodies, SQL text, bind values, absolute file paths, URLs with a query, session identifiers, node identifiers, endpoint identifiers, coordinates, geometry, addresses, or catalog prices. Use allowlisted labels and coarse buckets only.",4 allocations/copying; 3 data structures; 8 object layout/GC
hook-diag-0153,targeted diagnostic hook,src/upgrade_portal/app/routes/comparison.py,create_comparison_routes.get_comparison_results,compute_span,compute.wall_ns;compute.process_cpu_ns;compute.items_total;compute.iterations_total;compute.errors_total,Measure the solver or calculation from its validated input through its returned result. Keep database and transport time outside this span.,file;symbol;algorithm;result;workload_size,Record the outer call only. Bucket the input size. Do not time each iteration of an inner loop.,Use one outer timer pair. Use cProfile or a supported sampler for the per-function split in a separate diagnostic run.,"Do not record credentials, tokens, request or response bodies, SQL text, bind values, absolute file paths, URLs with a query, session identifiers, node identifiers, endpoint identifiers, coordinates, geometry, addresses, or catalog prices. Use allowlisted labels and coarse buckets only.",1 algorithms/repeated work; 3 data structures; 7 measured Python loops
hook-diag-0154,targeted diagnostic hook,src/upgrade_portal/app/routes/jwt_auth.py,create_jwt_auth_routes.continue_session,compute_span,compute.wall_ns;compute.process_cpu_ns;compute.items_total;compute.iterations_total;compute.errors_total,Measure the solver or calculation from its validated input through its returned result. Keep database and transport time outside this span.,file;symbol;algorithm;result;workload_size,Record the outer call only. Bucket the input size. Do not time each iteration of an inner loop.,Use one outer timer pair. Use cProfile or a supported sampler for the per-function split in a separate diagnostic run.,"Do not record credentials, tokens, request or response bodies, SQL text, bind values, absolute file paths, URLs with a query, session identifiers, node identifiers, endpoint identifiers, coordinates, geometry, addresses, or catalog prices. Use allowlisted labels and coarse buckets only.",1 algorithms/repeated work; 3 data structures; 7 measured Python loops
hook-diag-0155,targeted diagnostic hook,src/upgrade_portal/app/routes/jwt_auth.py,create_jwt_auth_routes.login,compute_span,compute.wall_ns;compute.process_cpu_ns;compute.items_total;compute.iterations_total;compute.errors_total,Measure the solver or calculation from its validated input through its returned result. Keep database and transport time outside this span.,file;symbol;algorithm;result;workload_size,Record the outer call only. Bucket the input size. Do not time each iteration of an inner loop.,Use one outer timer pair. Use cProfile or a supported sampler for the per-function split in a separate diagnostic run.,"Do not record credentials, tokens, request or response bodies, SQL text, bind values, absolute file paths, URLs with a query, session identifiers, node identifiers, endpoint identifiers, coordinates, geometry, addresses, or catalog prices. Use allowlisted labels and coarse buckets only.",1 algorithms/repeated work; 3 data structures; 7 measured Python loops
hook-diag-0156,targeted diagnostic hook,src/upgrade_portal/app/routes/review.py,device_type_text,loop_counter,loop.iterations_total;loop.items_total;loop.wall_ns;loop.process_cpu_ns;loop.skipped_total,"Measure the complete loop, not one iteration. Count the iterations and the produced items.",file;symbol;loop_name;result;workload_size,Record one aggregate event for each loop execution. Bucket the iteration count. Never emit an event for each iteration.,Increment a local integer inside the loop. Read the clock once before the loop and once after it.,"Do not record credentials, tokens, request or response bodies, SQL text, bind values, absolute file paths, URLs with a query, session identifiers, node identifiers, endpoint identifiers, coordinates, geometry, addresses, or catalog prices. Use allowlisted labels and coarse buckets only.",7 measured Python loops; 1 algorithms/repeated work; 4 allocations/copying
hook-diag-0157,targeted diagnostic hook,src/upgrade_portal/app/routes/review.py,page_rows,loop_counter,loop.iterations_total;loop.items_total;loop.wall_ns;loop.process_cpu_ns;loop.skipped_total,"Measure the complete loop, not one iteration. Count the iterations and the produced items.",file;symbol;loop_name;result;workload_size,Record one aggregate event for each loop execution. Bucket the iteration count. Never emit an event for each iteration.,Increment a local integer inside the loop. Read the clock once before the loop and once after it.,"Do not record credentials, tokens, request or response bodies, SQL text, bind values, absolute file paths, URLs with a query, session identifiers, node identifiers, endpoint identifiers, coordinates, geometry, addresses, or catalog prices. Use allowlisted labels and coarse buckets only.",7 measured Python loops; 1 algorithms/repeated work; 4 allocations/copying
hook-diag-0158,targeted diagnostic hook,src/upgrade_portal/app/routes/runs.py,create_runs_routes.create_run,allocation_trace,mem.traced_current_bytes;mem.traced_peak_bytes;mem.blocks_total;mem.top_sites_json,Take a tracemalloc snapshot before and after the measured build. Report traced Python bytes only.,file;symbol;workload_name;workload_size;state,Run only in a bounded diagnostic session. Do not enable tracemalloc in normal service operation.,Start and stop tracing in one bounded session. Measure timing in a separate run without tracing.,"Do not record credentials, tokens, request or response bodies, SQL text, bind values, absolute file paths, URLs with a query, session identifiers, node identifiers, endpoint identifiers, coordinates, geometry, addresses, or catalog prices. Use allowlisted labels and coarse buckets only.",4 allocations/copying; 3 data structures; 8 object layout/GC
hook-diag-0159,targeted diagnostic hook,src/upgrade_portal/app/routes/runs.py,create_runs_routes.update_run,loop_counter,loop.iterations_total;loop.items_total;loop.wall_ns;loop.process_cpu_ns;loop.skipped_total,"Measure the complete loop, not one iteration. Count the iterations and the produced items.",file;symbol;loop_name;result;workload_size,Record one aggregate event for each loop execution. Bucket the iteration count. Never emit an event for each iteration.,Increment a local integer inside the loop. Read the clock once before the loop and once after it.,"Do not record credentials, tokens, request or response bodies, SQL text, bind values, absolute file paths, URLs with a query, session identifiers, node identifiers, endpoint identifiers, coordinates, geometry, addresses, or catalog prices. Use allowlisted labels and coarse buckets only.",7 measured Python loops; 1 algorithms/repeated work; 4 allocations/copying
hook-diag-0160,targeted diagnostic hook,src/upgrade_portal/app/routes/upgrade.py,confirm_warnings,loop_counter,loop.iterations_total;loop.items_total;loop.wall_ns;loop.process_cpu_ns;loop.skipped_total,"Measure the complete loop, not one iteration. Count the iterations and the produced items.",file;symbol;loop_name;result;workload_size,Record one aggregate event for each loop execution. Bucket the iteration count. Never emit an event for each iteration.,Increment a local integer inside the loop. Read the clock once before the loop and once after it.,"Do not record credentials, tokens, request or response bodies, SQL text, bind values, absolute file paths, URLs with a query, session identifiers, node identifiers, endpoint identifiers, coordinates, geometry, addresses, or catalog prices. Use allowlisted labels and coarse buckets only.",7 measured Python loops; 1 algorithms/repeated work; 4 allocations/copying
hook-diag-0161,targeted diagnostic hook,src/upgrade_portal/app/routes/upgrade.py,plan_warnings,loop_counter,loop.iterations_total;loop.items_total;loop.wall_ns;loop.process_cpu_ns;loop.skipped_total,"Measure the complete loop, not one iteration. Count the iterations and the produced items.",file;symbol;loop_name;result;workload_size,Record one aggregate event for each loop execution. Bucket the iteration count. Never emit an event for each iteration.,Increment a local integer inside the loop. Read the clock once before the loop and once after it.,"Do not record credentials, tokens, request or response bodies, SQL text, bind values, absolute file paths, URLs with a query, session identifiers, node identifiers, endpoint identifiers, coordinates, geometry, addresses, or catalog prices. Use allowlisted labels and coarse buckets only.",7 measured Python loops; 1 algorithms/repeated work; 4 allocations/copying
hook-diag-0162,targeted diagnostic hook,src/upgrade_portal/app/routes/upgrade.py,rebased_options,loop_counter,loop.iterations_total;loop.items_total;loop.wall_ns;loop.process_cpu_ns;loop.skipped_total,"Measure the complete loop, not one iteration. Count the iterations and the produced items.",file;symbol;loop_name;result;workload_size,Record one aggregate event for each loop execution. Bucket the iteration count. Never emit an event for each iteration.,Increment a local integer inside the loop. Read the clock once before the loop and once after it.,"Do not record credentials, tokens, request or response bodies, SQL text, bind values, absolute file paths, URLs with a query, session identifiers, node identifiers, endpoint identifiers, coordinates, geometry, addresses, or catalog prices. Use allowlisted labels and coarse buckets only.",7 measured Python loops; 1 algorithms/repeated work; 4 allocations/copying
hook-diag-0163,targeted diagnostic hook,src/upgrade_portal/app/seam_shapes.py,check_stand_in,loop_counter,loop.iterations_total;loop.items_total;loop.wall_ns;loop.process_cpu_ns;loop.skipped_total,"Measure the complete loop, not one iteration. Count the iterations and the produced items.",file;symbol;loop_name;result;workload_size,Record one aggregate event for each loop execution. Bucket the iteration count. Never emit an event for each iteration.,Increment a local integer inside the loop. Read the clock once before the loop and once after it.,"Do not record credentials, tokens, request or response bodies, SQL text, bind values, absolute file paths, URLs with a query, session identifiers, node identifiers, endpoint identifiers, coordinates, geometry, addresses, or catalog prices. Use allowlisted labels and coarse buckets only.",7 measured Python loops; 1 algorithms/repeated work; 4 allocations/copying
hook-diag-0164,targeted diagnostic hook,src/upgrade_portal/app/wiring.py,stop_targets,loop_counter,loop.iterations_total;loop.items_total;loop.wall_ns;loop.process_cpu_ns;loop.skipped_total,"Measure the complete loop, not one iteration. Count the iterations and the produced items.",file;symbol;loop_name;result;workload_size,Record one aggregate event for each loop execution. Bucket the iteration count. Never emit an event for each iteration.,Increment a local integer inside the loop. Read the clock once before the loop and once after it.,"Do not record credentials, tokens, request or response bodies, SQL text, bind values, absolute file paths, URLs with a query, session identifiers, node identifiers, endpoint identifiers, coordinates, geometry, addresses, or catalog prices. Use allowlisted labels and coarse buckets only.",7 measured Python loops; 1 algorithms/repeated work; 4 allocations/copying
hook-diag-0165,targeted diagnostic hook,src/upgrade_portal/audit/logger.py,AuditLogger.get_audit_logs,compute_span,compute.wall_ns;compute.process_cpu_ns;compute.items_total;compute.iterations_total;compute.errors_total,Measure the solver or calculation from its validated input through its returned result. Keep database and transport time outside this span.,file;symbol;algorithm;result;workload_size,Record the outer call only. Bucket the input size. Do not time each iteration of an inner loop.,Use one outer timer pair. Use cProfile or a supported sampler for the per-function split in a separate diagnostic run.,"Do not record credentials, tokens, request or response bodies, SQL text, bind values, absolute file paths, URLs with a query, session identifiers, node identifiers, endpoint identifiers, coordinates, geometry, addresses, or catalog prices. Use allowlisted labels and coarse buckets only.",1 algorithms/repeated work; 3 data structures; 7 measured Python loops
hook-diag-0166,targeted diagnostic hook,src/upgrade_portal/auth/session.py,PauseResumeManager.pause_session,compute_span,compute.wall_ns;compute.process_cpu_ns;compute.items_total;compute.iterations_total;compute.errors_total,Measure the solver or calculation from its validated input through its returned result. Keep database and transport time outside this span.,file;symbol;algorithm;result;workload_size,Record the outer call only. Bucket the input size. Do not time each iteration of an inner loop.,Use one outer timer pair. Use cProfile or a supported sampler for the per-function split in a separate diagnostic run.,"Do not record credentials, tokens, request or response bodies, SQL text, bind values, absolute file paths, URLs with a query, session identifiers, node identifiers, endpoint identifiers, coordinates, geometry, addresses, or catalog prices. Use allowlisted labels and coarse buckets only.",1 algorithms/repeated work; 3 data structures; 7 measured Python loops
hook-diag-0167,targeted diagnostic hook,src/upgrade_portal/auth/session.py,PauseResumeManager.resume_session,compute_span,compute.wall_ns;compute.process_cpu_ns;compute.items_total;compute.iterations_total;compute.errors_total,Measure the solver or calculation from its validated input through its returned result. Keep database and transport time outside this span.,file;symbol;algorithm;result;workload_size,Record the outer call only. Bucket the input size. Do not time each iteration of an inner loop.,Use one outer timer pair. Use cProfile or a supported sampler for the per-function split in a separate diagnostic run.,"Do not record credentials, tokens, request or response bodies, SQL text, bind values, absolute file paths, URLs with a query, session identifiers, node identifiers, endpoint identifiers, coordinates, geometry, addresses, or catalog prices. Use allowlisted labels and coarse buckets only.",1 algorithms/repeated work; 3 data structures; 7 measured Python loops
hook-diag-0168,targeted diagnostic hook,src/upgrade_portal/capture/assembly.py,fill_device_names,loop_counter,loop.iterations_total;loop.items_total;loop.wall_ns;loop.process_cpu_ns;loop.skipped_total,"Measure the complete loop, not one iteration. Count the iterations and the produced items.",file;symbol;loop_name;result;workload_size,Record one aggregate event for each loop execution. Bucket the iteration count. Never emit an event for each iteration.,Increment a local integer inside the loop. Read the clock once before the loop and once after it.,"Do not record credentials, tokens, request or response bodies, SQL text, bind values, absolute file paths, URLs with a query, session identifiers, node identifiers, endpoint identifiers, coordinates, geometry, addresses, or catalog prices. Use allowlisted labels and coarse buckets only.",7 measured Python loops; 1 algorithms/repeated work; 4 allocations/copying
hook-diag-0169,targeted diagnostic hook,src/upgrade_portal/capture/assembly.py,run_call_groups,loop_counter,loop.iterations_total;loop.items_total;loop.wall_ns;loop.process_cpu_ns;loop.skipped_total,"Measure the complete loop, not one iteration. Count the iterations and the produced items.",file;symbol;loop_name;result;workload_size,Record one aggregate event for each loop execution. Bucket the iteration count. Never emit an event for each iteration.,Increment a local integer inside the loop. Read the clock once before the loop and once after it.,"Do not record credentials, tokens, request or response bodies, SQL text, bind values, absolute file paths, URLs with a query, session identifiers, node identifiers, endpoint identifiers, coordinates, geometry, addresses, or catalog prices. Use allowlisted labels and coarse buckets only.",7 measured Python loops; 1 algorithms/repeated work; 4 allocations/copying
hook-diag-0170,targeted diagnostic hook,src/upgrade_portal/capture/assembly.py,stamp_size,loop_counter,loop.iterations_total;loop.items_total;loop.wall_ns;loop.process_cpu_ns;loop.skipped_total,"Measure the complete loop, not one iteration. Count the iterations and the produced items.",file;symbol;loop_name;result;workload_size,Record one aggregate event for each loop execution. Bucket the iteration count. Never emit an event for each iteration.,Increment a local integer inside the loop. Read the clock once before the loop and once after it.,"Do not record credentials, tokens, request or response bodies, SQL text, bind values, absolute file paths, URLs with a query, session identifiers, node identifiers, endpoint identifiers, coordinates, geometry, addresses, or catalog prices. Use allowlisted labels and coarse buckets only.",7 measured Python loops; 1 algorithms/repeated work; 4 allocations/copying
hook-diag-0171,targeted diagnostic hook,src/upgrade_portal/capture/clients.py,join_wireless_clients,loop_counter,loop.iterations_total;loop.items_total;loop.wall_ns;loop.process_cpu_ns;loop.skipped_total,"Measure the complete loop, not one iteration. Count the iterations and the produced items.",file;symbol;loop_name;result;workload_size,Record one aggregate event for each loop execution. Bucket the iteration count. Never emit an event for each iteration.,Increment a local integer inside the loop. Read the clock once before the loop and once after it.,"Do not record credentials, tokens, request or response bodies, SQL text, bind values, absolute file paths, URLs with a query, session identifiers, node identifiers, endpoint identifiers, coordinates, geometry, addresses, or catalog prices. Use allowlisted labels and coarse buckets only.",7 measured Python loops; 1 algorithms/repeated work; 4 allocations/copying
hook-diag-0172,targeted diagnostic hook,src/upgrade_portal/capture/devices.py,_member_view,loop_counter,loop.iterations_total;loop.items_total;loop.wall_ns;loop.process_cpu_ns;loop.skipped_total,"Measure the complete loop, not one iteration. Count the iterations and the produced items.",file;symbol;loop_name;result;workload_size,Record one aggregate event for each loop execution. Bucket the iteration count. Never emit an event for each iteration.,Increment a local integer inside the loop. Read the clock once before the loop and once after it.,"Do not record credentials, tokens, request or response bodies, SQL text, bind values, absolute file paths, URLs with a query, session identifiers, node identifiers, endpoint identifiers, coordinates, geometry, addresses, or catalog prices. Use allowlisted labels and coarse buckets only.",7 measured Python loops; 1 algorithms/repeated work; 4 allocations/copying
hook-diag-0173,targeted diagnostic hook,src/upgrade_portal/capture/export.py,client_rows,loop_counter,loop.iterations_total;loop.items_total;loop.wall_ns;loop.process_cpu_ns;loop.skipped_total,"Measure the complete loop, not one iteration. Count the iterations and the produced items.",file;symbol;loop_name;result;workload_size,Record one aggregate event for each loop execution. Bucket the iteration count. Never emit an event for each iteration.,Increment a local integer inside the loop. Read the clock once before the loop and once after it.,"Do not record credentials, tokens, request or response bodies, SQL text, bind values, absolute file paths, URLs with a query, session identifiers, node identifiers, endpoint identifiers, coordinates, geometry, addresses, or catalog prices. Use allowlisted labels and coarse buckets only.",7 measured Python loops; 1 algorithms/repeated work; 4 allocations/copying
hook-diag-0174,targeted diagnostic hook,src/upgrade_portal/capture/export.py,extra_rows,loop_counter,loop.iterations_total;loop.items_total;loop.wall_ns;loop.process_cpu_ns;loop.skipped_total,"Measure the complete loop, not one iteration. Count the iterations and the produced items.",file;symbol;loop_name;result;workload_size,Record one aggregate event for each loop execution. Bucket the iteration count. Never emit an event for each iteration.,Increment a local integer inside the loop. Read the clock once before the loop and once after it.,"Do not record credentials, tokens, request or response bodies, SQL text, bind values, absolute file paths, URLs with a query, session identifiers, node identifiers, endpoint identifiers, coordinates, geometry, addresses, or catalog prices. Use allowlisted labels and coarse buckets only.",7 measured Python loops; 1 algorithms/repeated work; 4 allocations/copying
hook-diag-0175,targeted diagnostic hook,src/upgrade_portal/capture/extras.py,_radio_section,loop_counter,loop.iterations_total;loop.items_total;loop.wall_ns;loop.process_cpu_ns;loop.skipped_total,"Measure the complete loop, not one iteration. Count the iterations and the produced items.",file;symbol;loop_name;result;workload_size,Record one aggregate event for each loop execution. Bucket the iteration count. Never emit an event for each iteration.,Increment a local integer inside the loop. Read the clock once before the loop and once after it.,"Do not record credentials, tokens, request or response bodies, SQL text, bind values, absolute file paths, URLs with a query, session identifiers, node identifiers, endpoint identifiers, coordinates, geometry, addresses, or catalog prices. Use allowlisted labels and coarse buckets only.",7 measured Python loops; 1 algorithms/repeated work; 4 allocations/copying
hook-diag-0176,targeted diagnostic hook,src/upgrade_portal/capture/service.py,CaptureService._fetch_device_captures,allocation_trace,mem.traced_current_bytes;mem.traced_peak_bytes;mem.blocks_total;mem.top_sites_json,Take a tracemalloc snapshot before and after the measured build. Report traced Python bytes only.,file;symbol;workload_name;workload_size;state,Run only in a bounded diagnostic session. Do not enable tracemalloc in normal service operation.,Start and stop tracing in one bounded session. Measure timing in a separate run without tracing.,"Do not record credentials, tokens, request or response bodies, SQL text, bind values, absolute file paths, URLs with a query, session identifiers, node identifiers, endpoint identifiers, coordinates, geometry, addresses, or catalog prices. Use allowlisted labels and coarse buckets only.",4 allocations/copying; 3 data structures; 8 object layout/GC
hook-diag-0177,targeted diagnostic hook,src/upgrade_portal/capture/service.py,CaptureService._fetch_device_with_retry,loop_counter,loop.iterations_total;loop.items_total;loop.wall_ns;loop.process_cpu_ns;loop.skipped_total,"Measure the complete loop, not one iteration. Count the iterations and the produced items.",file;symbol;loop_name;result;workload_size,Record one aggregate event for each loop execution. Bucket the iteration count. Never emit an event for each iteration.,Increment a local integer inside the loop. Read the clock once before the loop and once after it.,"Do not record credentials, tokens, request or response bodies, SQL text, bind values, absolute file paths, URLs with a query, session identifiers, node identifiers, endpoint identifiers, coordinates, geometry, addresses, or catalog prices. Use allowlisted labels and coarse buckets only.",7 measured Python loops; 1 algorithms/repeated work; 4 allocations/copying
hook-diag-0178,targeted diagnostic hook,src/upgrade_portal/capture/service.py,CaptureService.capture_pre_upgrade,compute_span,compute.wall_ns;compute.process_cpu_ns;compute.items_total;compute.iterations_total;compute.errors_total,Measure the solver or calculation from its validated input through its returned result. Keep database and transport time outside this span.,file;symbol;algorithm;result;workload_size,Record the outer call only. Bucket the input size. Do not time each iteration of an inner loop.,Use one outer timer pair. Use cProfile or a supported sampler for the per-function split in a separate diagnostic run.,"Do not record credentials, tokens, request or response bodies, SQL text, bind values, absolute file paths, URLs with a query, session identifiers, node identifiers, endpoint identifiers, coordinates, geometry, addresses, or catalog prices. Use allowlisted labels and coarse buckets only.",1 algorithms/repeated work; 3 data structures; 7 measured Python loops
hook-diag-0179,targeted diagnostic hook,src/upgrade_portal/capture/store.py,_stamp_size,loop_counter,loop.iterations_total;loop.items_total;loop.wall_ns;loop.process_cpu_ns;loop.skipped_total,"Measure the complete loop, not one iteration. Count the iterations and the produced items.",file;symbol;loop_name;result;workload_size,Record one aggregate event for each loop execution. Bucket the iteration count. Never emit an event for each iteration.,Increment a local integer inside the loop. Read the clock once before the loop and once after it.,"Do not record credentials, tokens, request or response bodies, SQL text, bind values, absolute file paths, URLs with a query, session identifiers, node identifiers, endpoint identifiers, coordinates, geometry, addresses, or catalog prices. Use allowlisted labels and coarse buckets only.",7 measured Python loops; 1 algorithms/repeated work; 4 allocations/copying
hook-diag-0180,targeted diagnostic hook,src/upgrade_portal/capture/tables.py,device_table,loop_counter,loop.iterations_total;loop.items_total;loop.wall_ns;loop.process_cpu_ns;loop.skipped_total,"Measure the complete loop, not one iteration. Count the iterations and the produced items.",file;symbol;loop_name;result;workload_size,Record one aggregate event for each loop execution. Bucket the iteration count. Never emit an event for each iteration.,Increment a local integer inside the loop. Read the clock once before the loop and once after it.,"Do not record credentials, tokens, request or response bodies, SQL text, bind values, absolute file paths, URLs with a query, session identifiers, node identifiers, endpoint identifiers, coordinates, geometry, addresses, or catalog prices. Use allowlisted labels and coarse buckets only.",7 measured Python loops; 1 algorithms/repeated work; 4 allocations/copying
hook-diag-0181,targeted diagnostic hook,src/upgrade_portal/compare/clients.py,_list_rows,loop_counter,loop.iterations_total;loop.items_total;loop.wall_ns;loop.process_cpu_ns;loop.skipped_total,"Measure the complete loop, not one iteration. Count the iterations and the produced items.",file;symbol;loop_name;result;workload_size,Record one aggregate event for each loop execution. Bucket the iteration count. Never emit an event for each iteration.,Increment a local integer inside the loop. Read the clock once before the loop and once after it.,"Do not record credentials, tokens, request or response bodies, SQL text, bind values, absolute file paths, URLs with a query, session identifiers, node identifiers, endpoint identifiers, coordinates, geometry, addresses, or catalog prices. Use allowlisted labels and coarse buckets only.",7 measured Python loops; 1 algorithms/repeated work; 4 allocations/copying
hook-diag-0182,targeted diagnostic hook,src/upgrade_portal/compare/clients.py,_registry_rows,loop_counter,loop.iterations_total;loop.items_total;loop.wall_ns;loop.process_cpu_ns;loop.skipped_total,"Measure the complete loop, not one iteration. Count the iterations and the produced items.",file;symbol;loop_name;result;workload_size,Record one aggregate event for each loop execution. Bucket the iteration count. Never emit an event for each iteration.,Increment a local integer inside the loop. Read the clock once before the loop and once after it.,"Do not record credentials, tokens, request or response bodies, SQL text, bind values, absolute file paths, URLs with a query, session identifiers, node identifiers, endpoint identifiers, coordinates, geometry, addresses, or catalog prices. Use allowlisted labels and coarse buckets only.",7 measured Python loops; 1 algorithms/repeated work; 4 allocations/copying
hook-diag-0183,targeted diagnostic hook,src/upgrade_portal/compare/diff.py,_field_changes,loop_counter,loop.iterations_total;loop.items_total;loop.wall_ns;loop.process_cpu_ns;loop.skipped_total,"Measure the complete loop, not one iteration. Count the iterations and the produced items.",file;symbol;loop_name;result;workload_size,Record one aggregate event for each loop execution. Bucket the iteration count. Never emit an event for each iteration.,Increment a local integer inside the loop. Read the clock once before the loop and once after it.,"Do not record credentials, tokens, request or response bodies, SQL text, bind values, absolute file paths, URLs with a query, session identifiers, node identifiers, endpoint identifiers, coordinates, geometry, addresses, or catalog prices. Use allowlisted labels and coarse buckets only.",7 measured Python loops; 1 algorithms/repeated work; 4 allocations/copying
hook-diag-0184,targeted diagnostic hook,src/upgrade_portal/compare/download.py,_rows_without_a_filter,loop_counter,loop.iterations_total;loop.items_total;loop.wall_ns;loop.process_cpu_ns;loop.skipped_total,"Measure the complete loop, not one iteration. Count the iterations and the produced items.",file;symbol;loop_name;result;workload_size,Record one aggregate event for each loop execution. Bucket the iteration count. Never emit an event for each iteration.,Increment a local integer inside the loop. Read the clock once before the loop and once after it.,"Do not record credentials, tokens, request or response bodies, SQL text, bind values, absolute file paths, URLs with a query, session identifiers, node identifiers, endpoint identifiers, coordinates, geometry, addresses, or catalog prices. Use allowlisted labels and coarse buckets only.",7 measured Python loops; 1 algorithms/repeated work; 4 allocations/copying
hook-diag-0185,targeted diagnostic hook,src/upgrade_portal/compare/download.py,build_rows,loop_counter,loop.iterations_total;loop.items_total;loop.wall_ns;loop.process_cpu_ns;loop.skipped_total,"Measure the complete loop, not one iteration. Count the iterations and the produced items.",file;symbol;loop_name;result;workload_size,Record one aggregate event for each loop execution. Bucket the iteration count. Never emit an event for each iteration.,Increment a local integer inside the loop. Read the clock once before the loop and once after it.,"Do not record credentials, tokens, request or response bodies, SQL text, bind values, absolute file paths, URLs with a query, session identifiers, node identifiers, endpoint identifiers, coordinates, geometry, addresses, or catalog prices. Use allowlisted labels and coarse buckets only.",7 measured Python loops; 1 algorithms/repeated work; 4 allocations/copying
hook-diag-0186,targeted diagnostic hook,src/upgrade_portal/compare/lock_audit.py,mark_expiries,loop_counter,loop.iterations_total;loop.items_total;loop.wall_ns;loop.process_cpu_ns;loop.skipped_total,"Measure the complete loop, not one iteration. Count the iterations and the produced items.",file;symbol;loop_name;result;workload_size,Record one aggregate event for each loop execution. Bucket the iteration count. Never emit an event for each iteration.,Increment a local integer inside the loop. Read the clock once before the loop and once after it.,"Do not record credentials, tokens, request or response bodies, SQL text, bind values, absolute file paths, URLs with a query, session identifiers, node identifiers, endpoint identifiers, coordinates, geometry, addresses, or catalog prices. Use allowlisted labels and coarse buckets only.",7 measured Python loops; 1 algorithms/repeated work; 4 allocations/copying
hook-diag-0187,targeted diagnostic hook,src/upgrade_portal/compare/service.py,ComparisonResultService._analyze_firmware_deltas,allocation_trace,mem.traced_current_bytes;mem.traced_peak_bytes;mem.blocks_total;mem.top_sites_json,Take a tracemalloc snapshot before and after the measured build. Report traced Python bytes only.,file;symbol;workload_name;workload_size;state,Run only in a bounded diagnostic session. Do not enable tracemalloc in normal service operation.,Start and stop tracing in one bounded session. Measure timing in a separate run without tracing.,"Do not record credentials, tokens, request or response bodies, SQL text, bind values, absolute file paths, URLs with a query, session identifiers, node identifiers, endpoint identifiers, coordinates, geometry, addresses, or catalog prices. Use allowlisted labels and coarse buckets only.",4 allocations/copying; 3 data structures; 8 object layout/GC
hook-diag-0188,targeted diagnostic hook,src/upgrade_portal/compare/service.py,ComparisonResultService._detect_model_changes,loop_counter,loop.iterations_total;loop.items_total;loop.wall_ns;loop.process_cpu_ns;loop.skipped_total,"Measure the complete loop, not one iteration. Count the iterations and the produced items.",file;symbol;loop_name;result;workload_size,Record one aggregate event for each loop execution. Bucket the iteration count. Never emit an event for each iteration.,Increment a local integer inside the loop. Read the clock once before the loop and once after it.,"Do not record credentials, tokens, request or response bodies, SQL text, bind values, absolute file paths, URLs with a query, session identifiers, node identifiers, endpoint identifiers, coordinates, geometry, addresses, or catalog prices. Use allowlisted labels and coarse buckets only.",7 measured Python loops; 1 algorithms/repeated work; 4 allocations/copying
hook-diag-0189,targeted diagnostic hook,src/upgrade_portal/compare/service.py,ComparisonResultService.analyze_deltas,allocation_trace,mem.traced_current_bytes;mem.traced_peak_bytes;mem.blocks_total;mem.top_sites_json,Take a tracemalloc snapshot before and after the measured build. Report traced Python bytes only.,file;symbol;workload_name;workload_size;state,Run only in a bounded diagnostic session. Do not enable tracemalloc in normal service operation.,Start and stop tracing in one bounded session. Measure timing in a separate run without tracing.,"Do not record credentials, tokens, request or response bodies, SQL text, bind values, absolute file paths, URLs with a query, session identifiers, node identifiers, endpoint identifiers, coordinates, geometry, addresses, or catalog prices. Use allowlisted labels and coarse buckets only.",4 allocations/copying; 3 data structures; 8 object layout/GC
hook-diag-0190,targeted diagnostic hook,src/upgrade_portal/locking/session_lock.py,SessionLockManager.acquire_lock,native_boundary,native.wall_ns;native.process_cpu_ns;native.calls_total;native.input_items;native.output_items,"Measure the complete Python to native to Python crossing, including every conversion and copy.",file;symbol;library;operation;result;workload_size,Record the outer crossing. Bucket the item counts. Keep every failure.,Verify documented sequential execution before a comparison. Do not enable a hidden thread pool or a GPU path.,"Do not record credentials, tokens, request or response bodies, SQL text, bind values, absolute file paths, URLs with a query, session identifiers, node identifiers, endpoint identifiers, coordinates, geometry, addresses, or catalog prices. Use allowlisted labels and coarse buckets only.",10 native acceleration; 1 algorithms/repeated work; 3 data structures
hook-diag-0191,targeted diagnostic hook,src/upgrade_portal/locking/session_lock.py,SessionLockManager.extend_lock,operation_span,perf.wall_ns;perf.process_cpu_ns;perf.calls_total;perf.errors_total;work.items_total,Measure the complete named operation from entry through cleanup. Correlate the nested cost with cProfile.,file;symbol;operation;status;workload_size;state,Off by default. Enable for a named operation. Sample at most 1 in 100 successful calls. Keep every failure.,Use perf_counter_ns and process_time_ns only. Buffer the event. Do not time each internal function.,"Do not record credentials, tokens, request or response bodies, SQL text, bind values, absolute file paths, URLs with a query, session identifiers, node identifiers, endpoint identifiers, coordinates, geometry, addresses, or catalog prices. Use allowlisted labels and coarse buckets only.",1 algorithms/repeated work; 2 I/O/sequential batching; 7 measured Python loops
hook-diag-0192,targeted diagnostic hook,src/upgrade_portal/runtime/lock.py,LockRecord,gc_diagnostic,gc.collections_total;gc.collected_total;gc.uncollectable_total;gc.pause_wall_ns;gc.tracked_objects,Measure the cyclic collector with bounded callbacks around the named workload.,file;symbol;generation;workload_name;workload_size,Run only in a bounded diagnostic session. Remove every callback in a finally block.,"Save the enabled state and the thresholds. Restore both on every path, including a failure path.","Do not record credentials, tokens, request or response bodies, SQL text, bind values, absolute file paths, URLs with a query, session identifiers, node identifiers, endpoint identifiers, coordinates, geometry, addresses, or catalog prices. Use allowlisted labels and coarse buckets only.",8 object layout/GC; 4 allocations/copying; 3 data structures
hook-diag-0193,targeted diagnostic hook,src/upgrade_portal/runtime/signals.py,StopOutcome,gc_diagnostic,gc.collections_total;gc.collected_total;gc.uncollectable_total;gc.pause_wall_ns;gc.tracked_objects,Measure the cyclic collector with bounded callbacks around the named workload.,file;symbol;generation;workload_name;workload_size,Run only in a bounded diagnostic session. Remove every callback in a finally block.,"Save the enabled state and the thresholds. Restore both on every path, including a failure path.","Do not record credentials, tokens, request or response bodies, SQL text, bind values, absolute file paths, URLs with a query, session identifiers, node identifiers, endpoint identifiers, coordinates, geometry, addresses, or catalog prices. Use allowlisted labels and coarse buckets only.",8 object layout/GC; 4 allocations/copying; 3 data structures
hook-diag-0194,targeted diagnostic hook,src/upgrade_portal/settle/service.py,SettleGateService._run_device_checks,allocation_trace,mem.traced_current_bytes;mem.traced_peak_bytes;mem.blocks_total;mem.top_sites_json,Take a tracemalloc snapshot before and after the measured build. Report traced Python bytes only.,file;symbol;workload_name;workload_size;state,Run only in a bounded diagnostic session. Do not enable tracemalloc in normal service operation.,Start and stop tracing in one bounded session. Measure timing in a separate run without tracing.,"Do not record credentials, tokens, request or response bodies, SQL text, bind values, absolute file paths, URLs with a query, session identifiers, node identifiers, endpoint identifiers, coordinates, geometry, addresses, or catalog prices. Use allowlisted labels and coarse buckets only.",4 allocations/copying; 3 data structures; 8 object layout/GC
hook-diag-0195,targeted diagnostic hook,src/upgrade_portal/settle/service.py,SettleGateService.wait_for_settle,allocation_trace,mem.traced_current_bytes;mem.traced_peak_bytes;mem.blocks_total;mem.top_sites_json,Take a tracemalloc snapshot before and after the measured build. Report traced Python bytes only.,file;symbol;workload_name;workload_size;state,Run only in a bounded diagnostic session. Do not enable tracemalloc in normal service operation.,Start and stop tracing in one bounded session. Measure timing in a separate run without tracing.,"Do not record credentials, tokens, request or response bodies, SQL text, bind values, absolute file paths, URLs with a query, session identifiers, node identifiers, endpoint identifiers, coordinates, geometry, addresses, or catalog prices. Use allowlisted labels and coarse buckets only.",4 allocations/copying; 3 data structures; 8 object layout/GC
hook-diag-0196,targeted diagnostic hook,src/upgrade_portal/upgrade/driver.py,_tracker_text,loop_counter,loop.iterations_total;loop.items_total;loop.wall_ns;loop.process_cpu_ns;loop.skipped_total,"Measure the complete loop, not one iteration. Count the iterations and the produced items.",file;symbol;loop_name;result;workload_size,Record one aggregate event for each loop execution. Bucket the iteration count. Never emit an event for each iteration.,Increment a local integer inside the loop. Read the clock once before the loop and once after it.,"Do not record credentials, tokens, request or response bodies, SQL text, bind values, absolute file paths, URLs with a query, session identifiers, node identifiers, endpoint identifiers, coordinates, geometry, addresses, or catalog prices. Use allowlisted labels and coarse buckets only.",7 measured Python loops; 1 algorithms/repeated work; 4 allocations/copying
hook-diag-0197,targeted diagnostic hook,src/upgrade_portal/upgrade/driver.py,mark_not_returned,loop_counter,loop.iterations_total;loop.items_total;loop.wall_ns;loop.process_cpu_ns;loop.skipped_total,"Measure the complete loop, not one iteration. Count the iterations and the produced items.",file;symbol;loop_name;result;workload_size,Record one aggregate event for each loop execution. Bucket the iteration count. Never emit an event for each iteration.,Increment a local integer inside the loop. Read the clock once before the loop and once after it.,"Do not record credentials, tokens, request or response bodies, SQL text, bind values, absolute file paths, URLs with a query, session identifiers, node identifiers, endpoint identifiers, coordinates, geometry, addresses, or catalog prices. Use allowlisted labels and coarse buckets only.",7 measured Python loops; 1 algorithms/repeated work; 4 allocations/copying
hook-diag-0198,targeted diagnostic hook,src/upgrade_portal/upgrade/events.py,_drain_pages,loop_counter,loop.iterations_total;loop.items_total;loop.wall_ns;loop.process_cpu_ns;loop.skipped_total,"Measure the complete loop, not one iteration. Count the iterations and the produced items.",file;symbol;loop_name;result;workload_size,Record one aggregate event for each loop execution. Bucket the iteration count. Never emit an event for each iteration.,Increment a local integer inside the loop. Read the clock once before the loop and once after it.,"Do not record credentials, tokens, request or response bodies, SQL text, bind values, absolute file paths, URLs with a query, session identifiers, node identifiers, endpoint identifiers, coordinates, geometry, addresses, or catalog prices. Use allowlisted labels and coarse buckets only.",7 measured Python loops; 1 algorithms/repeated work; 4 allocations/copying
hook-diag-0199,targeted diagnostic hook,src/upgrade_portal/upgrade/events.py,drain_device_events,loop_counter,loop.iterations_total;loop.items_total;loop.wall_ns;loop.process_cpu_ns;loop.skipped_total,"Measure the complete loop, not one iteration. Count the iterations and the produced items.",file;symbol;loop_name;result;workload_size,Record one aggregate event for each loop execution. Bucket the iteration count. Never emit an event for each iteration.,Increment a local integer inside the loop. Read the clock once before the loop and once after it.,"Do not record credentials, tokens, request or response bodies, SQL text, bind values, absolute file paths, URLs with a query, session identifiers, node identifiers, endpoint identifiers, coordinates, geometry, addresses, or catalog prices. Use allowlisted labels and coarse buckets only.",7 measured Python loops; 1 algorithms/repeated work; 4 allocations/copying
hook-diag-0200,targeted diagnostic hook,src/upgrade_portal/upgrade/options.py,_flat_payload,loop_counter,loop.iterations_total;loop.items_total;loop.wall_ns;loop.process_cpu_ns;loop.skipped_total,"Measure the complete loop, not one iteration. Count the iterations and the produced items.",file;symbol;loop_name;result;workload_size,Record one aggregate event for each loop execution. Bucket the iteration count. Never emit an event for each iteration.,Increment a local integer inside the loop. Read the clock once before the loop and once after it.,"Do not record credentials, tokens, request or response bodies, SQL text, bind values, absolute file paths, URLs with a query, session identifiers, node identifiers, endpoint identifiers, coordinates, geometry, addresses, or catalog prices. Use allowlisted labels and coarse buckets only.",7 measured Python loops; 1 algorithms/repeated work; 4 allocations/copying
hook-diag-0201,targeted diagnostic hook,src/upgrade_portal/upgrade/options.py,advanced_option_values,loop_counter,loop.iterations_total;loop.items_total;loop.wall_ns;loop.process_cpu_ns;loop.skipped_total,"Measure the complete loop, not one iteration. Count the iterations and the produced items.",file;symbol;loop_name;result;workload_size,Record one aggregate event for each loop execution. Bucket the iteration count. Never emit an event for each iteration.,Increment a local integer inside the loop. Read the clock once before the loop and once after it.,"Do not record credentials, tokens, request or response bodies, SQL text, bind values, absolute file paths, URLs with a query, session identifiers, node identifiers, endpoint identifiers, coordinates, geometry, addresses, or catalog prices. Use allowlisted labels and coarse buckets only.",7 measured Python loops; 1 algorithms/repeated work; 4 allocations/copying
hook-diag-0202,targeted diagnostic hook,src/upgrade_portal/upgrade/options.py,build_version_options,loop_counter,loop.iterations_total;loop.items_total;loop.wall_ns;loop.process_cpu_ns;loop.skipped_total,"Measure the complete loop, not one iteration. Count the iterations and the produced items.",file;symbol;loop_name;result;workload_size,Record one aggregate event for each loop execution. Bucket the iteration count. Never emit an event for each iteration.,Increment a local integer inside the loop. Read the clock once before the loop and once after it.,"Do not record credentials, tokens, request or response bodies, SQL text, bind values, absolute file paths, URLs with a query, session identifiers, node identifiers, endpoint identifiers, coordinates, geometry, addresses, or catalog prices. Use allowlisted labels and coarse buckets only.",7 measured Python loops; 1 algorithms/repeated work; 4 allocations/copying
hook-diag-0203,targeted diagnostic hook,src/upgrade_portal/upgrade/phase_gate.py,PhaseSettleGate._round,loop_counter,loop.iterations_total;loop.items_total;loop.wall_ns;loop.process_cpu_ns;loop.skipped_total,"Measure the complete loop, not one iteration. Count the iterations and the produced items.",file;symbol;loop_name;result;workload_size,Record one aggregate event for each loop execution. Bucket the iteration count. Never emit an event for each iteration.,Increment a local integer inside the loop. Read the clock once before the loop and once after it.,"Do not record credentials, tokens, request or response bodies, SQL text, bind values, absolute file paths, URLs with a query, session identifiers, node identifiers, endpoint identifiers, coordinates, geometry, addresses, or catalog prices. Use allowlisted labels and coarse buckets only.",7 measured Python loops; 1 algorithms/repeated work; 4 allocations/copying
hook-diag-0204,targeted diagnostic hook,src/upgrade_portal/upgrade/service.py,UpgradeService.cancel_upgrade,compute_span,compute.wall_ns;compute.process_cpu_ns;compute.items_total;compute.iterations_total;compute.errors_total,Measure the solver or calculation from its validated input through its returned result. Keep database and transport time outside this span.,file;symbol;algorithm;result;workload_size,Record the outer call only. Bucket the input size. Do not time each iteration of an inner loop.,Use one outer timer pair. Use cProfile or a supported sampler for the per-function split in a separate diagnostic run.,"Do not record credentials, tokens, request or response bodies, SQL text, bind values, absolute file paths, URLs with a query, session identifiers, node identifiers, endpoint identifiers, coordinates, geometry, addresses, or catalog prices. Use allowlisted labels and coarse buckets only.",1 algorithms/repeated work; 3 data structures; 7 measured Python loops
hook-diag-0205,targeted diagnostic hook,src/upgrade_portal/upgrade/service.py,UpgradeService.start_upgrade,compute_span,compute.wall_ns;compute.process_cpu_ns;compute.items_total;compute.iterations_total;compute.errors_total,Measure the solver or calculation from its validated input through its returned result. Keep database and transport time outside this span.,file;symbol;algorithm;result;workload_size,Record the outer call only. Bucket the input size. Do not time each iteration of an inner loop.,Use one outer timer pair. Use cProfile or a supported sampler for the per-function split in a separate diagnostic run.,"Do not record credentials, tokens, request or response bodies, SQL text, bind values, absolute file paths, URLs with a query, session identifiers, node identifiers, endpoint identifiers, coordinates, geometry, addresses, or catalog prices. Use allowlisted labels and coarse buckets only.",1 algorithms/repeated work; 3 data structures; 7 measured Python loops
hook-diag-0206,targeted diagnostic hook,src/utils/address_utils.py,_compare_fields,loop_counter,loop.iterations_total;loop.items_total;loop.wall_ns;loop.process_cpu_ns;loop.skipped_total,"Measure the complete loop, not one iteration. Count the iterations and the produced items.",file;symbol;loop_name;result;workload_size,Record one aggregate event for each loop execution. Bucket the iteration count. Never emit an event for each iteration.,Increment a local integer inside the loop. Read the clock once before the loop and once after it.,"Do not record credentials, tokens, request or response bodies, SQL text, bind values, absolute file paths, URLs with a query, session identifiers, node identifiers, endpoint identifiers, coordinates, geometry, addresses, or catalog prices. Use allowlisted labels and coarse buckets only.",7 measured Python loops; 1 algorithms/repeated work; 4 allocations/copying
hook-diag-0207,targeted diagnostic hook,src/utils/zscaler_catalogue.py,_cenr_needs_promotion,loop_counter,loop.iterations_total;loop.items_total;loop.wall_ns;loop.process_cpu_ns;loop.skipped_total,"Measure the complete loop, not one iteration. Count the iterations and the produced items.",file;symbol;loop_name;result;workload_size,Record one aggregate event for each loop execution. Bucket the iteration count. Never emit an event for each iteration.,Increment a local integer inside the loop. Read the clock once before the loop and once after it.,"Do not record credentials, tokens, request or response bodies, SQL text, bind values, absolute file paths, URLs with a query, session identifiers, node identifiers, endpoint identifiers, coordinates, geometry, addresses, or catalog prices. Use allowlisted labels and coarse buckets only.",7 measured Python loops; 1 algorithms/repeated work; 4 allocations/copying
hook-diag-0208,targeted diagnostic hook,src/utils/zscaler_catalogue.py,_promote_cenr_document,loop_counter,loop.iterations_total;loop.items_total;loop.wall_ns;loop.process_cpu_ns;loop.skipped_total,"Measure the complete loop, not one iteration. Count the iterations and the produced items.",file;symbol;loop_name;result;workload_size,Record one aggregate event for each loop execution. Bucket the iteration count. Never emit an event for each iteration.,Increment a local integer inside the loop. Read the clock once before the loop and once after it.,"Do not record credentials, tokens, request or response bodies, SQL text, bind values, absolute file paths, URLs with a query, session identifiers, node identifiers, endpoint identifiers, coordinates, geometry, addresses, or catalog prices. Use allowlisted labels and coarse buckets only.",7 measured Python loops; 1 algorithms/repeated work; 4 allocations/copying
hook-diag-0209,targeted diagnostic hook,src/utils/zscaler_catalogue.py,merge_clouds,loop_counter,loop.iterations_total;loop.items_total;loop.wall_ns;loop.process_cpu_ns;loop.skipped_total,"Measure the complete loop, not one iteration. Count the iterations and the produced items.",file;symbol;loop_name;result;workload_size,Record one aggregate event for each loop execution. Bucket the iteration count. Never emit an event for each iteration.,Increment a local integer inside the loop. Read the clock once before the loop and once after it.,"Do not record credentials, tokens, request or response bodies, SQL text, bind values, absolute file paths, URLs with a query, session identifiers, node identifiers, endpoint identifiers, coordinates, geometry, addresses, or catalog prices. Use allowlisted labels and coarse buckets only.",7 measured Python loops; 1 algorithms/repeated work; 4 allocations/copying
hook-diag-0210,targeted diagnostic hook,src/utils/zscaler_probe.py,_collect_cenr_probe_entries,loop_counter,loop.iterations_total;loop.items_total;loop.wall_ns;loop.process_cpu_ns;loop.skipped_total,"Measure the complete loop, not one iteration. Count the iterations and the produced items.",file;symbol;loop_name;result;workload_size,Record one aggregate event for each loop execution. Bucket the iteration count. Never emit an event for each iteration.,Increment a local integer inside the loop. Read the clock once before the loop and once after it.,"Do not record credentials, tokens, request or response bodies, SQL text, bind values, absolute file paths, URLs with a query, session identifiers, node identifiers, endpoint identifiers, coordinates, geometry, addresses, or catalog prices. Use allowlisted labels and coarse buckets only.",7 measured Python loops; 1 algorithms/repeated work; 4 allocations/copying
hook-diag-0211,targeted diagnostic hook,src/utils/zscaler_probe.py,_collect_zcc_probe_entries,loop_counter,loop.iterations_total;loop.items_total;loop.wall_ns;loop.process_cpu_ns;loop.skipped_total,"Measure the complete loop, not one iteration. Count the iterations and the produced items.",file;symbol;loop_name;result;workload_size,Record one aggregate event for each loop execution. Bucket the iteration count. Never emit an event for each iteration.,Increment a local integer inside the loop. Read the clock once before the loop and once after it.,"Do not record credentials, tokens, request or response bodies, SQL text, bind values, absolute file paths, URLs with a query, session identifiers, node identifiers, endpoint identifiers, coordinates, geometry, addresses, or catalog prices. Use allowlisted labels and coarse buckets only.",7 measured Python loops; 1 algorithms/repeated work; 4 allocations/copying
hook-diag-0212,targeted diagnostic hook,src/utils/zscaler_probe.py,_probe_fqdn,loop_counter,loop.iterations_total;loop.items_total;loop.wall_ns;loop.process_cpu_ns;loop.skipped_total,"Measure the complete loop, not one iteration. Count the iterations and the produced items.",file;symbol;loop_name;result;workload_size,Record one aggregate event for each loop execution. Bucket the iteration count. Never emit an event for each iteration.,Increment a local integer inside the loop. Read the clock once before the loop and once after it.,"Do not record credentials, tokens, request or response bodies, SQL text, bind values, absolute file paths, URLs with a query, session identifiers, node identifiers, endpoint identifiers, coordinates, geometry, addresses, or catalog prices. Use allowlisted labels and coarse buckets only.",7 measured Python loops; 1 algorithms/repeated work; 4 allocations/copying
hook-diag-0213,targeted diagnostic hook,src/wan_hub_group_manager.py,WanHubGroupNumberManager._find_matching_paths,loop_counter,loop.iterations_total;loop.items_total;loop.wall_ns;loop.process_cpu_ns;loop.skipped_total,"Measure the complete loop, not one iteration. Count the iterations and the produced items.",file;symbol;loop_name;result;workload_size,Record one aggregate event for each loop execution. Bucket the iteration count. Never emit an event for each iteration.,Increment a local integer inside the loop. Read the clock once before the loop and once after it.,"Do not record credentials, tokens, request or response bodies, SQL text, bind values, absolute file paths, URLs with a query, session identifiers, node identifiers, endpoint identifiers, coordinates, geometry, addresses, or catalog prices. Use allowlisted labels and coarse buckets only.",7 measured Python loops; 1 algorithms/repeated work; 4 allocations/copying
hook-diag-0214,targeted diagnostic hook,src/wan_hub_group_manager.py,WanHubGroupNumberManager._update_single_vpn,loop_counter,loop.iterations_total;loop.items_total;loop.wall_ns;loop.process_cpu_ns;loop.skipped_total,"Measure the complete loop, not one iteration. Count the iterations and the produced items.",file;symbol;loop_name;result;workload_size,Record one aggregate event for each loop execution. Bucket the iteration count. Never emit an event for each iteration.,Increment a local integer inside the loop. Read the clock once before the loop and once after it.,"Do not record credentials, tokens, request or response bodies, SQL text, bind values, absolute file paths, URLs with a query, session identifiers, node identifiers, endpoint identifiers, coordinates, geometry, addresses, or catalog prices. Use allowlisted labels and coarse buckets only.",7 measured Python loops; 1 algorithms/repeated work; 4 allocations/copying
hook-diag-0215,targeted diagnostic hook,src/wan_vpn_builder.py,WanVpnBuilder._generate_hub_paths,loop_counter,loop.iterations_total;loop.items_total;loop.wall_ns;loop.process_cpu_ns;loop.skipped_total,"Measure the complete loop, not one iteration. Count the iterations and the produced items.",file;symbol;loop_name;result;workload_size,Record one aggregate event for each loop execution. Bucket the iteration count. Never emit an event for each iteration.,Increment a local integer inside the loop. Read the clock once before the loop and once after it.,"Do not record credentials, tokens, request or response bodies, SQL text, bind values, absolute file paths, URLs with a query, session identifiers, node identifiers, endpoint identifiers, coordinates, geometry, addresses, or catalog prices. Use allowlisted labels and coarse buckets only.",7 measured Python loops; 1 algorithms/repeated work; 4 allocations/copying
hook-diag-0216,targeted diagnostic hook,src/websocket/diagnostics/arp_executor.py,ArpDeviceExecutor._compute_column_widths,loop_counter,loop.iterations_total;loop.items_total;loop.wall_ns;loop.process_cpu_ns;loop.skipped_total,"Measure the complete loop, not one iteration. Count the iterations and the produced items.",file;symbol;loop_name;result;workload_size,Record one aggregate event for each loop execution. Bucket the iteration count. Never emit an event for each iteration.,Increment a local integer inside the loop. Read the clock once before the loop and once after it.,"Do not record credentials, tokens, request or response bodies, SQL text, bind values, absolute file paths, URLs with a query, session identifiers, node identifiers, endpoint identifiers, coordinates, geometry, addresses, or catalog prices. Use allowlisted labels and coarse buckets only.",7 measured Python loops; 1 algorithms/repeated work; 4 allocations/copying
hook-diag-0217,targeted diagnostic hook,src/websocket/diagnostics/arp_executor.py,ArpDeviceExecutor._print_table_rows,loop_counter,loop.iterations_total;loop.items_total;loop.wall_ns;loop.process_cpu_ns;loop.skipped_total,"Measure the complete loop, not one iteration. Count the iterations and the produced items.",file;symbol;loop_name;result;workload_size,Record one aggregate event for each loop execution. Bucket the iteration count. Never emit an event for each iteration.,Increment a local integer inside the loop. Read the clock once before the loop and once after it.,"Do not record credentials, tokens, request or response bodies, SQL text, bind values, absolute file paths, URLs with a query, session identifiers, node identifiers, endpoint identifiers, coordinates, geometry, addresses, or catalog prices. Use allowlisted labels and coarse buckets only.",7 measured Python loops; 1 algorithms/repeated work; 4 allocations/copying
hook-diag-0218,targeted diagnostic hook,starlink_dashboard.py,StarlinkDashboard.apply_hackers_theme,operation_span,perf.wall_ns;perf.process_cpu_ns;perf.calls_total;perf.errors_total;work.items_total,Measure the complete named operation from entry through cleanup. Correlate the nested cost with cProfile.,file;symbol;operation;status;workload_size;state,Off by default. Enable for a named operation. Sample at most 1 in 100 successful calls. Keep every failure.,Use perf_counter_ns and process_time_ns only. Buffer the event. Do not time each internal function.,"Do not record credentials, tokens, request or response bodies, SQL text, bind values, absolute file paths, URLs with a query, session identifiers, node identifiers, endpoint identifiers, coordinates, geometry, addresses, or catalog prices. Use allowlisted labels and coarse buckets only.",1 algorithms/repeated work; 2 I/O/sequential batching; 7 measured Python loops
hook-diag-0219,targeted diagnostic hook,starlink_dashboard.py,StarlinkDashboard.update_metric_colors_for_theme,loop_counter,loop.iterations_total;loop.items_total;loop.wall_ns;loop.process_cpu_ns;loop.skipped_total,"Measure the complete loop, not one iteration. Count the iterations and the produced items.",file;symbol;loop_name;result;workload_size,Record one aggregate event for each loop execution. Bucket the iteration count. Never emit an event for each iteration.,Increment a local integer inside the loop. Read the clock once before the loop and once after it.,"Do not record credentials, tokens, request or response bodies, SQL text, bind values, absolute file paths, URLs with a query, session identifiers, node identifiers, endpoint identifiers, coordinates, geometry, addresses, or catalog prices. Use allowlisted labels and coarse buckets only.",7 measured Python loops; 1 algorithms/repeated work; 4 allocations/copying
hook-diag-0220,targeted diagnostic hook,tools/_rebuild_backlog_tsv.py,main,loop_counter,loop.iterations_total;loop.items_total;loop.wall_ns;loop.process_cpu_ns;loop.skipped_total,"Measure the complete loop, not one iteration. Count the iterations and the produced items.",file;symbol;loop_name;result;workload_size,Record one aggregate event for each loop execution. Bucket the iteration count. Never emit an event for each iteration.,Increment a local integer inside the loop. Read the clock once before the loop and once after it.,"Do not record credentials, tokens, request or response bodies, SQL text, bind values, absolute file paths, URLs with a query, session identifiers, node identifiers, endpoint identifiers, coordinates, geometry, addresses, or catalog prices. Use allowlisted labels and coarse buckets only.",7 measured Python loops; 1 algorithms/repeated work; 4 allocations/copying
hook-diag-0221,targeted diagnostic hook,tools/capture_log_baseline.py,_render_fstring,loop_counter,loop.iterations_total;loop.items_total;loop.wall_ns;loop.process_cpu_ns;loop.skipped_total,"Measure the complete loop, not one iteration. Count the iterations and the produced items.",file;symbol;loop_name;result;workload_size,Record one aggregate event for each loop execution. Bucket the iteration count. Never emit an event for each iteration.,Increment a local integer inside the loop. Read the clock once before the loop and once after it.,"Do not record credentials, tokens, request or response bodies, SQL text, bind values, absolute file paths, URLs with a query, session identifiers, node identifiers, endpoint identifiers, coordinates, geometry, addresses, or catalog prices. Use allowlisted labels and coarse buckets only.",7 measured Python loops; 1 algorithms/repeated work; 4 allocations/copying
hook-diag-0222,targeted diagnostic hook,tools/check_citations.py,build_index,loop_counter,loop.iterations_total;loop.items_total;loop.wall_ns;loop.process_cpu_ns;loop.skipped_total,"Measure the complete loop, not one iteration. Count the iterations and the produced items.",file;symbol;loop_name;result;workload_size,Record one aggregate event for each loop execution. Bucket the iteration count. Never emit an event for each iteration.,Increment a local integer inside the loop. Read the clock once before the loop and once after it.,"Do not record credentials, tokens, request or response bodies, SQL text, bind values, absolute file paths, URLs with a query, session identifiers, node identifiers, endpoint identifiers, coordinates, geometry, addresses, or catalog prices. Use allowlisted labels and coarse buckets only.",7 measured Python loops; 1 algorithms/repeated work; 4 allocations/copying
hook-diag-0223,targeted diagnostic hook,tools/check_citations.py,main,loop_counter,loop.iterations_total;loop.items_total;loop.wall_ns;loop.process_cpu_ns;loop.skipped_total,"Measure the complete loop, not one iteration. Count the iterations and the produced items.",file;symbol;loop_name;result;workload_size,Record one aggregate event for each loop execution. Bucket the iteration count. Never emit an event for each iteration.,Increment a local integer inside the loop. Read the clock once before the loop and once after it.,"Do not record credentials, tokens, request or response bodies, SQL text, bind values, absolute file paths, URLs with a query, session identifiers, node identifiers, endpoint identifiers, coordinates, geometry, addresses, or catalog prices. Use allowlisted labels and coarse buckets only.",7 measured Python loops; 1 algorithms/repeated work; 4 allocations/copying
hook-diag-0224,targeted diagnostic hook,tools/check_citations.py,walk,loop_counter,loop.iterations_total;loop.items_total;loop.wall_ns;loop.process_cpu_ns;loop.skipped_total,"Measure the complete loop, not one iteration. Count the iterations and the produced items.",file;symbol;loop_name;result;workload_size,Record one aggregate event for each loop execution. Bucket the iteration count. Never emit an event for each iteration.,Increment a local integer inside the loop. Read the clock once before the loop and once after it.,"Do not record credentials, tokens, request or response bodies, SQL text, bind values, absolute file paths, URLs with a query, session identifiers, node identifiers, endpoint identifiers, coordinates, geometry, addresses, or catalog prices. Use allowlisted labels and coarse buckets only.",7 measured Python loops; 1 algorithms/repeated work; 4 allocations/copying
hook-diag-0225,targeted diagnostic hook,tools/codemod_logging_lazy.py,_convert_concat_string_to_lazy,loop_counter,loop.iterations_total;loop.items_total;loop.wall_ns;loop.process_cpu_ns;loop.skipped_total,"Measure the complete loop, not one iteration. Count the iterations and the produced items.",file;symbol;loop_name;result;workload_size,Record one aggregate event for each loop execution. Bucket the iteration count. Never emit an event for each iteration.,Increment a local integer inside the loop. Read the clock once before the loop and once after it.,"Do not record credentials, tokens, request or response bodies, SQL text, bind values, absolute file paths, URLs with a query, session identifiers, node identifiers, endpoint identifiers, coordinates, geometry, addresses, or catalog prices. Use allowlisted labels and coarse buckets only.",7 measured Python loops; 1 algorithms/repeated work; 4 allocations/copying
hook-diag-0226,targeted diagnostic hook,tools/codemod_logging_lazy.py,_convert_concat_to_lazy,loop_counter,loop.iterations_total;loop.items_total;loop.wall_ns;loop.process_cpu_ns;loop.skipped_total,"Measure the complete loop, not one iteration. Count the iterations and the produced items.",file;symbol;loop_name;result;workload_size,Record one aggregate event for each loop execution. Bucket the iteration count. Never emit an event for each iteration.,Increment a local integer inside the loop. Read the clock once before the loop and once after it.,"Do not record credentials, tokens, request or response bodies, SQL text, bind values, absolute file paths, URLs with a query, session identifiers, node identifiers, endpoint identifiers, coordinates, geometry, addresses, or catalog prices. Use allowlisted labels and coarse buckets only.",7 measured Python loops; 1 algorithms/repeated work; 4 allocations/copying
hook-diag-0227,targeted diagnostic hook,tools/codemod_logging_lazy.py,_convert_fstring_to_lazy,loop_counter,loop.iterations_total;loop.items_total;loop.wall_ns;loop.process_cpu_ns;loop.skipped_total,"Measure the complete loop, not one iteration. Count the iterations and the produced items.",file;symbol;loop_name;result;workload_size,Record one aggregate event for each loop execution. Bucket the iteration count. Never emit an event for each iteration.,Increment a local integer inside the loop. Read the clock once before the loop and once after it.,"Do not record credentials, tokens, request or response bodies, SQL text, bind values, absolute file paths, URLs with a query, session identifiers, node identifiers, endpoint identifiers, coordinates, geometry, addresses, or catalog prices. Use allowlisted labels and coarse buckets only.",7 measured Python loops; 1 algorithms/repeated work; 4 allocations/copying
hook-diag-0228,targeted diagnostic hook,tools/compliance_analyzer/analyzers.py,ConventionAnalyzer._build_enclosing_function_map,loop_counter,loop.iterations_total;loop.items_total;loop.wall_ns;loop.process_cpu_ns;loop.skipped_total,"Measure the complete loop, not one iteration. Count the iterations and the produced items.",file;symbol;loop_name;result;workload_size,Record one aggregate event for each loop execution. Bucket the iteration count. Never emit an event for each iteration.,Increment a local integer inside the loop. Read the clock once before the loop and once after it.,"Do not record credentials, tokens, request or response bodies, SQL text, bind values, absolute file paths, URLs with a query, session identifiers, node identifiers, endpoint identifiers, coordinates, geometry, addresses, or catalog prices. Use allowlisted labels and coarse buckets only.",7 measured Python loops; 1 algorithms/repeated work; 4 allocations/copying
hook-diag-0229,targeted diagnostic hook,tools/compliance_analyzer/reporting.py,MarkdownReportGenerator._violation_tables,loop_counter,loop.iterations_total;loop.items_total;loop.wall_ns;loop.process_cpu_ns;loop.skipped_total,"Measure the complete loop, not one iteration. Count the iterations and the produced items.",file;symbol;loop_name;result;workload_size,Record one aggregate event for each loop execution. Bucket the iteration count. Never emit an event for each iteration.,Increment a local integer inside the loop. Read the clock once before the loop and once after it.,"Do not record credentials, tokens, request or response bodies, SQL text, bind values, absolute file paths, URLs with a query, session identifiers, node identifiers, endpoint identifiers, coordinates, geometry, addresses, or catalog prices. Use allowlisted labels and coarse buckets only.",7 measured Python loops; 1 algorithms/repeated work; 4 allocations/copying
hook-diag-0230,targeted diagnostic hook,tools/openapi_endpoint_catalog.py,allocate_spec_numbers,loop_counter,loop.iterations_total;loop.items_total;loop.wall_ns;loop.process_cpu_ns;loop.skipped_total,"Measure the complete loop, not one iteration. Count the iterations and the produced items.",file;symbol;loop_name;result;workload_size,Record one aggregate event for each loop execution. Bucket the iteration count. Never emit an event for each iteration.,Increment a local integer inside the loop. Read the clock once before the loop and once after it.,"Do not record credentials, tokens, request or response bodies, SQL text, bind values, absolute file paths, URLs with a query, session identifiers, node identifiers, endpoint identifiers, coordinates, geometry, addresses, or catalog prices. Use allowlisted labels and coarse buckets only.",7 measured Python loops; 1 algorithms/repeated work; 4 allocations/copying
hook-diag-0231,targeted diagnostic hook,tools/prove_prose_only.py,main,loop_counter,loop.iterations_total;loop.items_total;loop.wall_ns;loop.process_cpu_ns;loop.skipped_total,"Measure the complete loop, not one iteration. Count the iterations and the produced items.",file;symbol;loop_name;result;workload_size,Record one aggregate event for each loop execution. Bucket the iteration count. Never emit an event for each iteration.,Increment a local integer inside the loop. Read the clock once before the loop and once after it.,"Do not record credentials, tokens, request or response bodies, SQL text, bind values, absolute file paths, URLs with a query, session identifiers, node identifiers, endpoint identifiers, coordinates, geometry, addresses, or catalog prices. Use allowlisted labels and coarse buckets only.",7 measured Python loops; 1 algorithms/repeated work; 4 allocations/copying
hook-diag-0232,targeted diagnostic hook,tools/refactor_analyzer/analysis.py,RefactorAnalyzer._build_candidates,loop_counter,loop.iterations_total;loop.items_total;loop.wall_ns;loop.process_cpu_ns;loop.skipped_total,"Measure the complete loop, not one iteration. Count the iterations and the produced items.",file;symbol;loop_name;result;workload_size,Record one aggregate event for each loop execution. Bucket the iteration count. Never emit an event for each iteration.,Increment a local integer inside the loop. Read the clock once before the loop and once after it.,"Do not record credentials, tokens, request or response bodies, SQL text, bind values, absolute file paths, URLs with a query, session identifiers, node identifiers, endpoint identifiers, coordinates, geometry, addresses, or catalog prices. Use allowlisted labels and coarse buckets only.",7 measured Python loops; 1 algorithms/repeated work; 4 allocations/copying
hook-diag-0233,targeted diagnostic hook,tools/refactor_analyzer/analysis.py,RefactorAnalyzer.analyze,compute_span,compute.wall_ns;compute.process_cpu_ns;compute.items_total;compute.iterations_total;compute.errors_total,Measure the solver or calculation from its validated input through its returned result. Keep database and transport time outside this span.,file;symbol;algorithm;result;workload_size,Record the outer call only. Bucket the input size. Do not time each iteration of an inner loop.,Use one outer timer pair. Use cProfile or a supported sampler for the per-function split in a separate diagnostic run.,"Do not record credentials, tokens, request or response bodies, SQL text, bind values, absolute file paths, URLs with a query, session identifiers, node identifiers, endpoint identifiers, coordinates, geometry, addresses, or catalog prices. Use allowlisted labels and coarse buckets only.",1 algorithms/repeated work; 3 data structures; 7 measured Python loops
hook-diag-0234,targeted diagnostic hook,tools/refactor_analyzer/references.py,_NameCollector._bind_top_level,loop_counter,loop.iterations_total;loop.items_total;loop.wall_ns;loop.process_cpu_ns;loop.skipped_total,"Measure the complete loop, not one iteration. Count the iterations and the produced items.",file;symbol;loop_name;result;workload_size,Record one aggregate event for each loop execution. Bucket the iteration count. Never emit an event for each iteration.,Increment a local integer inside the loop. Read the clock once before the loop and once after it.,"Do not record credentials, tokens, request or response bodies, SQL text, bind values, absolute file paths, URLs with a query, session identifiers, node identifiers, endpoint identifiers, coordinates, geometry, addresses, or catalog prices. Use allowlisted labels and coarse buckets only.",7 measured Python loops; 1 algorithms/repeated work; 4 allocations/copying
hook-diag-0235,targeted diagnostic hook,tools/refactor_analyzer/references.py,_NameCollector._enter_function_scope,loop_counter,loop.iterations_total;loop.items_total;loop.wall_ns;loop.process_cpu_ns;loop.skipped_total,"Measure the complete loop, not one iteration. Count the iterations and the produced items.",file;symbol;loop_name;result;workload_size,Record one aggregate event for each loop execution. Bucket the iteration count. Never emit an event for each iteration.,Increment a local integer inside the loop. Read the clock once before the loop and once after it.,"Do not record credentials, tokens, request or response bodies, SQL text, bind values, absolute file paths, URLs with a query, session identifiers, node identifiers, endpoint identifiers, coordinates, geometry, addresses, or catalog prices. Use allowlisted labels and coarse buckets only.",7 measured Python loops; 1 algorithms/repeated work; 4 allocations/copying
hook-diag-0236,targeted diagnostic hook,tools/refactor_analyzer/reporting.py,MarkdownReportGenerator._detail_sections,loop_counter,loop.iterations_total;loop.items_total;loop.wall_ns;loop.process_cpu_ns;loop.skipped_total,"Measure the complete loop, not one iteration. Count the iterations and the produced items.",file;symbol;loop_name;result;workload_size,Record one aggregate event for each loop execution. Bucket the iteration count. Never emit an event for each iteration.,Increment a local integer inside the loop. Read the clock once before the loop and once after it.,"Do not record credentials, tokens, request or response bodies, SQL text, bind values, absolute file paths, URLs with a query, session identifiers, node identifiers, endpoint identifiers, coordinates, geometry, addresses, or catalog prices. Use allowlisted labels and coarse buckets only.",7 measured Python loops; 1 algorithms/repeated work; 4 allocations/copying
hook-diag-0237,targeted diagnostic hook,tools/refactor_analyzer/reporting.py,MarkdownReportGenerator._header,loop_counter,loop.iterations_total;loop.items_total;loop.wall_ns;loop.process_cpu_ns;loop.skipped_total,"Measure the complete loop, not one iteration. Count the iterations and the produced items.",file;symbol;loop_name;result;workload_size,Record one aggregate event for each loop execution. Bucket the iteration count. Never emit an event for each iteration.,Increment a local integer inside the loop. Read the clock once before the loop and once after it.,"Do not record credentials, tokens, request or response bodies, SQL text, bind values, absolute file paths, URLs with a query, session identifiers, node identifiers, endpoint identifiers, coordinates, geometry, addresses, or catalog prices. Use allowlisted labels and coarse buckets only.",7 measured Python loops; 1 algorithms/repeated work; 4 allocations/copying
hook-diag-0238,targeted diagnostic hook,tools/ste_linter/config.py,LinterConfig,gc_diagnostic,gc.collections_total;gc.collected_total;gc.uncollectable_total;gc.pause_wall_ns;gc.tracked_objects,Measure the cyclic collector with bounded callbacks around the named workload.,file;symbol;generation;workload_name;workload_size,Run only in a bounded diagnostic session. Remove every callback in a finally block.,"Save the enabled state and the thresholds. Restore both on every path, including a failure path.","Do not record credentials, tokens, request or response bodies, SQL text, bind values, absolute file paths, URLs with a query, session identifiers, node identifiers, endpoint identifiers, coordinates, geometry, addresses, or catalog prices. Use allowlisted labels and coarse buckets only.",8 object layout/GC; 4 allocations/copying; 3 data structures
hook-diag-0239,targeted diagnostic hook,tools/ste_linter/parsing/segmentation.py,Segmenter._boundaries,loop_counter,loop.iterations_total;loop.items_total;loop.wall_ns;loop.process_cpu_ns;loop.skipped_total,"Measure the complete loop, not one iteration. Count the iterations and the produced items.",file;symbol;loop_name;result;workload_size,Record one aggregate event for each loop execution. Bucket the iteration count. Never emit an event for each iteration.,Increment a local integer inside the loop. Read the clock once before the loop and once after it.,"Do not record credentials, tokens, request or response bodies, SQL text, bind values, absolute file paths, URLs with a query, session identifiers, node identifiers, endpoint identifiers, coordinates, geometry, addresses, or catalog prices. Use allowlisted labels and coarse buckets only.",7 measured Python loops; 1 algorithms/repeated work; 4 allocations/copying
hook-diag-0240,targeted diagnostic hook,tools/ste_linter/scoring.py,ScoringModel.score,loop_counter,loop.iterations_total;loop.items_total;loop.wall_ns;loop.process_cpu_ns;loop.skipped_total,"Measure the complete loop, not one iteration. Count the iterations and the produced items.",file;symbol;loop_name;result;workload_size,Record one aggregate event for each loop execution. Bucket the iteration count. Never emit an event for each iteration.,Increment a local integer inside the loop. Read the clock once before the loop and once after it.,"Do not record credentials, tokens, request or response bodies, SQL text, bind values, absolute file paths, URLs with a query, session identifiers, node identifiers, endpoint identifiers, coordinates, geometry, addresses, or catalog prices. Use allowlisted labels and coarse buckets only.",7 measured Python loops; 1 algorithms/repeated work; 4 allocations/copying
hook-diag-0241,targeted diagnostic hook,tools/test_quality_analyzer/__main__.py,TestQualityCLI._parse_and_partition,loop_counter,loop.iterations_total;loop.items_total;loop.wall_ns;loop.process_cpu_ns;loop.skipped_total,"Measure the complete loop, not one iteration. Count the iterations and the produced items.",file;symbol;loop_name;result;workload_size,Record one aggregate event for each loop execution. Bucket the iteration count. Never emit an event for each iteration.,Increment a local integer inside the loop. Read the clock once before the loop and once after it.,"Do not record credentials, tokens, request or response bodies, SQL text, bind values, absolute file paths, URLs with a query, session identifiers, node identifiers, endpoint identifiers, coordinates, geometry, addresses, or catalog prices. Use allowlisted labels and coarse buckets only.",7 measured Python loops; 1 algorithms/repeated work; 4 allocations/copying
hook-diag-0242,targeted diagnostic hook,tools/test_quality_analyzer/__main__.py,TestQualityCLI._run_per_file_detectors,loop_counter,loop.iterations_total;loop.items_total;loop.wall_ns;loop.process_cpu_ns;loop.skipped_total,"Measure the complete loop, not one iteration. Count the iterations and the produced items.",file;symbol;loop_name;result;workload_size,Record one aggregate event for each loop execution. Bucket the iteration count. Never emit an event for each iteration.,Increment a local integer inside the loop. Read the clock once before the loop and once after it.,"Do not record credentials, tokens, request or response bodies, SQL text, bind values, absolute file paths, URLs with a query, session identifiers, node identifiers, endpoint identifiers, coordinates, geometry, addresses, or catalog prices. Use allowlisted labels and coarse buckets only.",7 measured Python loops; 1 algorithms/repeated work; 4 allocations/copying
hook-diag-0243,targeted diagnostic hook,tools/test_quality_analyzer/__main__.py,TestQualityCLI._run_pipeline,stage_span,stage.wall_ns;stage.process_cpu_ns;stage.items_total;stage.calls_total;stage.errors_total,Measure one named pipeline stage from its start through its completion mark.,file;symbol;stage;result;workload_size,"Record every stage. Use the fixed stage list. Bucket the workload size as small, medium, or large.",Keep at most one active stage timer for each pipeline run.,"Do not record credentials, tokens, request or response bodies, SQL text, bind values, absolute file paths, URLs with a query, session identifiers, node identifiers, endpoint identifiers, coordinates, geometry, addresses, or catalog prices. Use allowlisted labels and coarse buckets only.",1 algorithms/repeated work; 2 I/O/sequential batching; 7 measured Python loops
hook-diag-0244,targeted diagnostic hook,tools/test_quality_analyzer/detection/missing_edge_case.py,MissingEdgeCaseDetector._collect_test_call_arg_literals,loop_counter,loop.iterations_total;loop.items_total;loop.wall_ns;loop.process_cpu_ns;loop.skipped_total,"Measure the complete loop, not one iteration. Count the iterations and the produced items.",file;symbol;loop_name;result;workload_size,Record one aggregate event for each loop execution. Bucket the iteration count. Never emit an event for each iteration.,Increment a local integer inside the loop. Read the clock once before the loop and once after it.,"Do not record credentials, tokens, request or response bodies, SQL text, bind values, absolute file paths, URLs with a query, session identifiers, node identifiers, endpoint identifiers, coordinates, geometry, addresses, or catalog prices. Use allowlisted labels and coarse buckets only.",7 measured Python loops; 1 algorithms/repeated work; 4 allocations/copying
hook-diag-0245,targeted diagnostic hook,tools/test_quality_analyzer/detection/missing_edge_case.py,MissingEdgeCaseDetector.detect,compute_span,compute.wall_ns;compute.process_cpu_ns;compute.items_total;compute.iterations_total;compute.errors_total,Measure the solver or calculation from its validated input through its returned result. Keep database and transport time outside this span.,file;symbol;algorithm;result;workload_size,Record the outer call only. Bucket the input size. Do not time each iteration of an inner loop.,Use one outer timer pair. Use cProfile or a supported sampler for the per-function split in a separate diagnostic run.,"Do not record credentials, tokens, request or response bodies, SQL text, bind values, absolute file paths, URLs with a query, session identifiers, node identifiers, endpoint identifiers, coordinates, geometry, addresses, or catalog prices. Use allowlisted labels and coarse buckets only.",1 algorithms/repeated work; 3 data structures; 7 measured Python loops
hook-diag-0246,targeted diagnostic hook,tools/test_quality_analyzer/detection/tautological.py,TautologicalTestDetector.detect,loop_counter,loop.iterations_total;loop.items_total;loop.wall_ns;loop.process_cpu_ns;loop.skipped_total,"Measure the complete loop, not one iteration. Count the iterations and the produced items.",file;symbol;loop_name;result;workload_size,Record one aggregate event for each loop execution. Bucket the iteration count. Never emit an event for each iteration.,Increment a local integer inside the loop. Read the clock once before the loop and once after it.,"Do not record credentials, tokens, request or response bodies, SQL text, bind values, absolute file paths, URLs with a query, session identifiers, node identifiers, endpoint identifiers, coordinates, geometry, addresses, or catalog prices. Use allowlisted labels and coarse buckets only.",7 measured Python loops; 1 algorithms/repeated work; 4 allocations/copying
hook-diag-0247,targeted diagnostic hook,tools/test_quality_analyzer/detection/untested.py,UntestedDetector._diff_public_functions,loop_counter,loop.iterations_total;loop.items_total;loop.wall_ns;loop.process_cpu_ns;loop.skipped_total,"Measure the complete loop, not one iteration. Count the iterations and the produced items.",file;symbol;loop_name;result;workload_size,Record one aggregate event for each loop execution. Bucket the iteration count. Never emit an event for each iteration.,Increment a local integer inside the loop. Read the clock once before the loop and once after it.,"Do not record credentials, tokens, request or response bodies, SQL text, bind values, absolute file paths, URLs with a query, session identifiers, node identifiers, endpoint identifiers, coordinates, geometry, addresses, or catalog prices. Use allowlisted labels and coarse buckets only.",7 measured Python loops; 1 algorithms/repeated work; 4 allocations/copying
hook-diag-0248,targeted diagnostic hook,tools/test_quality_analyzer/detection/untested.py,UntestedDetector.emit_findings,loop_counter,loop.iterations_total;loop.items_total;loop.wall_ns;loop.process_cpu_ns;loop.skipped_total,"Measure the complete loop, not one iteration. Count the iterations and the produced items.",file;symbol;loop_name;result;workload_size,Record one aggregate event for each loop execution. Bucket the iteration count. Never emit an event for each iteration.,Increment a local integer inside the loop. Read the clock once before the loop and once after it.,"Do not record credentials, tokens, request or response bodies, SQL text, bind values, absolute file paths, URLs with a query, session identifiers, node identifiers, endpoint identifiers, coordinates, geometry, addresses, or catalog prices. Use allowlisted labels and coarse buckets only.",7 measured Python loops; 1 algorithms/repeated work; 4 allocations/copying
hook-diag-0249,targeted diagnostic hook,tools/test_quality_analyzer/detection/weak_assertion.py,WeakAssertionDetector._analyze_function,allocation_trace,mem.traced_current_bytes;mem.traced_peak_bytes;mem.blocks_total;mem.top_sites_json,Take a tracemalloc snapshot before and after the measured build. Report traced Python bytes only.,file;symbol;workload_name;workload_size;state,Run only in a bounded diagnostic session. Do not enable tracemalloc in normal service operation.,Start and stop tracing in one bounded session. Measure timing in a separate run without tracing.,"Do not record credentials, tokens, request or response bodies, SQL text, bind values, absolute file paths, URLs with a query, session identifiers, node identifiers, endpoint identifiers, coordinates, geometry, addresses, or catalog prices. Use allowlisted labels and coarse buckets only.",4 allocations/copying; 3 data structures; 8 object layout/GC
hook-diag-0250,targeted diagnostic hook,tools/test_quality_analyzer/detection/weak_assertion.py,WeakAssertionDetector.detect,loop_counter,loop.iterations_total;loop.items_total;loop.wall_ns;loop.process_cpu_ns;loop.skipped_total,"Measure the complete loop, not one iteration. Count the iterations and the produced items.",file;symbol;loop_name;result;workload_size,Record one aggregate event for each loop execution. Bucket the iteration count. Never emit an event for each iteration.,Increment a local integer inside the loop. Read the clock once before the loop and once after it.,"Do not record credentials, tokens, request or response bodies, SQL text, bind values, absolute file paths, URLs with a query, session identifiers, node identifiers, endpoint identifiers, coordinates, geometry, addresses, or catalog prices. Use allowlisted labels and coarse buckets only.",7 measured Python loops; 1 algorithms/repeated work; 4 allocations/copying
hook-diag-0251,targeted diagnostic hook,tools/test_quality_analyzer/discovery.py,TestFileDiscoverer.discover,loop_counter,loop.iterations_total;loop.items_total;loop.wall_ns;loop.process_cpu_ns;loop.skipped_total,"Measure the complete loop, not one iteration. Count the iterations and the produced items.",file;symbol;loop_name;result;workload_size,Record one aggregate event for each loop execution. Bucket the iteration count. Never emit an event for each iteration.,Increment a local integer inside the loop. Read the clock once before the loop and once after it.,"Do not record credentials, tokens, request or response bodies, SQL text, bind values, absolute file paths, URLs with a query, session identifiers, node identifiers, endpoint identifiers, coordinates, geometry, addresses, or catalog prices. Use allowlisted labels and coarse buckets only.",7 measured Python loops; 1 algorithms/repeated work; 4 allocations/copying
hook-diag-0252,targeted diagnostic hook,tools/test_quality_analyzer/reporting.py,MarkdownRenderer.render,loop_counter,loop.iterations_total;loop.items_total;loop.wall_ns;loop.process_cpu_ns;loop.skipped_total,"Measure the complete loop, not one iteration. Count the iterations and the produced items.",file;symbol;loop_name;result;workload_size,Record one aggregate event for each loop execution. Bucket the iteration count. Never emit an event for each iteration.,Increment a local integer inside the loop. Read the clock once before the loop and once after it.,"Do not record credentials, tokens, request or response bodies, SQL text, bind values, absolute file paths, URLs with a query, session identifiers, node identifiers, endpoint identifiers, coordinates, geometry, addresses, or catalog prices. Use allowlisted labels and coarse buckets only.",7 measured Python loops; 1 algorithms/repeated work; 4 allocations/copying
hook-diag-0253,targeted diagnostic hook,tools/test_quality_analyzer/reporting.py,ReportBuilder._check_object,loop_counter,loop.iterations_total;loop.items_total;loop.wall_ns;loop.process_cpu_ns;loop.skipped_total,"Measure the complete loop, not one iteration. Count the iterations and the produced items.",file;symbol;loop_name;result;workload_size,Record one aggregate event for each loop execution. Bucket the iteration count. Never emit an event for each iteration.,Increment a local integer inside the loop. Read the clock once before the loop and once after it.,"Do not record credentials, tokens, request or response bodies, SQL text, bind values, absolute file paths, URLs with a query, session identifiers, node identifiers, endpoint identifiers, coordinates, geometry, addresses, or catalog prices. Use allowlisted labels and coarse buckets only.",7 measured Python loops; 1 algorithms/repeated work; 4 allocations/copying
hook-diag-0254,targeted diagnostic hook,tools/test_quality_analyzer/reporting.py,ReportBuilder._validate_node,loop_counter,loop.iterations_total;loop.items_total;loop.wall_ns;loop.process_cpu_ns;loop.skipped_total,"Measure the complete loop, not one iteration. Count the iterations and the produced items.",file;symbol;loop_name;result;workload_size,Record one aggregate event for each loop execution. Bucket the iteration count. Never emit an event for each iteration.,Increment a local integer inside the loop. Read the clock once before the loop and once after it.,"Do not record credentials, tokens, request or response bodies, SQL text, bind values, absolute file paths, URLs with a query, session identifiers, node identifiers, endpoint identifiers, coordinates, geometry, addresses, or catalog prices. Use allowlisted labels and coarse buckets only.",7 measured Python loops; 1 algorithms/repeated work; 4 allocations/copying
hook-diag-0255,targeted diagnostic hook,web_portal/routes/dashboard.py,_scan_data_summary,loop_counter,loop.iterations_total;loop.items_total;loop.wall_ns;loop.process_cpu_ns;loop.skipped_total,"Measure the complete loop, not one iteration. Count the iterations and the produced items.",file;symbol;loop_name;result;workload_size,Record one aggregate event for each loop execution. Bucket the iteration count. Never emit an event for each iteration.,Increment a local integer inside the loop. Read the clock once before the loop and once after it.,"Do not record credentials, tokens, request or response bodies, SQL text, bind values, absolute file paths, URLs with a query, session identifiers, node identifiers, endpoint identifiers, coordinates, geometry, addresses, or catalog prices. Use allowlisted labels and coarse buckets only.",7 measured Python loops; 1 algorithms/repeated work; 4 allocations/copying
hook-diag-0256,targeted diagnostic hook,web_portal/routes/operations.py,_build_replay,loop_counter,loop.iterations_total;loop.items_total;loop.wall_ns;loop.process_cpu_ns;loop.skipped_total,"Measure the complete loop, not one iteration. Count the iterations and the produced items.",file;symbol;loop_name;result;workload_size,Record one aggregate event for each loop execution. Bucket the iteration count. Never emit an event for each iteration.,Increment a local integer inside the loop. Read the clock once before the loop and once after it.,"Do not record credentials, tokens, request or response bodies, SQL text, bind values, absolute file paths, URLs with a query, session identifiers, node identifiers, endpoint identifiers, coordinates, geometry, addresses, or catalog prices. Use allowlisted labels and coarse buckets only.",7 measured Python loops; 1 algorithms/repeated work; 4 allocations/copying
hook-diag-0257,targeted diagnostic hook,web_portal/services/config.py,PortalConfigLoader.parse_networks,loop_counter,loop.iterations_total;loop.items_total;loop.wall_ns;loop.process_cpu_ns;loop.skipped_total,"Measure the complete loop, not one iteration. Count the iterations and the produced items.",file;symbol;loop_name;result;workload_size,Record one aggregate event for each loop execution. Bucket the iteration count. Never emit an event for each iteration.,Increment a local integer inside the loop. Read the clock once before the loop and once after it.,"Do not record credentials, tokens, request or response bodies, SQL text, bind values, absolute file paths, URLs with a query, session identifiers, node identifiers, endpoint identifiers, coordinates, geometry, addresses, or catalog prices. Use allowlisted labels and coarse buckets only.",7 measured Python loops; 1 algorithms/repeated work; 4 allocations/copying
hook-diag-0258,targeted diagnostic hook,web_portal/services/data_browser.py,DataBrowserService._json_to_rows,loop_counter,loop.iterations_total;loop.items_total;loop.wall_ns;loop.process_cpu_ns;loop.skipped_total,"Measure the complete loop, not one iteration. Count the iterations and the produced items.",file;symbol;loop_name;result;workload_size,Record one aggregate event for each loop execution. Bucket the iteration count. Never emit an event for each iteration.,Increment a local integer inside the loop. Read the clock once before the loop and once after it.,"Do not record credentials, tokens, request or response bodies, SQL text, bind values, absolute file paths, URLs with a query, session identifiers, node identifiers, endpoint identifiers, coordinates, geometry, addresses, or catalog prices. Use allowlisted labels and coarse buckets only.",7 measured Python loops; 1 algorithms/repeated work; 4 allocations/copying
hook-diag-0259,targeted diagnostic hook,web_portal/services/operation.py,OperationExecutor.stop_operation,compute_span,compute.wall_ns;compute.process_cpu_ns;compute.items_total;compute.iterations_total;compute.errors_total,Measure the solver or calculation from its validated input through its returned result. Keep database and transport time outside this span.,file;symbol;algorithm;result;workload_size,Record the outer call only. Bucket the input size. Do not time each iteration of an inner loop.,Use one outer timer pair. Use cProfile or a supported sampler for the per-function split in a separate diagnostic run.,"Do not record credentials, tokens, request or response bodies, SQL text, bind values, absolute file paths, URLs with a query, session identifiers, node identifiers, endpoint identifiers, coordinates, geometry, addresses, or catalog prices. Use allowlisted labels and coarse buckets only.",1 algorithms/repeated work; 3 data structures; 7 measured Python loops
hook-diag-0260,targeted diagnostic hook,web_portal/services/operation.py,_build_registry,allocation_trace,mem.traced_current_bytes;mem.traced_peak_bytes;mem.blocks_total;mem.top_sites_json,Take a tracemalloc snapshot before and after the measured build. Report traced Python bytes only.,file;symbol;workload_name;workload_size;state,Run only in a bounded diagnostic session. Do not enable tracemalloc in normal service operation.,Start and stop tracing in one bounded session. Measure timing in a separate run without tracing.,"Do not record credentials, tokens, request or response bodies, SQL text, bind values, absolute file paths, URLs with a query, session identifiers, node identifiers, endpoint identifiers, coordinates, geometry, addresses, or catalog prices. Use allowlisted labels and coarse buckets only.",4 allocations/copying; 3 data structures; 8 object layout/GC
